game_play_id,season,kept_out_of_validation
2018090600_1085,2018,0
2018090600_1202,2018,0
2018090600_1344,2018,0
2018090600_146,2018,0
2018090600_1473,2018,0
2018090600_1546,2018,0
2018090600_1628,2018,0
2018090600_168,2018,0
2018090600_1680,2018,0
2018090600_1750,2018,0
2018090600_1779,2018,0
2018090600_1869,2018,0
2018090600_1894,2018,0
2018090600_190,2018,0
2018090600_1916,2018,0
2018090600_2055,2018,0
2018090600_2116,2018,0
2018090600_2260,2018,0
2018090600_2360,2018,0
2018090600_2382,2018,0
2018090600_2474,2018,0
2018090600_2575,2018,0
2018090600_2624,2018,0
2018090600_2648,2018,0
2018090600_2693,2018,0
2018090600_2764,2018,0
2018090600_2811,2018,0
2018090600_2980,2018,0
2018090600_3066,2018,0
2018090600_3095,2018,0
2018090600_3181,2018,0
2018090600_320,2018,0
2018090600_3203,2018,0
2018090600_3279,2018,0
2018090600_344,2018,0
2018090600_3481,2018,0
2018090600_3507,2018,0
2018090600_3678,2018,0
2018090600_3791,2018,0
2018090600_3844,2018,0
2018090600_3904,2018,0
2018090600_3928,2018,0
2018090600_3950,2018,0
2018090600_3979,2018,0
2018090600_402,2018,0
2018090600_4142,2018,0
2018090600_4166,2018,0
2018090600_4258,2018,0
2018090600_75,2018,0
2018090600_752,2018,0
2018090600_889,2018,0
2018090600_949,2018,0
2018090600_992,2018,0
2018090900_1161,2018,0
2018090900_1204,2018,0
2018090900_1260,2018,0
2018090900_1338,2018,0
2018090900_1425,2018,0
2018090900_1713,2018,0
2018090900_1737,2018,0
2018090900_1823,2018,0
2018090900_186,2018,0
2018090900_1869,2018,0
2018090900_1906,2018,1
2018090900_2037,2018,0
2018090900_210,2018,0
2018090900_2119,2018,0
2018090900_2199,2018,0
2018090900_2223,2018,0
2018090900_2264,2018,0
2018090900_2288,2018,0
2018090900_2312,2018,0
2018090900_232,2018,0
2018090900_2353,2018,0
2018090900_2377,2018,0
2018090900_2572,2018,0
2018090900_2646,2018,0
2018090900_2732,2018,0
2018090900_2821,2018,0
2018090900_2845,2018,0
2018090900_313,2018,1
2018090900_3607,2018,0
2018090900_3629,2018,0
2018090900_3680,2018,0
2018090900_3702,2018,0
2018090900_3748,2018,0
2018090900_3784,2018,0
2018090900_3829,2018,0
2018090900_4093,2018,0
2018090900_4260,2018,0
2018090900_444,2018,0
2018090900_4527,2018,0
2018090900_531,2018,0
2018090900_553,2018,0
2018090900_600,2018,0
2018090900_622,2018,0
2018090900_646,2018,0
2018090900_71,2018,0
2018090900_720,2018,0
2018090900_797,2018,1
2018090900_853,2018,0
2018090900_877,2018,0
2018090900_901,2018,0
2018090900_947,2018,0
2018090900_95,2018,0
2018090901_1112,2018,0
2018090901_1136,2018,0
2018090901_1177,2018,0
2018090901_1306,2018,0
2018090901_1330,2018,0
2018090901_1516,2018,0
2018090901_1563,2018,0
2018090901_157,2018,0
2018090901_1742,2018,0
2018090901_1766,2018,0
2018090901_1849,2018,0
2018090901_1912,2018,0
2018090901_2324,2018,0
2018090901_2522,2018,0
2018090901_2570,2018,0
2018090901_2757,2018,0
2018090901_2841,2018,0
2018090901_2863,2018,0
2018090901_291,2018,0
2018090901_3079,2018,0
2018090901_3143,2018,0
2018090901_3267,2018,0
2018090901_3325,2018,0
2018090901_339,2018,0
2018090901_3482,2018,0
2018090901_3552,2018,0
2018090901_3600,2018,0
2018090901_3622,2018,0
2018090901_405,2018,0
2018090901_4267,2018,0
2018090901_4289,2018,0
2018090901_4311,2018,0
2018090901_439,2018,0
2018090901_4438,2018,0
2018090901_4495,2018,0
2018090901_4596,2018,0
2018090901_4620,2018,0
2018090901_4688,2018,0
2018090901_4809,2018,0
2018090901_4924,2018,0
2018090901_5150,2018,0
2018090901_5211,2018,0
2018090901_523,2018,0
2018090901_5233,2018,0
2018090901_5276,2018,0
2018090901_635,2018,0
2018090901_704,2018,0
2018090901_854,2018,0
2018090902_1011,2018,0
2018090902_1085,2018,0
2018090902_1182,2018,0
2018090902_1206,2018,0
2018090902_1472,2018,0
2018090902_1517,2018,0
2018090902_1614,2018,0
2018090902_163,2018,0
2018090902_1815,2018,0
2018090902_1839,2018,0
2018090902_1863,2018,0
2018090902_2002,2018,0
2018090902_210,2018,0
2018090902_2166,2018,0
2018090902_2316,2018,0
2018090902_2382,2018,0
2018090902_2406,2018,0
2018090902_2527,2018,0
2018090902_2558,2018,0
2018090902_260,2018,0
2018090902_2686,2018,0
2018090902_2710,2018,0
2018090902_2739,2018,0
2018090902_2824,2018,0
2018090902_2933,2018,0
2018090902_2955,2018,0
2018090902_305,2018,0
2018090902_3113,2018,0
2018090902_3299,2018,0
2018090902_350,2018,0
2018090902_3597,2018,0
2018090902_3674,2018,0
2018090902_372,2018,0
2018090902_3727,2018,0
2018090902_3751,2018,0
2018090902_3851,2018,0
2018090902_3907,2018,0
2018090902_3986,2018,0
2018090902_4055,2018,0
2018090902_4120,2018,0
2018090902_4144,2018,0
2018090902_4197,2018,0
2018090902_4300,2018,0
2018090902_437,2018,0
2018090902_575,2018,0
2018090902_695,2018,0
2018090902_797,2018,0
2018090902_81,2018,0
2018090902_821,2018,0
2018090902_845,2018,0
2018090902_885,2018,0
2018090902_989,2018,0
2018090903_1146,2018,0
2018090903_1336,2018,0
2018090903_149,2018,0
2018090903_1585,2018,0
2018090903_194,2018,0
2018090903_2064,2018,0
2018090903_2230,2018,0
2018090903_2267,2018,0
2018090903_2509,2018,0
2018090903_2834,2018,0
2018090903_2894,2018,0
2018090903_3029,2018,0
2018090903_3086,2018,0
2018090903_3117,2018,0
2018090903_3139,2018,0
2018090903_3264,2018,0
2018090903_333,2018,0
2018090903_3349,2018,0
2018090903_3371,2018,0
2018090903_3485,2018,0
2018090903_3661,2018,0
2018090903_3728,2018,0
2018090903_3755,2018,0
2018090903_3777,2018,0
2018090903_3801,2018,0
2018090903_3840,2018,0
2018090903_3999,2018,0
2018090903_4028,2018,0
2018090903_4050,2018,0
2018090903_4072,2018,0
2018090903_4096,2018,0
2018090903_424,2018,0
2018090903_451,2018,0
2018090903_596,2018,0
2018090903_762,2018,0
2018090903_79,2018,0
2018090903_813,2018,0
2018090903_837,2018,0
2018090903_878,2018,0
2018090905_1047,2018,0
2018090905_1138,2018,0
2018090905_1247,2018,0
2018090905_1269,2018,0
2018090905_1356,2018,0
2018090905_1441,2018,0
2018090905_1465,2018,0
2018090905_1511,2018,0
2018090905_1533,2018,0
2018090905_1646,2018,0
2018090905_1689,2018,0
2018090905_1951,2018,0
2018090905_2345,2018,0
2018090905_2369,2018,0
2018090905_2433,2018,0
2018090905_2516,2018,0
2018090905_2557,2018,0
2018090905_2710,2018,0
2018090905_2777,2018,0
2018090905_2949,2018,0
2018090905_313,2018,0
2018090905_3218,2018,0
2018090905_3242,2018,0
2018090905_3305,2018,0
2018090905_3371,2018,0
2018090905_3395,2018,0
2018090905_3621,2018,0
2018090905_377,2018,0
2018090905_406,2018,0
2018090905_4330,2018,0
2018090905_4385,2018,0
2018090905_451,2018,0
2018090905_475,2018,0
2018090905_628,2018,0
2018090905_906,2018,0
2018090906_1027,2018,0
2018090906_1326,2018,0
2018090906_142,2018,0
2018090906_1493,2018,0
2018090906_1799,2018,0
2018090906_1823,2018,0
2018090906_1851,2018,0
2018090906_1927,2018,0
2018090906_1949,2018,0
2018090906_2020,2018,0
2018090906_2261,2018,0
2018090906_2310,2018,0
2018090906_2409,2018,0
2018090906_2607,2018,0
2018090906_2648,2018,0
2018090906_2812,2018,0
2018090906_284,2018,0
2018090906_2923,2018,0
2018090906_2981,2018,0
2018090906_3051,2018,0
2018090906_3143,2018,0
2018090906_3167,2018,0
2018090906_3195,2018,0
2018090906_3223,2018,0
2018090906_3311,2018,0
2018090906_3335,2018,0
2018090906_3363,2018,0
2018090906_3466,2018,0
2018090906_354,2018,0
2018090906_3570,2018,0
2018090906_3594,2018,0
2018090906_3708,2018,0
2018090906_3732,2018,0
2018090906_3754,2018,0
2018090906_3776,2018,0
2018090906_4116,2018,0
2018090906_4140,2018,0
2018090906_4173,2018,0
2018090906_4201,2018,0
2018090906_480,2018,0
2018090906_58,2018,0
2018090906_604,2018,0
2018090906_868,2018,0
2018090906_87,2018,0
2018090907_1050,2018,0
2018090907_1177,2018,0
2018090907_1268,2018,0
2018090907_1292,2018,0
2018090907_1316,2018,0
2018090907_1358,2018,0
2018090907_1537,2018,0
2018090907_1597,2018,0
2018090907_1638,2018,0
2018090907_1785,2018,0
2018090907_2021,2018,0
2018090907_2096,2018,0
2018090907_2141,2018,0
2018090907_2200,2018,0
2018090907_2324,2018,0
2018090907_2418,2018,0
2018090907_2463,2018,0
2018090907_248,2018,0
2018090907_2511,2018,0
2018090907_270,2018,0
2018090907_2744,2018,0
2018090907_2853,2018,0
2018090907_3033,2018,0
2018090907_3055,2018,0
2018090907_3122,2018,0
2018090907_3171,2018,0
2018090907_3332,2018,0
2018090907_3430,2018,0
2018090907_3475,2018,0
2018090907_3522,2018,0
2018090907_3567,2018,0
2018090907_3755,2018,0
2018090907_3826,2018,0
2018090907_3895,2018,0
2018090907_3955,2018,0
2018090907_498,2018,0
2018090907_584,2018,0
2018090907_686,2018,0
2018090907_710,2018,0
2018090907_79,2018,0
2018090907_936,2018,0
2018090907_960,2018,0
2018090909_1005,2018,0
2018090909_1071,2018,0
2018090909_114,2018,0
2018090909_1218,2018,0
2018090909_1351,2018,0
2018090909_1446,2018,0
2018090909_1470,2018,0
2018090909_1559,2018,0
2018090909_157,2018,0
2018090909_1583,2018,0
2018090909_1722,2018,0
2018090909_1899,2018,0
2018090909_1944,2018,0
2018090909_1968,2018,0
2018090909_2062,2018,0
2018090909_2084,2018,0
2018090909_2180,2018,0
2018090909_2225,2018,0
2018090909_225,2018,0
2018090909_2319,2018,0
2018090909_2430,2018,0
2018090909_249,2018,0
2018090909_2618,2018,0
2018090909_2699,2018,0
2018090909_2766,2018,0
2018090909_2809,2018,0
2018090909_2974,2018,0
2018090909_2996,2018,0
2018090909_3067,2018,0
2018090909_3138,2018,0
2018090909_3162,2018,0
2018090909_3228,2018,0
2018090909_3273,2018,0
2018090909_3297,2018,0
2018090909_3366,2018,0
2018090909_3731,2018,0
2018090909_3755,2018,0
2018090909_3801,2018,0
2018090909_3835,2018,0
2018090909_387,2018,0
2018090909_3916,2018,0
2018090909_3956,2018,0
2018090909_3978,2018,0
2018090909_4002,2018,0
2018090909_4026,2018,0
2018090909_4050,2018,0
2018090909_453,2018,0
2018090909_556,2018,0
2018090909_784,2018,0
2018090909_851,2018,0
2018090910_1025,2018,0
2018090910_1155,2018,0
2018090910_1381,2018,0
2018090910_1467,2018,0
2018090910_1491,2018,0
2018090910_1536,2018,0
2018090910_1560,2018,0
2018090910_1764,2018,0
2018090910_1865,2018,0
2018090910_191,2018,0
2018090910_2136,2018,0
2018090910_2204,2018,0
2018090910_2226,2018,0
2018090910_2309,2018,0
2018090910_2344,2018,0
2018090910_2434,2018,0
2018090910_2580,2018,0
2018090910_2604,2018,0
2018090910_2649,2018,0
2018090910_2729,2018,0
2018090910_2753,2018,0
2018090910_2797,2018,0
2018090910_2863,2018,0
2018090910_3082,2018,0
2018090910_3106,2018,0
2018090910_3130,2018,0
2018090910_3171,2018,0
2018090910_3333,2018,0
2018090910_3434,2018,0
2018090910_3502,2018,0
2018090910_3526,2018,0
2018090910_3657,2018,0
2018090910_3702,2018,0
2018090910_3726,2018,0
2018090910_3883,2018,0
2018090910_477,2018,0
2018090910_499,2018,0
2018090910_676,2018,0
2018090910_725,2018,0
2018090910_784,2018,0
2018090910_894,2018,0
2018090912_1259,2018,0
2018090912_137,2018,0
2018090912_1395,2018,0
2018090912_1555,2018,0
2018090912_1617,2018,0
2018090912_1639,2018,0
2018090912_1724,2018,0
2018090912_1837,2018,0
2018090912_1882,2018,0
2018090912_1939,2018,0
2018090912_1963,2018,0
2018090912_2030,2018,0
2018090912_2115,2018,0
2018090912_2282,2018,0
2018090912_2348,2018,0
2018090912_2372,2018,0
2018090912_2417,2018,0
2018090912_242,2018,0
2018090912_2439,2018,0
2018090912_2519,2018,0
2018090912_2635,2018,0
2018090912_266,2018,0
2018090912_2724,2018,0
2018090912_2748,2018,0
2018090912_2868,2018,0
2018090912_2934,2018,0
2018090912_2982,2018,0
2018090912_3006,2018,0
2018090912_3030,2018,0
2018090912_3081,2018,0
2018090912_316,2018,0
2018090912_3271,2018,0
2018090912_3520,2018,0
2018090912_3542,2018,0
2018090912_3564,2018,0
2018090912_3674,2018,0
2018090912_3726,2018,0
2018090912_3805,2018,0
2018090912_402,2018,0
2018090912_4043,2018,0
2018090912_503,2018,0
2018090912_697,2018,0
2018090912_732,2018,0
2018090912_795,2018,0
2018090912_93,2018,0
2018091000_1029,2018,0
2018091000_1186,2018,0
2018091000_1210,2018,0
2018091000_1254,2018,0
2018091000_1300,2018,0
2018091000_1362,2018,0
2018091000_1451,2018,0
2018091000_1501,2018,0
2018091000_1610,2018,0
2018091000_1672,2018,0
2018091000_1753,2018,0
2018091000_1782,2018,0
2018091000_1840,2018,0
2018091000_1864,2018,0
2018091000_1888,2018,0
2018091000_1927,2018,0
2018091000_2153,2018,0
2018091000_2201,2018,0
2018091000_2258,2018,0
2018091000_2357,2018,0
2018091000_242,2018,0
2018091000_2495,2018,0
2018091000_2579,2018,0
2018091000_2604,2018,0
2018091000_2713,2018,0
2018091000_2735,2018,0
2018091000_2880,2018,0
2018091000_2968,2018,0
2018091000_2992,2018,0
2018091000_3016,2018,0
2018091000_3127,2018,0
2018091000_3151,2018,0
2018091000_3175,2018,0
2018091000_3216,2018,0
2018091000_3240,2018,0
2018091000_3269,2018,0
2018091000_3298,2018,0
2018091000_3323,2018,0
2018091000_3345,2018,0
2018091000_3369,2018,0
2018091000_3393,2018,0
2018091000_3415,2018,0
2018091000_3437,2018,0
2018091000_3549,2018,0
2018091000_3602,2018,0
2018091000_3632,2018,0
2018091000_426,2018,0
2018091000_494,2018,0
2018091000_60,2018,0
2018091000_716,2018,0
2018091000_738,2018,0
2018091000_785,2018,0
2018091001_1151,2018,0
2018091001_124,2018,0
2018091001_1280,2018,0
2018091001_1372,2018,0
2018091001_1441,2018,0
2018091001_1673,2018,0
2018091001_1695,2018,0
2018091001_1780,2018,0
2018091001_1843,2018,0
2018091001_1867,2018,0
2018091001_1891,2018,0
2018091001_1946,2018,0
2018091001_1970,2018,0
2018091001_1994,2018,0
2018091001_2035,2018,0
2018091001_2089,2018,0
2018091001_2280,2018,0
2018091001_235,2018,0
2018091001_2514,2018,0
2018091001_2553,2018,0
2018091001_2715,2018,0
2018091001_2737,2018,0
2018091001_2897,2018,0
2018091001_2921,2018,0
2018091001_2945,2018,0
2018091001_3099,2018,0
2018091001_3151,2018,0
2018091001_3175,2018,0
2018091001_3199,2018,0
2018091001_3223,2018,0
2018091001_3293,2018,0
2018091001_3315,2018,0
2018091001_3339,2018,0
2018091001_3361,2018,0
2018091001_3463,2018,0
2018091001_3487,2018,0
2018091001_3511,2018,0
2018091001_3580,2018,0
2018091001_3602,2018,0
2018091001_3626,2018,0
2018091001_3715,2018,0
2018091001_3904,2018,0
2018091001_3928,2018,0
2018091001_3952,2018,0
2018091001_3976,2018,0
2018091001_4123,2018,0
2018091001_4147,2018,0
2018091001_4192,2018,0
2018091001_451,2018,0
2018091001_475,2018,0
2018091001_524,2018,0
2018091001_556,2018,0
2018091001_580,2018,0
2018091001_604,2018,0
2018091001_694,2018,0
2018091001_915,2018,0
2018091001_939,2018,0
2018091300_1090,2018,0
2018091300_1114,2018,0
2018091300_1188,2018,0
2018091300_1345,2018,0
2018091300_1452,2018,0
2018091300_1474,2018,0
2018091300_1561,2018,0
2018091300_1585,2018,0
2018091300_1630,2018,0
2018091300_181,2018,0
2018091300_1926,2018,0
2018091300_2029,2018,0
2018091300_2108,2018,0
2018091300_2130,2018,0
2018091300_215,2018,0
2018091300_2196,2018,0
2018091300_2373,2018,0
2018091300_2395,2018,0
2018091300_2443,2018,0
2018091300_2484,2018,0
2018091300_2506,2018,0
2018091300_2547,2018,0
2018091300_2826,2018,0
2018091300_2850,2018,0
2018091300_2908,2018,0
2018091300_2934,2018,0
2018091300_2979,2018,0
2018091300_3055,2018,0
2018091300_3147,2018,0
2018091300_3192,2018,0
2018091300_3239,2018,0
2018091300_3301,2018,1
2018091300_3351,2018,0
2018091300_3375,2018,0
2018091300_3397,2018,0
2018091300_3421,2018,0
2018091300_345,2018,0
2018091300_3487,2018,0
2018091300_3530,2018,0
2018091300_3595,2018,0
2018091300_3640,2018,0
2018091300_3685,2018,0
2018091300_371,2018,0
2018091300_3722,2018,0
2018091300_3746,2018,0
2018091300_3832,2018,0
2018091300_3873,2018,0
2018091300_3895,2018,0
2018091300_3919,2018,0
2018091300_3943,2018,0
2018091300_4014,2018,0
2018091300_4295,2018,0
2018091300_4340,2018,0
2018091300_4436,2018,0
2018091300_4503,2018,0
2018091300_4774,2018,0
2018091300_4796,2018,0
2018091300_4818,2018,0
2018091300_4867,2018,0
2018091300_4891,2018,0
2018091300_4915,2018,0
2018091300_4967,2018,0
2018091300_4989,2018,0
2018091300_5013,2018,0
2018091300_5059,2018,0
2018091300_60,2018,0
2018091300_646,2018,0
2018091300_776,2018,0
2018091300_829,2018,0
2018091300_858,2018,0
2018091300_980,2018,0
2018091600_1073,2018,0
2018091600_1205,2018,0
2018091600_1262,2018,0
2018091600_1310,2018,0
2018091600_1512,2018,0
2018091600_1539,2018,0
2018091600_159,2018,0
2018091600_1597,2018,0
2018091600_1722,2018,0
2018091600_1751,2018,0
2018091600_1780,2018,0
2018091600_1809,2018,0
2018091600_1913,2018,0
2018091600_2010,2018,0
2018091600_2061,2018,0
2018091600_2207,2018,0
2018091600_2361,2018,0
2018091600_2406,2018,0
2018091600_2467,2018,0
2018091600_2493,2018,0
2018091600_2527,2018,0
2018091600_267,2018,0
2018091600_2717,2018,0
2018091600_2809,2018,0
2018091600_2872,2018,0
2018091600_2929,2018,0
2018091600_2979,2018,0
2018091600_3001,2018,0
2018091600_3025,2018,0
2018091600_312,2018,0
2018091600_3138,2018,0
2018091600_3183,2018,0
2018091600_3207,2018,0
2018091600_3393,2018,0
2018091600_3428,2018,0
2018091600_3506,2018,0
2018091600_3549,2018,0
2018091600_3578,2018,0
2018091600_3605,2018,0
2018091600_3629,2018,0
2018091600_3657,2018,0
2018091600_3751,2018,0
2018091600_3876,2018,0
2018091600_3900,2018,0
2018091600_3931,2018,0
2018091600_3955,2018,0
2018091600_4001,2018,0
2018091600_4023,2018,0
2018091600_415,2018,0
2018091600_506,2018,0
2018091600_530,2018,0
2018091600_656,2018,0
2018091600_727,2018,0
2018091600_751,2018,0
2018091600_798,2018,0
2018091600_860,2018,0
2018091600_93,2018,0
2018091601_1075,2018,0
2018091601_1219,2018,0
2018091601_1336,2018,0
2018091601_1389,2018,0
2018091601_1423,2018,0
2018091601_1510,2018,0
2018091601_1538,2018,0
2018091601_1587,2018,0
2018091601_1676,2018,0
2018091601_1785,2018,0
2018091601_1811,2018,1
2018091601_1835,2018,0
2018091601_1945,2018,0
2018091601_2178,2018,0
2018091601_2359,2018,0
2018091601_2459,2018,0
2018091601_2662,2018,0
2018091601_2686,2018,0
2018091601_2735,2018,0
2018091601_2838,2018,0
2018091601_2915,2018,0
2018091601_2981,2018,0
2018091601_3123,2018,0
2018091601_3151,2018,0
2018091601_3173,2018,0
2018091601_3293,2018,0
2018091601_3344,2018,0
2018091601_3482,2018,0
2018091601_357,2018,0
2018091601_3575,2018,0
2018091601_3639,2018,0
2018091601_3667,2018,0
2018091601_3863,2018,0
2018091601_3889,2018,0
2018091601_3917,2018,0
2018091601_3964,2018,0
2018091601_3992,2018,0
2018091601_400,2018,0
2018091601_4056,2018,0
2018091601_4084,2018,0
2018091601_4106,2018,0
2018091601_451,2018,0
2018091601_556,2018,0
2018091601_633,2018,0
2018091601_717,2018,0
2018091601_872,2018,0
2018091601_973,2018,0
2018091602_1024,2018,0
2018091602_1069,2018,0
2018091602_1174,2018,0
2018091602_1264,2018,0
2018091602_1308,2018,0
2018091602_1349,2018,0
2018091602_141,2018,0
2018091602_1422,2018,0
2018091602_1509,2018,0
2018091602_1603,2018,0
2018091602_1663,2018,0
2018091602_1768,2018,0
2018091602_1837,2018,0
2018091602_1910,2018,0
2018091602_1976,2018,0
2018091602_199,2018,0
2018091602_2048,2018,0
2018091602_2093,2018,0
2018091602_2136,2018,0
2018091602_2212,2018,0
2018091602_2289,2018,0
2018091602_242,2018,0
2018091602_2437,2018,0
2018091602_2478,2018,0
2018091602_2547,2018,0
2018091602_2884,2018,0
2018091602_3004,2018,0
2018091602_3180,2018,0
2018091602_3236,2018,0
2018091602_3293,2018,0
2018091602_3581,2018,0
2018091602_3626,2018,0
2018091602_3741,2018,0
2018091602_3763,2018,0
2018091602_3814,2018,0
2018091602_3838,2018,0
2018091602_3884,2018,0
2018091602_4017,2018,0
2018091602_4152,2018,0
2018091602_4201,2018,0
2018091602_426,2018,0
2018091602_4337,2018,0
2018091602_4382,2018,0
2018091602_4474,2018,0
2018091602_4527,2018,0
2018091602_4592,2018,0
2018091602_516,2018,0
2018091602_636,2018,0
2018091602_793,2018,0
2018091602_815,2018,0
2018091602_917,2018,0
2018091602_968,2018,0
2018091603_1050,2018,0
2018091603_1100,2018,0
2018091603_1149,2018,0
2018091603_1236,2018,0
2018091603_1353,2018,0
2018091603_1428,2018,0
2018091603_1465,2018,0
2018091603_1562,2018,0
2018091603_1586,2018,0
2018091603_1619,2018,0
2018091603_1652,2018,0
2018091603_1745,2018,0
2018091603_1829,2018,0
2018091603_1881,2018,0
2018091603_2320,2018,0
2018091603_2346,2018,0
2018091603_252,2018,0
2018091603_2527,2018,0
2018091603_2726,2018,0
2018091603_2855,2018,0
2018091603_2879,2018,0
2018091603_2905,2018,0
2018091603_2968,2018,0
2018091603_3300,2018,0
2018091603_3490,2018,0
2018091603_358,2018,0
2018091603_3661,2018,0
2018091603_3683,2018,0
2018091603_3707,2018,0
2018091603_3775,2018,0
2018091603_3816,2018,0
2018091603_3880,2018,0
2018091603_3904,2018,0
2018091603_4057,2018,0
2018091603_437,2018,0
2018091603_461,2018,0
2018091603_525,2018,0
2018091603_576,2018,0
2018091603_59,2018,0
2018091603_733,2018,0
2018091604_1108,2018,0
2018091604_1132,2018,0
2018091604_114,2018,0
2018091604_1154,2018,0
2018091604_1225,2018,0
2018091604_1275,2018,0
2018091604_1316,2018,0
2018091604_1484,2018,0
2018091604_1506,2018,0
2018091604_1574,2018,0
2018091604_1651,2018,0
2018091604_1675,2018,0
2018091604_1734,2018,0
2018091604_177,2018,0
2018091604_1824,2018,0
2018091604_1916,2018,0
2018091604_1938,2018,0
2018091604_1979,2018,0
2018091604_2116,2018,0
2018091604_2199,2018,0
2018091604_2336,2018,0
2018091604_2411,2018,0
2018091604_252,2018,0
2018091604_2568,2018,0
2018091604_2613,2018,0
2018091604_2635,2018,0
2018091604_2684,2018,0
2018091604_2806,2018,0
2018091604_3040,2018,0
2018091604_3064,2018,0
2018091604_3174,2018,0
2018091604_3273,2018,0
2018091604_3352,2018,0
2018091604_3392,2018,0
2018091604_3437,2018,0
2018091604_3461,2018,0
2018091604_3485,2018,0
2018091604_3514,2018,0
2018091604_3543,2018,0
2018091604_374,2018,0
2018091604_486,2018,0
2018091604_508,2018,0
2018091604_532,2018,0
2018091604_608,2018,0
2018091604_755,2018,0
2018091604_928,2018,0
2018091604_952,2018,0
2018091605_1097,2018,0
2018091605_1209,2018,0
2018091605_1297,2018,0
2018091605_1348,2018,0
2018091605_1573,2018,0
2018091605_1619,2018,0
2018091605_1647,2018,0
2018091605_1697,2018,0
2018091605_1827,2018,0
2018091605_1921,2018,0
2018091605_2001,2018,0
2018091605_2025,2018,0
2018091605_2167,2018,0
2018091605_2191,2018,0
2018091605_237,2018,0
2018091605_2430,2018,0
2018091605_2491,2018,0
2018091605_2553,2018,0
2018091605_2625,2018,0
2018091605_2670,2018,0
2018091605_2715,2018,0
2018091605_2737,2018,0
2018091605_2787,2018,0
2018091605_3057,2018,0
2018091605_309,2018,0
2018091605_3105,2018,0
2018091605_3129,2018,0
2018091605_3247,2018,0
2018091605_338,2018,0
2018091605_3616,2018,0
2018091605_3860,2018,0
2018091605_3889,2018,0
2018091605_4068,2018,0
2018091605_4155,2018,0
2018091605_4235,2018,0
2018091605_4264,2018,0
2018091605_4286,2018,0
2018091605_447,2018,0
2018091605_516,2018,0
2018091605_621,2018,0
2018091605_746,2018,0
2018091605_770,2018,0
2018091605_799,2018,0
2018091605_823,2018,0
2018091605_895,2018,0
2018091606_102,2018,0
2018091606_1066,2018,0
2018091606_1090,2018,0
2018091606_1114,2018,0
2018091606_1188,2018,0
2018091606_1229,2018,0
2018091606_1297,2018,0
2018091606_1392,2018,0
2018091606_1420,2018,0
2018091606_1465,2018,0
2018091606_147,2018,0
2018091606_1640,2018,0
2018091606_1712,2018,0
2018091606_1782,2018,0
2018091606_1806,2018,0
2018091606_1847,2018,0
2018091606_1871,2018,0
2018091606_1933,2018,0
2018091606_1995,2018,0
2018091606_2036,2018,0
2018091606_2077,2018,0
2018091606_2118,2018,0
2018091606_2142,2018,0
2018091606_2183,2018,0
2018091606_2320,2018,0
2018091606_2373,2018,0
2018091606_2529,2018,0
2018091606_2601,2018,0
2018091606_2625,2018,0
2018091606_2695,2018,0
2018091606_275,2018,0
2018091606_2761,2018,0
2018091606_2783,2018,0
2018091606_2826,2018,0
2018091606_2917,2018,0
2018091606_3083,2018,0
2018091606_3151,2018,0
2018091606_316,2018,0
2018091606_3196,2018,0
2018091606_3286,2018,0
2018091606_3310,2018,0
2018091606_3403,2018,0
2018091606_3425,2018,0
2018091606_3475,2018,0
2018091606_3499,2018,0
2018091606_3583,2018,0
2018091606_3607,2018,0
2018091606_3631,2018,0
2018091606_3655,2018,0
2018091606_400,2018,0
2018091606_491,2018,0
2018091606_639,2018,0
2018091606_717,2018,0
2018091606_901,2018,0
2018091606_972,2018,0
2018091607_1066,2018,0
2018091607_1115,2018,0
2018091607_1160,2018,0
2018091607_1410,2018,0
2018091607_1534,2018,0
2018091607_1699,2018,0
2018091607_1723,2018,0
2018091607_1764,2018,0
2018091607_2142,2018,0
2018091607_2187,2018,0
2018091607_2412,2018,0
2018091607_2483,2018,0
2018091607_2702,2018,0
2018091607_2770,2018,0
2018091607_2819,2018,0
2018091607_307,2018,0
2018091607_3075,2018,0
2018091607_3135,2018,0
2018091607_3235,2018,0
2018091607_3259,2018,0
2018091607_3400,2018,0
2018091607_3548,2018,0
2018091607_3775,2018,0
2018091607_3797,2018,0
2018091607_3821,2018,0
2018091607_3884,2018,0
2018091607_552,2018,0
2018091607_663,2018,0
2018091607_78,2018,0
2018091607_823,2018,0
2018091607_895,2018,0
2018091608_1121,2018,0
2018091608_1181,2018,0
2018091608_1209,2018,0
2018091608_1287,2018,0
2018091608_1471,2018,0
2018091608_1512,2018,0
2018091608_1569,2018,0
2018091608_1612,2018,0
2018091608_1748,2018,0
2018091608_1832,2018,0
2018091608_195,2018,0
2018091608_2032,2018,0
2018091608_2096,2018,0
2018091608_2120,2018,0
2018091608_2183,2018,0
2018091608_2378,2018,0
2018091608_2447,2018,0
2018091608_2492,2018,0
2018091608_2514,2018,0
2018091608_2609,2018,0
2018091608_2656,2018,0
2018091608_2680,2018,0
2018091608_2709,2018,0
2018091608_2928,2018,0
2018091608_2994,2018,0
2018091608_3120,2018,0
2018091608_3424,2018,0
2018091608_3525,2018,0
2018091608_3549,2018,0
2018091608_3573,2018,0
2018091608_3595,2018,0
2018091608_3619,2018,0
2018091608_3643,2018,0
2018091608_3667,2018,0
2018091608_3695,2018,0
2018091608_385,2018,0
2018091608_3859,2018,0
2018091608_3942,2018,0
2018091608_3966,2018,0
2018091608_4007,2018,0
2018091608_4069,2018,0
2018091608_4093,2018,0
2018091608_4121,2018,0
2018091608_4199,2018,0
2018091608_4223,2018,0
2018091608_566,2018,0
2018091608_662,2018,0
2018091608_79,2018,0
2018091608_799,2018,0
2018091608_822,2018,0
2018091608_846,2018,0
2018091608_996,2018,0
2018091609_1164,2018,0
2018091609_1186,2018,0
2018091609_1210,2018,0
2018091609_123,2018,0
2018091609_1255,2018,0
2018091609_1379,2018,0
2018091609_1427,2018,0
2018091609_1530,2018,0
2018091609_1577,2018,0
2018091609_1601,2018,0
2018091609_1748,2018,0
2018091609_2057,2018,0
2018091609_2102,2018,0
2018091609_2224,2018,0
2018091609_2304,2018,0
2018091609_234,2018,0
2018091609_2382,2018,0
2018091609_2551,2018,0
2018091609_258,2018,0
2018091609_2753,2018,0
2018091609_2882,2018,0
2018091609_2904,2018,0
2018091609_3145,2018,0
2018091609_3191,2018,0
2018091609_3259,2018,0
2018091609_339,2018,0
2018091609_3414,2018,0
2018091609_3498,2018,0
2018091609_3522,2018,0
2018091609_3570,2018,0
2018091609_3594,2018,0
2018091609_409,2018,0
2018091609_534,2018,0
2018091609_558,2018,0
2018091609_601,2018,0
2018091609_737,2018,0
2018091609_759,2018,0
2018091609_824,2018,0
2018091609_848,2018,0
2018091609_889,2018,0
2018091609_984,2018,0
2018091609_99,2018,0
2018091610_1071,2018,0
2018091610_1105,2018,0
2018091610_1256,2018,0
2018091610_1342,2018,0
2018091610_1465,2018,0
2018091610_1718,2018,0
2018091610_179,2018,0
2018091610_1886,2018,0
2018091610_1996,2018,0
2018091610_2018,2018,0
2018091610_2040,2018,0
2018091610_2085,2018,0
2018091610_2124,2018,0
2018091610_2157,2018,0
2018091610_2185,2018,0
2018091610_2230,2018,0
2018091610_2510,2018,0
2018091610_2655,2018,0
2018091610_2795,2018,0
2018091610_2819,2018,0
2018091610_2983,2018,0
2018091610_3007,2018,0
2018091610_3071,2018,0
2018091610_3114,2018,0
2018091610_3155,2018,0
2018091610_3292,2018,0
2018091610_3340,2018,0
2018091610_3585,2018,0
2018091610_3613,2018,0
2018091610_3683,2018,0
2018091610_3919,2018,0
2018091610_3952,2018,0
2018091610_4019,2018,0
2018091610_4078,2018,0
2018091610_4102,2018,0
2018091610_4128,2018,0
2018091610_4156,2018,0
2018091610_4178,2018,0
2018091610_4247,2018,0
2018091610_4269,2018,0
2018091610_4332,2018,0
2018091610_4615,2018,0
2018091610_4668,2018,0
2018091610_4697,2018,0
2018091610_4725,2018,0
2018091610_516,2018,0
2018091610_566,2018,0
2018091610_60,2018,0
2018091610_823,2018,0
2018091610_872,2018,0
2018091611_1157,2018,0
2018091611_1555,2018,0
2018091611_1579,2018,0
2018091611_1603,2018,0
2018091611_164,2018,0
2018091611_1742,2018,0
2018091611_1880,2018,0
2018091611_2042,2018,0
2018091611_209,2018,0
2018091611_2288,2018,0
2018091611_2462,2018,0
2018091611_2590,2018,0
2018091611_2636,2018,0
2018091611_2788,2018,0
2018091611_2943,2018,0
2018091611_3029,2018,0
2018091611_3053,2018,0
2018091611_3141,2018,0
2018091611_3221,2018,0
2018091611_356,2018,0
2018091611_3861,2018,0
2018091611_3950,2018,0
2018091611_488,2018,0
2018091611_528,2018,0
2018091611_571,2018,0
2018091611_642,2018,0
2018091611_72,2018,0
2018091611_744,2018,0
2018091611_822,2018,0
2018091611_846,2018,0
2018091611_874,2018,0
2018091611_96,2018,0
2018091611_998,2018,0
2018091612_1109,2018,0
2018091612_1157,2018,0
2018091612_1271,2018,0
2018091612_1295,2018,0
2018091612_130,2018,0
2018091612_1340,2018,0
2018091612_1435,2018,0
2018091612_154,2018,0
2018091612_1583,2018,0
2018091612_1713,2018,0
2018091612_2246,2018,0
2018091612_2496,2018,0
2018091612_2552,2018,0
2018091612_2662,2018,0
2018091612_2922,2018,0
2018091612_2946,2018,0
2018091612_3153,2018,0
2018091612_3236,2018,0
2018091612_3412,2018,0
2018091612_3644,2018,0
2018091612_3687,2018,0
2018091612_3733,2018,0
2018091612_413,2018,0
2018091612_497,2018,0
2018091612_593,2018,0
2018091612_64,2018,0
2018091612_683,2018,0
2018091612_712,2018,0
2018091612_836,2018,0
2018091612_903,2018,0
2018091613_1013,2018,0
2018091613_1060,2018,0
2018091613_1084,2018,0
2018091613_1108,2018,0
2018091613_1194,2018,0
2018091613_1293,2018,0
2018091613_1317,2018,0
2018091613_1408,2018,0
2018091613_152,2018,0
2018091613_1551,2018,0
2018091613_1600,2018,0
2018091613_1684,2018,0
2018091613_176,2018,0
2018091613_1765,2018,0
2018091613_1789,2018,0
2018091613_1915,2018,0
2018091613_1939,2018,0
2018091613_202,2018,0
2018091613_2087,2018,0
2018091613_2206,2018,0
2018091613_2228,2018,0
2018091613_2281,2018,0
2018091613_2395,2018,0
2018091613_2472,2018,0
2018091613_252,2018,0
2018091613_2584,2018,0
2018091613_276,2018,0
2018091613_2796,2018,0
2018091613_2824,2018,0
2018091613_2869,2018,0
2018091613_3101,2018,0
2018091613_3125,2018,0
2018091613_319,2018,0
2018091613_3200,2018,0
2018091613_3224,2018,0
2018091613_3248,2018,0
2018091613_3293,2018,0
2018091613_3334,2018,0
2018091613_3379,2018,0
2018091613_3423,2018,0
2018091613_3480,2018,0
2018091613_3509,2018,0
2018091613_3533,2018,0
2018091613_3574,2018,0
2018091613_3620,2018,0
2018091613_3649,2018,0
2018091613_3690,2018,0
2018091613_427,2018,0
2018091613_507,2018,0
2018091613_552,2018,0
2018091613_587,2018,0
2018091613_721,2018,0
2018091613_960,2018,0
2018091700_1072,2018,0
2018091700_1194,2018,0
2018091700_1319,2018,0
2018091700_1343,2018,0
2018091700_1389,2018,0
2018091700_1567,2018,0
2018091700_1617,2018,0
2018091700_1810,2018,0
2018091700_1832,2018,0
2018091700_1959,2018,0
2018091700_2028,2018,0
2018091700_2050,2018,0
2018091700_2162,2018,0
2018091700_2242,2018,0
2018091700_2333,2018,0
2018091700_2443,2018,0
2018091700_2467,2018,0
2018091700_2496,2018,0
2018091700_2560,2018,0
2018091700_2582,2018,0
2018091700_2646,2018,0
2018091700_2668,2018,0
2018091700_2778,2018,0
2018091700_2854,2018,0
2018091700_3213,2018,0
2018091700_3423,2018,0
2018091700_3468,2018,0
2018091700_353,2018,0
2018091700_3637,2018,0
2018091700_3690,2018,0
2018091700_3848,2018,0
2018091700_3912,2018,0
2018091700_3936,2018,0
2018091700_3960,2018,0
2018091700_4004,2018,0
2018091700_4037,2018,0
2018091700_4104,2018,0
2018091700_4128,2018,0
2018091700_426,2018,0
2018091700_471,2018,0
2018091700_482,2018,0
2018091700_550,2018,0
2018091700_691,2018,0
2018091700_777,2018,0
2018091700_799,2018,0
2018092000_1094,2018,0
2018092000_1432,2018,0
2018092000_1563,2018,0
2018092000_1652,2018,0
2018092000_180,2018,0
2018092000_1880,2018,0
2018092000_1904,2018,0
2018092000_1991,2018,0
2018092000_2015,2018,0
2018092000_2093,2018,0
2018092000_2222,2018,0
2018092000_2315,2018,0
2018092000_2337,2018,0
2018092000_2437,2018,0
2018092000_2693,2018,0
2018092000_2850,2018,0
2018092000_2899,2018,0
2018092000_2921,2018,0
2018092000_295,2018,0
2018092000_2968,2018,0
2018092000_3019,2018,0
2018092000_3075,2018,0
2018092000_3294,2018,0
2018092000_3316,2018,0
2018092000_3478,2018,0
2018092000_3670,2018,0
2018092000_3737,2018,0
2018092000_3794,2018,0
2018092000_3947,2018,0
2018092000_3986,2018,0
2018092000_4033,2018,0
2018092000_4055,2018,0
2018092000_4079,2018,0
2018092000_4238,2018,0
2018092000_819,2018,0
2018092000_884,2018,0
2018092300_114,2018,0
2018092300_1152,2018,0
2018092300_1221,2018,0
2018092300_1243,2018,0
2018092300_1284,2018,0
2018092300_1346,2018,0
2018092300_1370,2018,0
2018092300_1413,2018,0
2018092300_1460,2018,0
2018092300_1662,2018,0
2018092300_168,2018,0
2018092300_1691,2018,0
2018092300_1783,2018,0
2018092300_1846,2018,0
2018092300_1909,2018,0
2018092300_1954,2018,0
2018092300_2296,2018,0
2018092300_2395,2018,0
2018092300_2559,2018,0
2018092300_268,2018,0
2018092300_2868,2018,0
2018092300_2968,2018,0
2018092300_3078,2018,0
2018092300_3107,2018,0
2018092300_3181,2018,0
2018092300_3205,2018,0
2018092300_353,2018,0
2018092300_3658,2018,0
2018092300_3879,2018,0
2018092300_3903,2018,0
2018092300_3985,2018,0
2018092300_4173,2018,0
2018092300_4197,2018,0
2018092300_4403,2018,0
2018092300_4451,2018,0
2018092300_4480,2018,0
2018092300_453,2018,0
2018092300_4557,2018,0
2018092300_4581,2018,0
2018092300_4728,2018,0
2018092300_4752,2018,0
2018092300_528,2018,0
2018092300_552,2018,0
2018092300_618,2018,0
2018092300_663,2018,0
2018092300_709,2018,0
2018092300_740,2018,0
2018092300_762,2018,0
2018092300_786,2018,0
2018092300_863,2018,0
2018092300_911,2018,0
2018092300_935,2018,0
2018092301_1226,2018,0
2018092301_1353,2018,0
2018092301_1377,2018,0
2018092301_1399,2018,0
2018092301_1692,2018,0
2018092301_1932,2018,0
2018092301_1997,2018,0
2018092301_2019,2018,0
2018092301_2265,2018,0
2018092301_239,2018,0
2018092301_2562,2018,0
2018092301_2751,2018,0
2018092301_2773,2018,0
2018092301_296,2018,0
2018092301_3379,2018,0
2018092301_3750,2018,0
2018092301_3797,2018,0
2018092301_477,2018,0
2018092301_682,2018,0
2018092301_807,2018,0
2018092301_98,2018,0
2018092302_1058,2018,0
2018092302_1154,2018,0
2018092302_1199,2018,0
2018092302_1221,2018,0
2018092302_1267,2018,0
2018092302_1344,2018,0
2018092302_1400,2018,0
2018092302_1571,2018,0
2018092302_1595,2018,0
2018092302_1661,2018,0
2018092302_1712,2018,0
2018092302_1736,2018,0
2018092302_1787,2018,0
2018092302_1838,2018,0
2018092302_1862,2018,0
2018092302_187,2018,0
2018092302_2215,2018,0
2018092302_2288,2018,0
2018092302_2558,2018,0
2018092302_2627,2018,0
2018092302_2678,2018,0
2018092302_2702,2018,0
2018092302_2886,2018,0
2018092302_2910,2018,0
2018092302_2951,2018,0
2018092302_3170,2018,0
2018092302_3226,2018,0
2018092302_3270,2018,0
2018092302_3475,2018,0
2018092302_3756,2018,0
2018092302_3780,2018,0
2018092302_3804,2018,0
2018092302_51,2018,0
2018092302_542,2018,0
2018092302_588,2018,0
2018092302_749,2018,0
2018092302_831,2018,0
2018092302_877,2018,0
2018092302_903,2018,0
2018092302_94,2018,0
2018092302_951,2018,0
2018092303_1094,2018,0
2018092303_1118,2018,0
2018092303_1193,2018,0
2018092303_123,2018,0
2018092303_1240,2018,0
2018092303_147,2018,0
2018092303_1522,2018,0
2018092303_1791,2018,0
2018092303_1815,2018,0
2018092303_1903,2018,0
2018092303_223,2018,0
2018092303_2243,2018,0
2018092303_2417,2018,0
2018092303_247,2018,0
2018092303_2492,2018,0
2018092303_2580,2018,0
2018092303_2642,2018,0
2018092303_2747,2018,0
2018092303_2771,2018,0
2018092303_2795,2018,0
2018092303_2913,2018,0
2018092303_2983,2018,0
2018092303_3051,2018,0
2018092303_3075,2018,0
2018092303_3132,2018,0
2018092303_3407,2018,0
2018092303_3452,2018,0
2018092303_3579,2018,0
2018092303_3635,2018,0
2018092303_3693,2018,0
2018092303_3717,2018,0
2018092303_3741,2018,0
2018092303_3770,2018,0
2018092303_3792,2018,0
2018092303_3833,2018,0
2018092303_439,2018,0
2018092303_505,2018,0
2018092303_529,2018,0
2018092303_551,2018,0
2018092303_575,2018,0
2018092303_731,2018,0
2018092303_826,2018,0
2018092303_921,2018,0
2018092304_1013,2018,0
2018092304_1173,2018,0
2018092304_1197,2018,0
2018092304_1221,2018,0
2018092304_1278,2018,0
2018092304_1387,2018,0
2018092304_1409,2018,0
2018092304_1512,2018,0
2018092304_1687,2018,0
2018092304_1709,2018,0
2018092304_1731,2018,0
2018092304_176,2018,0
2018092304_1780,2018,0
2018092304_1894,2018,0
2018092304_2162,2018,0
2018092304_2184,2018,0
2018092304_2362,2018,0
2018092304_2384,2018,0
2018092304_2406,2018,0
2018092304_2430,2018,0
2018092304_2454,2018,0
2018092304_2654,2018,0
2018092304_2758,2018,0
2018092304_2849,2018,0
2018092304_2895,2018,0
2018092304_2984,2018,0
2018092304_3061,2018,0
2018092304_3083,2018,0
2018092304_3107,2018,0
2018092304_3330,2018,0
2018092304_340,2018,0
2018092304_3832,2018,0
2018092304_476,2018,0
2018092304_500,2018,0
2018092304_55,2018,0
2018092304_648,2018,0
2018092304_747,2018,0
2018092304_814,2018,0
2018092305_1113,2018,0
2018092305_1137,2018,0
2018092305_1182,2018,0
2018092305_1248,2018,0
2018092305_1272,2018,0
2018092305_1338,2018,0
2018092305_1400,2018,0
2018092305_1630,2018,0
2018092305_1678,2018,0
2018092305_1713,2018,0
2018092305_1911,2018,0
2018092305_1933,2018,0
2018092305_2020,2018,0
2018092305_213,2018,0
2018092305_2227,2018,0
2018092305_2256,2018,0
2018092305_2347,2018,0
2018092305_237,2018,0
2018092305_2388,2018,0
2018092305_2429,2018,0
2018092305_2470,2018,0
2018092305_2499,2018,0
2018092305_2582,2018,0
2018092305_259,2018,0
2018092305_2627,2018,0
2018092305_2651,2018,0
2018092305_2673,2018,0
2018092305_2803,2018,0
2018092305_2831,2018,0
2018092305_2889,2018,0
2018092305_2956,2018,0
2018092305_305,2018,0
2018092305_3097,2018,0
2018092305_3232,2018,0
2018092305_327,2018,0
2018092305_3275,2018,0
2018092305_3471,2018,0
2018092305_3554,2018,0
2018092305_3712,2018,0
2018092305_372,2018,0
2018092305_3751,2018,0
2018092305_3876,2018,0
2018092305_3971,2018,0
2018092305_417,2018,0
2018092305_526,2018,0
2018092305_550,2018,0
2018092305_60,2018,0
2018092305_642,2018,0
2018092305_698,2018,0
2018092305_720,2018,0
2018092306_1193,2018,0
2018092306_1217,2018,0
2018092306_125,2018,0
2018092306_1311,2018,0
2018092306_1398,2018,0
2018092306_1443,2018,0
2018092306_1684,2018,0
2018092306_1725,2018,0
2018092306_1787,2018,0
2018092306_2038,2018,0
2018092306_2062,2018,0
2018092306_2109,2018,0
2018092306_2133,2018,0
2018092306_2201,2018,0
2018092306_2225,2018,0
2018092306_2384,2018,0
2018092306_2567,2018,0
2018092306_2640,2018,0
2018092306_2732,2018,0
2018092306_2833,2018,0
2018092306_2857,2018,0
2018092306_2879,2018,0
2018092306_2923,2018,0
2018092306_3027,2018,0
2018092306_3068,2018,0
2018092306_3196,2018,0
2018092306_3269,2018,0
2018092306_3375,2018,0
2018092306_3399,2018,0
2018092306_3421,2018,0
2018092306_3553,2018,0
2018092306_3617,2018,0
2018092306_3641,2018,0
2018092306_3665,2018,0
2018092306_3706,2018,0
2018092306_3730,2018,0
2018092306_425,2018,0
2018092306_487,2018,0
2018092306_509,2018,0
2018092306_51,2018,0
2018092306_714,2018,0
2018092306_759,2018,0
2018092306_801,2018,0
2018092306_883,2018,0
2018092306_907,2018,0
2018092307_1278,2018,0
2018092307_1302,2018,0
2018092307_152,2018,0
2018092307_1661,2018,0
2018092307_1685,2018,0
2018092307_1817,2018,0
2018092307_197,2018,0
2018092307_2055,2018,0
2018092307_2079,2018,0
2018092307_2128,2018,0
2018092307_2152,2018,0
2018092307_2219,2018,0
2018092307_2269,2018,0
2018092307_2304,2018,0
2018092307_2505,2018,0
2018092307_2527,2018,0
2018092307_2553,2018,0
2018092307_2741,2018,0
2018092307_2831,2018,0
2018092307_2855,2018,0
2018092307_2879,2018,0
2018092307_2901,2018,0
2018092307_3039,2018,0
2018092307_3068,2018,0
2018092307_3090,2018,0
2018092307_3152,2018,0
2018092307_3176,2018,0
2018092307_3205,2018,0
2018092307_3235,2018,0
2018092307_3259,2018,0
2018092307_344,2018,0
2018092307_3502,2018,0
2018092307_3526,2018,0
2018092307_3550,2018,0
2018092307_3574,2018,0
2018092307_3596,2018,0
2018092307_3620,2018,0
2018092307_3644,2018,0
2018092307_3668,2018,0
2018092307_368,2018,0
2018092307_3690,2018,0
2018092307_3714,2018,0
2018092307_3738,2018,0
2018092307_3794,2018,0
2018092307_3841,2018,0
2018092307_4100,2018,0
2018092307_4122,2018,0
2018092307_4146,2018,0
2018092307_4170,2018,0
2018092307_4194,2018,0
2018092307_4223,2018,0
2018092307_447,2018,0
2018092307_51,2018,0
2018092307_647,2018,0
2018092307_698,2018,0
2018092307_75,2018,0
2018092307_765,2018,0
2018092307_865,2018,0
2018092307_948,2018,0
2018092308_1127,2018,0
2018092308_1151,2018,0
2018092308_1213,2018,0
2018092308_126,2018,0
2018092308_1348,2018,0
2018092308_1372,2018,0
2018092308_1475,2018,0
2018092308_1548,2018,0
2018092308_1572,2018,0
2018092308_1643,2018,0
2018092308_1724,2018,0
2018092308_1748,2018,0
2018092308_1825,2018,0
2018092308_186,2018,0
2018092308_1893,2018,0
2018092308_2002,2018,0
2018092308_208,2018,0
2018092308_2107,2018,0
2018092308_2148,2018,0
2018092308_2193,2018,0
2018092308_2215,2018,0
2018092308_2260,2018,0
2018092308_2310,2018,0
2018092308_2366,2018,0
2018092308_2618,2018,0
2018092308_2640,2018,0
2018092308_2685,2018,0
2018092308_2730,2018,0
2018092308_2829,2018,0
2018092308_2874,2018,0
2018092308_3016,2018,0
2018092308_3067,2018,0
2018092308_319,2018,0
2018092308_3209,2018,0
2018092308_3346,2018,0
2018092308_341,2018,0
2018092308_3489,2018,0
2018092308_3546,2018,0
2018092308_3570,2018,0
2018092308_3594,2018,0
2018092308_365,2018,0
2018092308_3748,2018,0
2018092308_3816,2018,0
2018092308_3838,2018,0
2018092308_3879,2018,0
2018092308_3941,2018,0
2018092308_3980,2018,0
2018092308_4138,2018,0
2018092308_4224,2018,0
2018092308_4248,2018,0
2018092308_4272,2018,0
2018092308_4294,2018,0
2018092308_431,2018,0
2018092308_4318,2018,0
2018092308_523,2018,0
2018092308_547,2018,0
2018092308_58,2018,0
2018092308_605,2018,0
2018092308_673,2018,0
2018092308_729,2018,0
2018092308_806,2018,0
2018092308_863,2018,0
2018092308_885,2018,0
2018092308_909,2018,0
2018092309_1045,2018,1
2018092309_1121,2018,0
2018092309_1290,2018,0
2018092309_1335,2018,0
2018092309_138,2018,0
2018092309_1442,2018,0
2018092309_1464,2018,0
2018092309_1638,2018,0
2018092309_1704,2018,0
2018092309_1992,2018,0
2018092309_2197,2018,0
2018092309_2245,2018,0
2018092309_2291,2018,0
2018092309_2319,2018,0
2018092309_2341,2018,0
2018092309_2365,2018,0
2018092309_2389,2018,0
2018092309_2457,2018,0
2018092309_2501,2018,0
2018092309_2676,2018,0
2018092309_2809,2018,0
2018092309_2850,2018,0
2018092309_3188,2018,0
2018092309_3212,2018,0
2018092309_350,2018,0
2018092309_3511,2018,0
2018092309_3533,2018,0
2018092309_3717,2018,0
2018092309_3741,2018,0
2018092309_4083,2018,0
2018092309_4181,2018,0
2018092309_472,2018,0
2018092309_538,2018,0
2018092309_69,2018,0
2018092309_774,2018,0
2018092309_937,2018,0
2018092310_1008,2018,0
2018092310_1032,2018,0
2018092310_112,2018,0
2018092310_1215,2018,0
2018092310_1339,2018,0
2018092310_136,2018,0
2018092310_1368,2018,0
2018092310_1392,2018,0
2018092310_1414,2018,0
2018092310_1572,2018,0
2018092310_1615,2018,0
2018092310_1642,2018,0
2018092310_1686,2018,0
2018092310_1733,2018,0
2018092310_1935,2018,0
2018092310_196,2018,0
2018092310_1964,2018,0
2018092310_2017,2018,0
2018092310_2041,2018,0
2018092310_2106,2018,0
2018092310_2265,2018,0
2018092310_2350,2018,0
2018092310_2459,2018,0
2018092310_2526,2018,0
2018092310_2597,2018,0
2018092310_2681,2018,0
2018092310_2703,2018,0
2018092310_2760,2018,0
2018092310_2800,2018,0
2018092310_2824,2018,0
2018092310_2846,2018,0
2018092310_2870,2018,0
2018092310_2940,2018,0
2018092310_3523,2018,0
2018092310_3606,2018,0
2018092310_3656,2018,0
2018092310_3678,2018,0
2018092310_3702,2018,0
2018092310_433,2018,0
2018092310_485,2018,0
2018092310_509,2018,0
2018092310_559,2018,0
2018092310_588,2018,0
2018092310_758,2018,0
2018092310_835,2018,0
2018092310_859,2018,0
2018092310_90,2018,0
2018092310_904,2018,0
2018092310_928,2018,0
2018092310_952,2018,0
2018092311_1004,2018,0
2018092311_1028,2018,0
2018092311_1105,2018,0
2018092311_1281,2018,0
2018092311_1310,2018,0
2018092311_1361,2018,0
2018092311_1406,2018,0
2018092311_141,2018,0
2018092311_1428,2018,0
2018092311_1607,2018,0
2018092311_1872,2018,0
2018092311_1896,2018,0
2018092311_1929,2018,0
2018092311_2116,2018,0
2018092311_2201,2018,0
2018092311_2246,2018,0
2018092311_2270,2018,0
2018092311_2345,2018,0
2018092311_2390,2018,0
2018092311_2414,2018,0
2018092311_2455,2018,0
2018092311_2479,2018,0
2018092311_2627,2018,0
2018092311_2674,2018,0
2018092311_2696,2018,0
2018092311_2760,2018,0
2018092311_2815,2018,0
2018092311_2864,2018,0
2018092311_2912,2018,0
2018092311_3029,2018,0
2018092311_3074,2018,0
2018092311_3098,2018,0
2018092311_3220,2018,0
2018092311_3307,2018,0
2018092311_3340,2018,0
2018092311_3572,2018,0
2018092311_365,2018,0
2018092311_3681,2018,0
2018092311_3703,2018,0
2018092311_3947,2018,0
2018092311_51,2018,0
2018092311_539,2018,0
2018092311_597,2018,0
2018092311_621,2018,0
2018092311_643,2018,0
2018092311_696,2018,0
2018092311_839,2018,0
2018092311_899,2018,0
2018092311_980,2018,0
2018092312_1166,2018,0
2018092312_1280,2018,0
2018092312_1393,2018,0
2018092312_1498,2018,0
2018092312_1630,2018,0
2018092312_1803,2018,0
2018092312_1886,2018,0
2018092312_1970,2018,0
2018092312_2011,2018,0
2018092312_2106,2018,0
2018092312_2469,2018,0
2018092312_2560,2018,0
2018092312_2678,2018,0
2018092312_2726,2018,0
2018092312_2756,2018,0
2018092312_3082,2018,0
2018092312_317,2018,0
2018092312_3226,2018,0
2018092312_3316,2018,0
2018092312_3494,2018,0
2018092312_360,2018,0
2018092312_3778,2018,0
2018092312_3800,2018,0
2018092312_3822,2018,0
2018092312_3902,2018,0
2018092312_3924,2018,0
2018092312_3948,2018,1
2018092312_4240,2018,0
2018092312_4274,2018,0
2018092312_4338,2018,0
2018092312_779,2018,0
2018092312_88,2018,0
2018092312_977,2018,0
2018092313_102,2018,0
2018092313_1418,2018,0
2018092313_1442,2018,0
2018092313_1509,2018,0
2018092313_1571,2018,0
2018092313_1595,2018,0
2018092313_1716,2018,0
2018092313_173,2018,0
2018092313_1757,2018,0
2018092313_1798,2018,0
2018092313_1861,2018,0
2018092313_1959,2018,1
2018092313_2075,2018,0
2018092313_223,2018,0
2018092313_2261,2018,0
2018092313_2285,2018,0
2018092313_2514,2018,0
2018092313_2559,2018,0
2018092313_2581,2018,0
2018092313_2783,2018,0
2018092313_2877,2018,0
2018092313_2899,2018,0
2018092313_3145,2018,0
2018092313_3403,2018,0
2018092313_3461,2018,0
2018092313_3490,2018,0
2018092313_3743,2018,0
2018092313_3767,2018,0
2018092313_473,2018,0
2018092313_497,2018,0
2018092313_519,2018,0
2018092313_568,2018,0
2018092313_751,2018,0
2018092313_946,2018,0
2018092400_1022,2018,0
2018092400_1046,2018,0
2018092400_115,2018,0
2018092400_1346,2018,0
2018092400_1529,2018,0
2018092400_1638,2018,0
2018092400_1767,2018,0
2018092400_2007,2018,0
2018092400_201,2018,0
2018092400_2037,2018,0
2018092400_2078,2018,0
2018092400_2167,2018,0
2018092400_2191,2018,0
2018092400_2409,2018,0
2018092400_2524,2018,0
2018092400_2613,2018,0
2018092400_263,2018,0
2018092400_2658,2018,0
2018092400_2733,2018,0
2018092400_2757,2018,0
2018092400_2834,2018,0
2018092400_2879,2018,0
2018092400_2903,2018,0
2018092400_3084,2018,0
2018092400_3106,2018,0
2018092400_311,2018,0
2018092400_3163,2018,0
2018092400_3228,2018,0
2018092400_3269,2018,0
2018092400_3316,2018,0
2018092400_3351,2018,0
2018092400_3373,2018,0
2018092400_3429,2018,0
2018092400_3451,2018,0
2018092400_3502,2018,0
2018092400_3526,2018,0
2018092400_3571,2018,0
2018092400_3593,2018,0
2018092400_3651,2018,0
2018092400_3675,2018,0
2018092400_3699,2018,0
2018092400_3766,2018,0
2018092400_3788,2018,0
2018092400_4000,2018,0
2018092400_4029,2018,0
2018092400_4121,2018,0
2018092400_4199,2018,0
2018092400_515,2018,0
2018092400_650,2018,0
2018092400_674,2018,0
2018092400_70,2018,0
2018092400_836,2018,0
2018092400_974,2018,0
2018092400_998,2018,0
2018092700_1022,2018,0
2018092700_1210,2018,0
2018092700_146,2018,0
2018092700_1600,2018,0
2018092700_1656,2018,0
2018092700_170,2018,0
2018092700_1813,2018,0
2018092700_1854,2018,0
2018092700_1960,2018,0
2018092700_2038,2018,0
2018092700_2062,2018,0
2018092700_2086,2018,0
2018092700_2115,2018,0
2018092700_2298,2018,0
2018092700_2510,2018,0
2018092700_2641,2018,0
2018092700_2696,2018,0
2018092700_2794,2018,0
2018092700_2895,2018,0
2018092700_2945,2018,1
2018092700_3001,2018,0
2018092700_3057,2018,0
2018092700_3105,2018,0
2018092700_3194,2018,0
2018092700_3239,2018,0
2018092700_3263,2018,0
2018092700_3319,2018,0
2018092700_3400,2018,0
2018092700_3479,2018,0
2018092700_349,2018,0
2018092700_3532,2018,0
2018092700_3606,2018,0
2018092700_3733,2018,0
2018092700_3786,2018,0
2018092700_3810,2018,0
2018092700_3884,2018,0
2018092700_4012,2018,0
2018092700_4136,2018,0
2018092700_416,2018,0
2018092700_4170,2018,0
2018092700_459,2018,0
2018092700_483,2018,0
2018092700_512,2018,0
2018092700_536,2018,0
2018092700_646,2018,0
2018092700_696,2018,0
2018092700_725,2018,0
2018092700_781,2018,0
2018092700_861,2018,0
2018093000_1082,2018,0
2018093000_1106,2018,0
2018093000_1170,2018,0
2018093000_1247,2018,0
2018093000_1321,2018,0
2018093000_1507,2018,0
2018093000_1555,2018,0
2018093000_1600,2018,0
2018093000_1656,2018,0
2018093000_171,2018,0
2018093000_1760,2018,0
2018093000_1825,2018,0
2018093000_1924,2018,0
2018093000_195,2018,0
2018093000_1976,2018,0
2018093000_2000,2018,0
2018093000_2051,2018,0
2018093000_2678,2018,0
2018093000_2712,2018,0
2018093000_2757,2018,0
2018093000_2781,2018,0
2018093000_2958,2018,0
2018093000_3164,2018,0
2018093000_3517,2018,0
2018093000_3651,2018,0
2018093000_3706,2018,0
2018093000_3728,2018,0
2018093000_3752,2018,0
2018093000_3851,2018,0
2018093000_3928,2018,0
2018093000_419,2018,0
2018093000_4420,2018,0
2018093000_4483,2018,0
2018093000_4505,2018,0
2018093000_493,2018,0
2018093000_560,2018,0
2018093000_641,2018,0
2018093000_726,2018,0
2018093000_769,2018,0
2018093000_818,2018,0
2018093000_84,2018,0
2018093000_871,2018,0
2018093000_991,2018,0
2018093001_1011,2018,0
2018093001_1124,2018,0
2018093001_1169,2018,0
2018093001_127,2018,0
2018093001_1292,2018,0
2018093001_1314,2018,0
2018093001_1496,2018,0
2018093001_1612,2018,0
2018093001_1634,2018,0
2018093001_170,2018,0
2018093001_1859,2018,0
2018093001_1883,2018,0
2018093001_1984,2018,0
2018093001_2059,2018,0
2018093001_2299,2018,0
2018093001_2328,2018,0
2018093001_236,2018,0
2018093001_2500,2018,0
2018093001_2572,2018,0
2018093001_2596,2018,0
2018093001_2620,2018,0
2018093001_281,2018,0
2018093001_2869,2018,0
2018093001_2893,2018,0
2018093001_2981,2018,0
2018093001_3175,2018,0
2018093001_3262,2018,0
2018093001_3362,2018,0
2018093001_3432,2018,0
2018093001_3565,2018,0
2018093001_3631,2018,0
2018093001_3708,2018,0
2018093001_3823,2018,0
2018093001_3897,2018,0
2018093001_4014,2018,0
2018093001_4038,2018,0
2018093001_483,2018,0
2018093001_55,2018,0
2018093001_553,2018,0
2018093001_628,2018,0
2018093001_780,2018,0
2018093001_854,2018,0
2018093001_933,2018,0
2018093001_983,2018,0
2018093002_1058,2018,0
2018093002_114,2018,0
2018093002_1453,2018,0
2018093002_1594,2018,0
2018093002_1829,2018,0
2018093002_1853,2018,0
2018093002_1921,2018,0
2018093002_1945,2018,0
2018093002_2092,2018,0
2018093002_2392,2018,0
2018093002_263,2018,0
2018093002_2700,2018,0
2018093002_2769,2018,0
2018093002_2834,2018,0
2018093002_287,2018,0
2018093002_332,2018,0
2018093002_3378,2018,0
2018093002_3421,2018,0
2018093002_3466,2018,0
2018093002_3522,2018,0
2018093002_447,2018,0
2018093002_622,2018,0
2018093002_651,2018,0
2018093002_681,2018,0
2018093003_1011,2018,0
2018093003_1219,2018,0
2018093003_1346,2018,0
2018093003_151,2018,0
2018093003_1522,2018,0
2018093003_1759,2018,1
2018093003_1848,2018,0
2018093003_1872,2018,0
2018093003_1896,2018,0
2018093003_1918,2018,0
2018093003_1978,2018,0
2018093003_207,2018,0
2018093003_2070,2018,0
2018093003_2094,2018,0
2018093003_2164,2018,0
2018093003_2334,2018,0
2018093003_2358,2018,0
2018093003_2483,2018,0
2018093003_2512,2018,0
2018093003_2644,2018,0
2018093003_2771,2018,0
2018093003_2991,2018,0
2018093003_3103,2018,0
2018093003_3257,2018,0
2018093003_3300,2018,0
2018093003_3324,2018,0
2018093003_3348,2018,0
2018093003_3383,2018,0
2018093003_3447,2018,0
2018093003_373,2018,0
2018093003_3815,2018,0
2018093003_500,2018,0
2018093003_710,2018,0
2018093003_777,2018,0
2018093003_824,2018,0
2018093003_919,2018,0
2018093004_1013,2018,0
2018093004_102,2018,0
2018093004_1058,2018,0
2018093004_1104,2018,0
2018093004_1209,2018,0
2018093004_1243,2018,0
2018093004_1267,2018,0
2018093004_1362,2018,0
2018093004_1384,2018,0
2018093004_1418,2018,0
2018093004_1534,2018,0
2018093004_1609,2018,0
2018093004_1710,2018,0
2018093004_1867,2018,0
2018093004_1891,2018,0
2018093004_1943,2018,0
2018093004_2155,2018,0
2018093004_2191,2018,0
2018093004_2219,2018,0
2018093004_2264,2018,0
2018093004_2328,2018,0
2018093004_2437,2018,0
2018093004_2508,2018,0
2018093004_2532,2018,0
2018093004_2577,2018,0
2018093004_2713,2018,0
2018093004_2779,2018,0
2018093004_2907,2018,0
2018093004_2952,2018,0
2018093004_3146,2018,0
2018093004_3174,2018,0
2018093004_3200,2018,0
2018093004_336,2018,0
2018093004_3376,2018,0
2018093004_3513,2018,0
2018093004_3592,2018,0
2018093004_3616,2018,0
2018093004_3664,2018,0
2018093004_3745,2018,0
2018093004_3769,2018,0
2018093004_3825,2018,0
2018093004_4022,2018,0
2018093004_4065,2018,0
2018093004_4295,2018,0
2018093004_4319,2018,0
2018093004_4360,2018,0
2018093004_4612,2018,0
2018093004_4871,2018,0
2018093004_4980,2018,0
2018093004_500,2018,0
2018093004_5091,2018,0
2018093004_5132,2018,0
2018093004_5177,2018,0
2018093004_5225,2018,0
2018093004_5247,2018,0
2018093004_5276,2018,0
2018093004_5326,2018,0
2018093004_5367,2018,0
2018093004_5464,2018,0
2018093004_5544,2018,0
2018093004_5637,2018,0
2018093004_759,2018,0
2018093004_78,2018,0
2018093004_788,2018,0
2018093004_838,2018,0
2018093004_872,2018,0
2018093005_1063,2018,0
2018093005_1132,2018,0
2018093005_1277,2018,0
2018093005_1324,2018,0
2018093005_1348,2018,0
2018093005_1415,2018,0
2018093005_1516,2018,0
2018093005_1572,2018,0
2018093005_1657,2018,0
2018093005_168,2018,1
2018093005_1690,2018,0
2018093005_1834,2018,0
2018093005_1856,2018,0
2018093005_2148,2018,0
2018093005_2207,2018,0
2018093005_223,2018,0
2018093005_2290,2018,0
2018093005_2366,2018,0
2018093005_2390,2018,0
2018093005_2552,2018,0
2018093005_2655,2018,0
2018093005_2703,2018,0
2018093005_2872,2018,0
2018093005_292,2018,0
2018093005_2963,2018,0
2018093005_3053,2018,0
2018093005_3077,2018,0
2018093005_3099,2018,0
2018093005_3228,2018,0
2018093005_3253,2018,0
2018093005_3288,2018,0
2018093005_3310,2018,0
2018093005_3334,2018,0
2018093005_3580,2018,0
2018093005_3665,2018,0
2018093005_3775,2018,0
2018093005_379,2018,0
2018093005_3966,2018,0
2018093005_3988,2018,0
2018093005_428,2018,0
2018093005_473,2018,0
2018093005_656,2018,0
2018093005_701,2018,0
2018093005_809,2018,0
2018093005_834,2018,0
2018093005_858,2018,0
2018093005_969,2018,0
2018093005_993,2018,0
2018093006_1018,2018,0
2018093006_1096,2018,0
2018093006_1206,2018,0
2018093006_1301,2018,0
2018093006_1389,2018,0
2018093006_1432,2018,0
2018093006_1816,2018,0
2018093006_1840,2018,0
2018093006_1913,2018,0
2018093006_1935,2018,0
2018093006_2089,2018,0
2018093006_2111,2018,0
2018093006_2162,2018,0
2018093006_2184,2018,0
2018093006_231,2018,0
2018093006_2324,2018,0
2018093006_2517,2018,0
2018093006_2573,2018,0
2018093006_2642,2018,0
2018093006_2717,2018,0
2018093006_2782,2018,0
2018093006_2806,2018,0
2018093006_2920,2018,0
2018093006_2971,2018,0
2018093006_3243,2018,0
2018093006_3623,2018,0
2018093006_430,2018,0
2018093006_51,2018,0
2018093006_770,2018,0
2018093006_837,2018,0
2018093006_947,2018,0
2018093006_996,2018,0
2018093007_102,2018,0
2018093007_1104,2018,0
2018093007_1149,2018,0
2018093007_1217,2018,0
2018093007_1283,2018,0
2018093007_1307,2018,0
2018093007_1339,2018,0
2018093007_1363,2018,0
2018093007_1387,2018,0
2018093007_1457,2018,0
2018093007_1479,2018,0
2018093007_1539,2018,0
2018093007_1604,2018,0
2018093007_1628,2018,0
2018093007_1652,2018,0
2018093007_1836,2018,0
2018093007_198,2018,0
2018093007_1995,2018,0
2018093007_2040,2018,0
2018093007_2096,2018,0
2018093007_2366,2018,0
2018093007_2511,2018,0
2018093007_254,2018,0
2018093007_2727,2018,0
2018093007_276,2018,0
2018093007_2787,2018,0
2018093007_2961,2018,0
2018093007_3138,2018,0
2018093007_3183,2018,0
2018093007_3305,2018,0
2018093007_3431,2018,0
2018093007_3538,2018,0
2018093007_3956,2018,0
2018093007_3978,2018,0
2018093007_4055,2018,0
2018093007_4079,2018,0
2018093007_411,2018,0
2018093007_4123,2018,0
2018093007_4186,2018,0
2018093007_4231,2018,0
2018093007_435,2018,0
2018093007_4485,2018,0
2018093007_518,2018,0
2018093007_561,2018,0
2018093007_57,2018,0
2018093007_585,2018,0
2018093007_643,2018,0
2018093007_690,2018,0
2018093007_801,2018,0
2018093007_970,2018,0
2018093007_994,2018,0
2018093008_1165,2018,0
2018093008_1256,2018,0
2018093008_1487,2018,0
2018093008_1849,2018,0
2018093008_2187,2018,0
2018093008_2331,2018,0
2018093008_2418,2018,0
2018093008_2513,2018,0
2018093008_2673,2018,0
2018093008_2882,2018,0
2018093008_293,2018,0
2018093008_3162,2018,0
2018093008_3252,2018,0
2018093008_3332,2018,0
2018093008_3482,2018,0
2018093008_3506,2018,0
2018093008_3542,2018,0
2018093008_3587,2018,0
2018093008_3706,2018,0
2018093008_3753,2018,0
2018093008_3775,2018,0
2018093008_3844,2018,0
2018093008_3893,2018,0
2018093008_4087,2018,0
2018093008_4132,2018,0
2018093008_446,2018,0
2018093008_479,2018,0
2018093008_503,2018,0
2018093008_638,2018,0
2018093008_681,2018,0
2018093008_825,2018,0
2018093008_849,2018,0
2018093008_894,2018,0
2018093008_919,2018,0
2018093009_1041,2018,0
2018093009_1346,2018,0
2018093009_1432,2018,0
2018093009_1480,2018,0
2018093009_1523,2018,0
2018093009_1547,2018,0
2018093009_1592,2018,0
2018093009_1652,2018,1
2018093009_1695,2018,0
2018093009_1719,2018,0
2018093009_177,2018,0
2018093009_1770,2018,0
2018093009_1853,2018,0
2018093009_1877,2018,0
2018093009_1901,2018,0
2018093009_1923,2018,0
2018093009_1947,2018,0
2018093009_1971,2018,0
2018093009_199,2018,0
2018093009_2080,2018,0
2018093009_2125,2018,0
2018093009_2149,2018,0
2018093009_2194,2018,0
2018093009_246,2018,0
2018093009_2559,2018,0
2018093009_2678,2018,0
2018093009_2722,2018,0
2018093009_2782,2018,0
2018093009_2858,2018,0
2018093009_2899,2018,0
2018093009_3377,2018,0
2018093009_3459,2018,0
2018093009_3522,2018,0
2018093009_3545,2018,0
2018093009_3567,2018,0
2018093009_364,2018,0
2018093009_3656,2018,0
2018093009_3799,2018,0
2018093009_3845,2018,0
2018093009_3869,2018,0
2018093009_4018,2018,0
2018093009_4207,2018,0
2018093009_4229,2018,0
2018093009_4253,2018,0
2018093009_4277,2018,0
2018093009_4301,2018,0
2018093009_4587,2018,0
2018093009_4611,2018,0
2018093009_4668,2018,0
2018093009_4737,2018,0
2018093009_4766,2018,0
2018093009_477,2018,0
2018093009_4838,2018,0
2018093009_4879,2018,0
2018093009_4920,2018,0
2018093009_4999,2018,0
2018093009_5095,2018,0
2018093009_5196,2018,0
2018093009_5218,2018,0
2018093009_5263,2018,0
2018093009_5310,2018,0
2018093009_5332,2018,0
2018093009_549,2018,0
2018093009_571,2018,0
2018093009_593,2018,0
2018093009_678,2018,0
2018093009_76,2018,0
2018093009_893,2018,0
2018093010_1120,2018,0
2018093010_1208,2018,0
2018093010_1230,2018,0
2018093010_1285,2018,0
2018093010_1330,2018,0
2018093010_1358,2018,0
2018093010_1438,2018,0
2018093010_1483,2018,0
2018093010_1720,2018,0
2018093010_1814,2018,0
2018093010_1860,2018,0
2018093010_1988,2018,0
2018093010_2243,2018,0
2018093010_2286,2018,0
2018093010_2355,2018,0
2018093010_2384,2018,0
2018093010_2408,2018,0
2018093010_2443,2018,0
2018093010_2478,2018,0
2018093010_2531,2018,0
2018093010_261,2018,0
2018093010_2685,2018,0
2018093010_2728,2018,0
2018093010_2903,2018,0
2018093010_2996,2018,0
2018093010_3018,2018,0
2018093010_310,2018,0
2018093010_3120,2018,0
2018093010_3229,2018,0
2018093010_3488,2018,0
2018093010_3554,2018,0
2018093010_359,2018,0
2018093010_3728,2018,0
2018093010_3833,2018,0
2018093010_3920,2018,0
2018093010_3944,2018,0
2018093010_4032,2018,0
2018093010_469,2018,0
2018093010_535,2018,0
2018093010_603,2018,0
2018093010_638,2018,0
2018093010_830,2018,0
2018093010_854,2018,0
2018093010_986,2018,0
2018093011_1005,2018,0
2018093011_1029,2018,0
2018093011_1093,2018,0
2018093011_1284,2018,1
2018093011_1306,2018,0
2018093011_1362,2018,0
2018093011_1405,2018,0
2018093011_144,2018,0
2018093011_1474,2018,0
2018093011_1559,2018,0
2018093011_1610,2018,0
2018093011_1696,2018,0
2018093011_1828,2018,0
2018093011_1876,2018,0
2018093011_2113,2018,0
2018093011_2137,2018,0
2018093011_2185,2018,0
2018093011_221,2018,0
2018093011_2228,2018,0
2018093011_2364,2018,0
2018093011_2499,2018,0
2018093011_2523,2018,0
2018093011_2613,2018,0
2018093011_2661,2018,0
2018093011_2683,2018,0
2018093011_2739,2018,0
2018093011_2784,2018,0
2018093011_2863,2018,0
2018093011_2952,2018,0
2018093011_2974,2018,0
2018093011_3364,2018,0
2018093011_3386,2018,0
2018093011_3410,2018,0
2018093011_3434,2018,0
2018093011_346,2018,0
2018093011_3482,2018,0
2018093011_3630,2018,0
2018093011_3692,2018,0
2018093011_3893,2018,0
2018093011_3933,2018,0
2018093011_3976,2018,0
2018093011_3987,2018,0
2018093011_472,2018,0
2018093011_652,2018,0
2018093011_718,2018,0
2018093011_742,2018,1
2018093011_87,2018,0
2018093011_925,2018,0
2018093012_1050,2018,0
2018093012_1093,2018,0
2018093012_1156,2018,0
2018093012_1213,2018,0
2018093012_1275,2018,0
2018093012_1297,2018,0
2018093012_1346,2018,0
2018093012_1431,2018,0
2018093012_1460,2018,0
2018093012_1484,2018,0
2018093012_1541,2018,0
2018093012_1565,2018,0
2018093012_1589,2018,0
2018093012_1712,2018,0
2018093012_1736,2018,0
2018093012_1846,2018,0
2018093012_1870,2018,0
2018093012_1892,2018,0
2018093012_1916,2018,0
2018093012_2047,2018,0
2018093012_2387,2018,0
2018093012_2411,2018,0
2018093012_245,2018,0
2018093012_2456,2018,0
2018093012_2555,2018,0
2018093012_2603,2018,0
2018093012_2763,2018,0
2018093012_2814,2018,0
2018093012_2890,2018,1
2018093012_2961,2018,0
2018093012_302,2018,0
2018093012_3100,2018,0
2018093012_3173,2018,0
2018093012_3195,2018,0
2018093012_326,2018,0
2018093012_3298,2018,0
2018093012_3398,2018,0
2018093012_3441,2018,0
2018093012_3499,2018,0
2018093012_3523,2018,0
2018093012_3549,2018,0
2018093012_3573,2018,0
2018093012_3716,2018,0
2018093012_3740,2018,0
2018093012_3821,2018,0
2018093012_3900,2018,0
2018093012_3926,2018,0
2018093012_4045,2018,0
2018093012_4248,2018,0
2018093012_4291,2018,0
2018093012_4319,2018,0
2018093012_448,2018,0
2018093012_604,2018,0
2018093012_663,2018,0
2018093012_748,2018,0
2018093012_812,2018,0
2018093012_890,2018,0
2018093012_93,2018,0
2018093012_940,2018,0
2018093012_964,2018,0
2018093012_988,2018,0
2018100100_1054,2018,0
2018100100_1233,2018,0
2018100100_1464,2018,0
2018100100_1541,2018,0
2018100100_1563,2018,0
2018100100_164,2018,0
2018100100_1712,2018,0
2018100100_1774,2018,0
2018100100_1796,2018,0
2018100100_2065,2018,0
2018100100_2087,2018,0
2018100100_2128,2018,0
2018100100_2173,2018,0
2018100100_222,2018,0
2018100100_2263,2018,0
2018100100_2482,2018,0
2018100100_250,2018,0
2018100100_2506,2018,0
2018100100_2541,2018,0
2018100100_2596,2018,0
2018100100_2949,2018,0
2018100100_3062,2018,0
2018100100_3184,2018,0
2018100100_3208,2018,0
2018100100_3232,2018,0
2018100100_3310,2018,0
2018100100_3393,2018,0
2018100100_3463,2018,0
2018100100_3597,2018,0
2018100100_3746,2018,0
2018100100_3827,2018,0
2018100100_402,2018,0
2018100100_4082,2018,0
2018100100_4135,2018,0
2018100100_4203,2018,0
2018100100_4242,2018,0
2018100100_431,2018,0
2018100100_51,2018,0
2018100100_533,2018,0
2018100100_593,2018,0
2018100100_637,2018,0
2018100100_718,2018,0
2018100100_742,2018,0
2018100100_898,2018,0
2018100100_969,2018,0
2018100400_1014,2018,0
2018100400_117,2018,0
2018100400_1397,2018,0
2018100400_1419,2018,0
2018100400_1441,2018,0
2018100400_145,2018,0
2018100400_1534,2018,0
2018100400_1608,2018,0
2018100400_1689,2018,0
2018100400_169,2018,0
2018100400_1713,2018,0
2018100400_1817,2018,0
2018100400_1922,2018,0
2018100400_1963,2018,0
2018100400_197,2018,0
2018100400_2055,2018,0
2018100400_2119,2018,0
2018100400_2179,2018,0
2018100400_2203,2018,0
2018100400_2225,2018,0
2018100400_2289,2018,0
2018100400_2438,2018,0
2018100400_244,2018,0
2018100400_2550,2018,0
2018100400_2574,2018,0
2018100400_2596,2018,0
2018100400_272,2018,0
2018100400_2789,2018,0
2018100400_2813,2018,0
2018100400_2837,2018,0
2018100400_2893,2018,0
2018100400_2944,2018,0
2018100400_2968,2018,0
2018100400_2992,2018,0
2018100400_3029,2018,0
2018100400_3053,2018,0
2018100400_3077,2018,0
2018100400_3133,2018,0
2018100400_3155,2018,0
2018100400_317,2018,0
2018100400_3366,2018,0
2018100400_3414,2018,0
2018100400_3442,2018,0
2018100400_3493,2018,0
2018100400_3594,2018,0
2018100400_3618,2018,0
2018100400_3647,2018,0
2018100400_3706,2018,0
2018100400_3774,2018,0
2018100400_3796,2018,0
2018100400_3866,2018,0
2018100400_3953,2018,0
2018100400_3977,2018,0
2018100400_4049,2018,0
2018100400_4071,2018,0
2018100400_4117,2018,0
2018100400_432,2018,0
2018100400_4341,2018,0
2018100400_4381,2018,0
2018100400_4405,2018,0
2018100400_4467,2018,0
2018100400_4508,2018,0
2018100400_484,2018,0
2018100400_51,2018,0
2018100400_642,2018,0
2018100400_666,2018,0
2018100400_773,2018,0
2018100400_907,2018,0
2018100400_943,2018,0
2018100400_990,2018,0
2018100700_107,2018,0
2018100700_1072,2018,0
2018100700_1142,2018,0
2018100700_1307,2018,0
2018100700_1392,2018,0
2018100700_140,2018,0
2018100700_1462,2018,0
2018100700_1799,2018,0
2018100700_180,2018,0
2018100700_1852,2018,0
2018100700_2268,2018,0
2018100700_2370,2018,0
2018100700_2447,2018,0
2018100700_2550,2018,0
2018100700_2601,2018,0
2018100700_2755,2018,0
2018100700_2836,2018,0
2018100700_2887,2018,0
2018100700_2915,2018,0
2018100700_3019,2018,0
2018100700_3118,2018,0
2018100700_3144,2018,0
2018100700_3189,2018,0
2018100700_3295,2018,0
2018100700_516,2018,0
2018100700_561,2018,0
2018100700_699,2018,0
2018100700_761,2018,0
2018100700_81,2018,0
2018100700_831,2018,0
2018100701_1082,2018,0
2018100701_1104,2018,0
2018100701_1128,2018,0
2018100701_1190,2018,0
2018100701_129,2018,0
2018100701_1755,2018,0
2018100701_1790,2018,0
2018100701_1831,2018,0
2018100701_1876,2018,0
2018100701_1922,2018,0
2018100701_2098,2018,0
2018100701_2201,2018,0
2018100701_2266,2018,0
2018100701_2290,2018,0
2018100701_2333,2018,0
2018100701_2377,2018,0
2018100701_2482,2018,0
2018100701_2563,2018,0
2018100701_2671,2018,0
2018100701_2832,2018,0
2018100701_2854,2018,0
2018100701_2880,2018,0
2018100701_2954,2018,0
2018100701_3063,2018,0
2018100701_3110,2018,0
2018100701_3134,2018,0
2018100701_3210,2018,0
2018100701_3356,2018,0
2018100701_3474,2018,0
2018100701_3574,2018,0
2018100701_363,2018,0
2018100701_3643,2018,0
2018100701_3963,2018,0
2018100701_3987,2018,0
2018100701_4088,2018,0
2018100701_4134,2018,0
2018100701_4240,2018,0
2018100701_453,2018,0
2018100701_511,2018,0
2018100701_633,2018,0
2018100701_678,2018,0
2018100701_758,2018,0
2018100701_780,2018,0
2018100701_79,2018,0
2018100701_861,2018,0
2018100702_1053,2018,0
2018100702_1147,2018,0
2018100702_1204,2018,0
2018100702_128,2018,0
2018100702_1294,2018,0
2018100702_1318,2018,0
2018100702_1457,2018,0
2018100702_1483,2018,0
2018100702_152,2018,0
2018100702_1655,2018,0
2018100702_1741,2018,0
2018100702_176,2018,0
2018100702_1765,2018,0
2018100702_1787,2018,0
2018100702_2015,2018,0
2018100702_2240,2018,0
2018100702_2570,2018,0
2018100702_2616,2018,0
2018100702_2638,2018,0
2018100702_2880,2018,0
2018100702_296,2018,0
2018100702_3004,2018,0
2018100702_3049,2018,0
2018100702_3124,2018,0
2018100702_3429,2018,0
2018100702_3476,2018,0
2018100702_353,2018,1
2018100702_3580,2018,0
2018100702_3604,2018,0
2018100702_3645,2018,0
2018100702_3719,2018,0
2018100702_3748,2018,0
2018100702_3939,2018,0
2018100702_398,2018,0
2018100702_3985,2018,0
2018100702_4007,2018,0
2018100702_551,2018,0
2018100702_598,2018,0
2018100702_742,2018,0
2018100702_787,2018,0
2018100702_967,2018,0
2018100703_1017,2018,0
2018100703_1062,2018,0
2018100703_1084,2018,0
2018100703_1108,2018,0
2018100703_1226,2018,0
2018100703_1250,2018,0
2018100703_1304,2018,0
2018100703_1326,2018,0
2018100703_1412,2018,0
2018100703_1436,2018,0
2018100703_1519,2018,0
2018100703_1602,2018,0
2018100703_1701,2018,0
2018100703_1779,2018,0
2018100703_1876,2018,0
2018100703_1917,2018,0
2018100703_1958,2018,0
2018100703_1987,2018,0
2018100703_2194,2018,0
2018100703_2229,2018,0
2018100703_2367,2018,0
2018100703_241,2018,0
2018100703_2430,2018,0
2018100703_2770,2018,0
2018100703_2794,2018,0
2018100703_2818,2018,0
2018100703_2842,2018,0
2018100703_2911,2018,0
2018100703_303,2018,0
2018100703_3154,2018,0
2018100703_3380,2018,0
2018100703_3402,2018,0
2018100703_3580,2018,0
2018100703_3640,2018,0
2018100703_3696,2018,0
2018100703_377,2018,0
2018100703_3802,2018,0
2018100703_3837,2018,0
2018100703_3945,2018,0
2018100703_3967,2018,0
2018100703_4006,2018,0
2018100703_4086,2018,0
2018100703_4366,2018,0
2018100703_4419,2018,0
2018100703_4464,2018,0
2018100703_4584,2018,0
2018100703_4664,2018,0
2018100703_4745,2018,0
2018100703_4789,2018,0
2018100703_532,2018,0
2018100703_556,2018,0
2018100703_646,2018,0
2018100703_72,2018,0
2018100703_727,2018,0
2018100703_751,2018,0
2018100703_796,2018,0
2018100703_995,2018,0
2018100704_1030,2018,0
2018100704_108,2018,0
2018100704_1221,2018,0
2018100704_1360,2018,0
2018100704_1443,2018,0
2018100704_1544,2018,0
2018100704_1591,2018,0
2018100704_1615,2018,0
2018100704_1870,2018,0
2018100704_1982,2018,0
2018100704_2227,2018,0
2018100704_2457,2018,0
2018100704_2516,2018,0
2018100704_2544,2018,0
2018100704_2754,2018,0
2018100704_2888,2018,0
2018100704_2962,2018,0
2018100704_3012,2018,0
2018100704_3100,2018,0
2018100704_3780,2018,0
2018100704_3949,2018,0
2018100704_4498,2018,0
2018100704_4520,2018,0
2018100704_4544,2018,0
2018100704_4568,2018,0
2018100704_4592,2018,0
2018100704_692,2018,0
2018100704_716,2018,0
2018100704_745,2018,0
2018100705_102,2018,0
2018100705_1086,2018,0
2018100705_1224,2018,0
2018100705_1246,2018,0
2018100705_126,2018,0
2018100705_1448,2018,0
2018100705_1493,2018,0
2018100705_1538,2018,0
2018100705_1560,2018,0
2018100705_1636,2018,0
2018100705_1660,2018,0
2018100705_1682,2018,0
2018100705_169,2018,0
2018100705_1774,2018,0
2018100705_1852,2018,0
2018100705_1881,2018,0
2018100705_1905,2018,0
2018100705_1946,2018,0
2018100705_2003,2018,0
2018100705_2048,2018,0
2018100705_2224,2018,0
2018100705_2314,2018,0
2018100705_2384,2018,0
2018100705_2479,2018,0
2018100705_2507,2018,0
2018100705_2577,2018,0
2018100705_2627,2018,0
2018100705_271,2018,0
2018100705_2749,2018,0
2018100705_2799,2018,0
2018100705_3195,2018,0
2018100705_323,2018,0
2018100705_3353,2018,0
2018100705_3375,2018,0
2018100705_3399,2018,0
2018100705_347,2018,0
2018100705_3508,2018,0
2018100705_3641,2018,0
2018100705_3672,2018,0
2018100705_371,2018,0
2018100705_3719,2018,0
2018100705_3768,2018,0
2018100705_3839,2018,0
2018100705_3861,2018,0
2018100705_3883,2018,0
2018100705_3907,2018,0
2018100705_4039,2018,0
2018100705_4074,2018,0
2018100705_4165,2018,0
2018100705_417,2018,0
2018100705_449,2018,0
2018100705_4543,2018,0
2018100705_4572,2018,0
2018100705_4596,2018,0
2018100705_4654,2018,0
2018100705_4683,2018,0
2018100705_581,2018,0
2018100705_624,2018,0
2018100705_646,2018,0
2018100705_724,2018,0
2018100705_748,2018,0
2018100705_815,2018,0
2018100705_860,2018,1
2018100705_921,2018,0
2018100705_950,2018,0
2018100706_1152,2018,0
2018100706_1174,2018,0
2018100706_1333,2018,0
2018100706_1483,2018,0
2018100706_156,2018,0
2018100706_1585,2018,0
2018100706_1649,2018,0
2018100706_1671,2018,0
2018100706_2050,2018,0
2018100706_2121,2018,0
2018100706_2145,2018,0
2018100706_2317,2018,0
2018100706_2339,2018,0
2018100706_2411,2018,0
2018100706_2573,2018,0
2018100706_2691,2018,0
2018100706_2715,2018,0
2018100706_2814,2018,0
2018100706_2904,2018,0
2018100706_3098,2018,0
2018100706_3319,2018,0
2018100706_3343,2018,0
2018100706_3367,2018,0
2018100706_3412,2018,0
2018100706_3434,2018,0
2018100706_3482,2018,0
2018100706_3664,2018,0
2018100706_3704,2018,0
2018100706_3733,2018,0
2018100706_3757,2018,0
2018100706_3781,2018,0
2018100706_3803,2018,0
2018100706_4018,2018,0
2018100706_402,2018,0
2018100706_4059,2018,0
2018100706_4088,2018,0
2018100706_4117,2018,0
2018100706_4141,2018,0
2018100706_4165,2018,0
2018100706_4189,2018,0
2018100706_555,2018,0
2018100706_626,2018,0
2018100706_648,2018,0
2018100706_69,2018,0
2018100706_917,2018,0
2018100707_1018,2018,0
2018100707_1089,2018,0
2018100707_1113,2018,0
2018100707_1186,2018,0
2018100707_125,2018,0
2018100707_1265,2018,0
2018100707_1336,2018,0
2018100707_1417,2018,0
2018100707_1452,2018,0
2018100707_1540,2018,0
2018100707_1878,2018,0
2018100707_1987,2018,0
2018100707_2010,2018,0
2018100707_2047,2018,0
2018100707_2088,2018,0
2018100707_2189,2018,0
2018100707_2255,2018,0
2018100707_2343,2018,0
2018100707_2434,2018,0
2018100707_2481,2018,0
2018100707_2533,2018,0
2018100707_2671,2018,0
2018100707_2718,2018,0
2018100707_3041,2018,0
2018100707_3110,2018,0
2018100707_324,2018,0
2018100707_3324,2018,0
2018100707_3348,2018,0
2018100707_348,2018,0
2018100707_3529,2018,0
2018100707_3553,2018,0
2018100707_370,2018,0
2018100707_3866,2018,0
2018100707_3916,2018,0
2018100707_3957,2018,0
2018100707_3983,2018,0
2018100707_4007,2018,0
2018100707_4031,2018,0
2018100707_481,2018,0
2018100707_612,2018,0
2018100707_636,2018,0
2018100707_761,2018,0
2018100707_80,2018,0
2018100707_889,2018,0
2018100708_1046,2018,0
2018100708_1172,2018,0
2018100708_1215,2018,0
2018100708_129,2018,0
2018100708_1464,2018,0
2018100708_1515,2018,0
2018100708_1598,2018,0
2018100708_1622,2018,0
2018100708_1787,2018,0
2018100708_1811,2018,0
2018100708_1835,2018,0
2018100708_1859,2018,0
2018100708_1905,2018,0
2018100708_2142,2018,0
2018100708_2252,2018,0
2018100708_2345,2018,0
2018100708_2367,2018,0
2018100708_2423,2018,0
2018100708_2555,2018,0
2018100708_2600,2018,0
2018100708_2624,2018,0
2018100708_2818,2018,0
2018100708_2897,2018,0
2018100708_2956,2018,0
2018100708_3045,2018,0
2018100708_3090,2018,0
2018100708_311,2018,0
2018100708_3148,2018,0
2018100708_3172,2018,0
2018100708_3215,2018,0
2018100708_3285,2018,0
2018100708_400,2018,0
2018100708_466,2018,0
2018100708_511,2018,0
2018100708_533,2018,0
2018100708_576,2018,0
2018100708_621,2018,0
2018100708_645,2018,0
2018100708_728,2018,0
2018100708_773,2018,0
2018100708_79,2018,0
2018100708_831,2018,0
2018100708_917,2018,0
2018100709_1125,2018,0
2018100709_1191,2018,0
2018100709_1215,2018,0
2018100709_1260,2018,0
2018100709_1402,2018,0
2018100709_1447,2018,0
2018100709_1494,2018,0
2018100709_1535,2018,0
2018100709_1672,2018,0
2018100709_1985,2018,0
2018100709_2247,2018,0
2018100709_2422,2018,0
2018100709_2481,2018,0
2018100709_252,2018,0
2018100709_2530,2018,0
2018100709_2554,2018,0
2018100709_2618,2018,0
2018100709_2661,2018,0
2018100709_2833,2018,0
2018100709_2902,2018,0
2018100709_318,2018,0
2018100709_3216,2018,0
2018100709_3249,2018,0
2018100709_3330,2018,0
2018100709_340,2018,1
2018100709_3441,2018,0
2018100709_3521,2018,0
2018100709_3651,2018,0
2018100709_3675,2018,0
2018100709_3716,2018,0
2018100709_3830,2018,0
2018100709_408,2018,0
2018100709_453,2018,0
2018100709_539,2018,0
2018100709_682,2018,0
2018100709_704,2018,0
2018100709_75,2018,0
2018100709_785,2018,0
2018100709_840,2018,0
2018100709_885,2018,0
2018100709_909,2018,0
2018100710_103,2018,0
2018100710_1057,2018,0
2018100710_1176,2018,0
2018100710_1329,2018,0
2018100710_1431,2018,0
2018100710_1453,2018,0
2018100710_1511,2018,0
2018100710_1533,2018,0
2018100710_156,2018,0
2018100710_1579,2018,0
2018100710_1637,2018,0
2018100710_1661,2018,0
2018100710_1804,2018,0
2018100710_1912,2018,0
2018100710_1975,2018,0
2018100710_1999,2018,0
2018100710_2025,2018,0
2018100710_2317,2018,0
2018100710_2454,2018,0
2018100710_2524,2018,0
2018100710_2548,2018,0
2018100710_2574,2018,0
2018100710_2652,2018,0
2018100710_2695,2018,0
2018100710_2744,2018,0
2018100710_2816,2018,0
2018100710_2840,2018,0
2018100710_289,2018,0
2018100710_2915,2018,0
2018100710_2964,2018,0
2018100710_3114,2018,0
2018100710_3156,2018,0
2018100710_3360,2018,0
2018100710_3435,2018,0
2018100710_3508,2018,0
2018100710_355,2018,0
2018100710_3583,2018,0
2018100710_3742,2018,0
2018100710_3785,2018,0
2018100710_3948,2018,0
2018100710_3976,2018,0
2018100710_4035,2018,0
2018100710_4057,2018,0
2018100710_4283,2018,0
2018100710_4307,2018,0
2018100710_4335,2018,0
2018100710_4361,2018,0
2018100710_4390,2018,0
2018100710_4418,2018,0
2018100710_4444,2018,0
2018100710_4510,2018,0
2018100710_494,2018,0
2018100710_53,2018,0
2018100710_537,2018,0
2018100710_625,2018,0
2018100710_714,2018,0
2018100710_757,2018,0
2018100710_806,2018,0
2018100711_1018,2018,0
2018100711_1064,2018,0
2018100711_1125,2018,0
2018100711_1306,2018,0
2018100711_1399,2018,0
2018100711_1428,2018,0
2018100711_1501,2018,0
2018100711_1756,2018,0
2018100711_1856,2018,0
2018100711_2016,2018,0
2018100711_202,2018,0
2018100711_2085,2018,0
2018100711_2109,2018,0
2018100711_2133,2018,0
2018100711_2396,2018,0
2018100711_2448,2018,0
2018100711_2717,2018,0
2018100711_2816,2018,0
2018100711_3087,2018,0
2018100711_3218,2018,0
2018100711_3485,2018,0
2018100711_355,2018,0
2018100711_3692,2018,0
2018100711_3927,2018,0
2018100711_4032,2018,0
2018100711_450,2018,0
2018100711_479,2018,0
2018100711_669,2018,0
2018100711_698,2018,0
2018100711_722,2018,0
2018100711_853,2018,0
2018100711_88,2018,0
2018100712_1030,2018,0
2018100712_1101,2018,0
2018100712_1146,2018,0
2018100712_1222,2018,0
2018100712_1269,2018,0
2018100712_139,2018,1
2018100712_1634,2018,0
2018100712_1665,2018,0
2018100712_1689,2018,0
2018100712_1713,2018,0
2018100712_1783,2018,0
2018100712_1805,2018,0
2018100712_184,2018,0
2018100712_1939,2018,0
2018100712_2212,2018,0
2018100712_2334,2018,0
2018100712_2368,2018,0
2018100712_2474,2018,0
2018100712_2582,2018,0
2018100712_2666,2018,0
2018100712_2722,2018,0
2018100712_287,2018,0
2018100712_2897,2018,0
2018100712_2921,2018,0
2018100712_3038,2018,0
2018100712_3083,2018,0
2018100712_3142,2018,0
2018100712_3222,2018,0
2018100712_3246,2018,0
2018100712_3422,2018,0
2018100712_3467,2018,0
2018100712_3606,2018,0
2018100712_3767,2018,0
2018100712_3789,2018,0
2018100712_382,2018,0
2018100712_3841,2018,0
2018100712_3870,2018,0
2018100712_3892,2018,0
2018100712_4066,2018,0
2018100712_4111,2018,0
2018100712_4251,2018,0
2018100712_447,2018,0
2018100712_518,2018,0
2018100712_700,2018,0
2018100712_975,2018,0
2018100800_1031,2018,0
2018100800_1055,2018,0
2018100800_1231,2018,0
2018100800_1293,2018,0
2018100800_1315,2018,0
2018100800_1371,2018,0
2018100800_1395,2018,0
2018100800_1548,2018,0
2018100800_1694,2018,0
2018100800_1718,2018,0
2018100800_1771,2018,0
2018100800_1829,2018,0
2018100800_1939,2018,0
2018100800_1971,2018,0
2018100800_2084,2018,0
2018100800_2106,2018,0
2018100800_2135,2018,0
2018100800_2168,2018,0
2018100800_2201,2018,0
2018100800_2245,2018,0
2018100800_240,2018,0
2018100800_2453,2018,1
2018100800_2527,2018,0
2018100800_2595,2018,0
2018100800_2653,2018,0
2018100800_2760,2018,0
2018100800_2788,2018,0
2018100800_2968,2018,0
2018100800_297,2018,0
2018100800_3017,2018,0
2018100800_3065,2018,0
2018100800_3138,2018,0
2018100800_3192,2018,0
2018100800_3346,2018,0
2018100800_3467,2018,0
2018100800_3516,2018,0
2018100800_404,2018,0
2018100800_490,2018,0
2018100800_51,2018,0
2018100800_563,2018,0
2018100800_622,2018,0
2018100800_73,2018,0
2018100800_772,2018,0
2018100800_821,2018,0
2018100800_927,2018,0
2018100800_95,2018,0
2018101100_1046,2018,0
2018101100_111,2018,0
2018101100_1216,2018,0
2018101100_1240,2018,0
2018101100_1264,2018,0
2018101100_1334,2018,0
2018101100_135,2018,0
2018101100_1363,2018,0
2018101100_1416,2018,0
2018101100_1438,2018,0
2018101100_1485,2018,0
2018101100_1514,2018,0
2018101100_1536,2018,0
2018101100_161,2018,0
2018101100_1670,2018,0
2018101100_1692,2018,0
2018101100_1766,2018,0
2018101100_1996,2018,0
2018101100_204,2018,0
2018101100_2145,2018,0
2018101100_2212,2018,0
2018101100_2351,2018,0
2018101100_2515,2018,0
2018101100_2603,2018,0
2018101100_2810,2018,0
2018101100_287,2018,0
2018101100_2915,2018,0
2018101100_3005,2018,0
2018101100_3069,2018,0
2018101100_3114,2018,0
2018101100_3149,2018,0
2018101100_3235,2018,0
2018101100_3300,2018,0
2018101100_3322,2018,0
2018101100_3346,2018,0
2018101100_3376,2018,0
2018101100_3398,2018,0
2018101100_3515,2018,0
2018101100_353,2018,0
2018101100_3564,2018,0
2018101100_3630,2018,0
2018101100_3654,2018,0
2018101100_3699,2018,0
2018101100_3742,2018,0
2018101100_3764,2018,0
2018101100_3791,2018,0
2018101100_3813,2018,0
2018101100_3837,2018,0
2018101100_4222,2018,0
2018101100_4246,2018,0
2018101100_445,2018,0
2018101100_547,2018,0
2018101100_569,2018,0
2018101100_591,2018,0
2018101100_684,2018,0
2018101100_733,2018,0
2018101100_939,2018,0
2018101400_1113,2018,0
2018101400_1202,2018,0
2018101400_1231,2018,0
2018101400_1316,2018,0
2018101400_146,2018,0
2018101400_1531,2018,0
2018101400_1557,2018,0
2018101400_1701,2018,0
2018101400_191,2018,0
2018101400_1915,2018,0
2018101400_1944,2018,0
2018101400_1985,2018,0
2018101400_2185,2018,0
2018101400_2374,2018,0
2018101400_2408,2018,0
2018101400_2458,2018,0
2018101400_2537,2018,0
2018101400_2561,2018,0
2018101400_2670,2018,0
2018101400_2715,2018,0
2018101400_2961,2018,0
2018101400_2990,2018,0
2018101400_301,2018,0
2018101400_3080,2018,0
2018101400_3167,2018,0
2018101400_325,2018,0
2018101400_3257,2018,0
2018101400_3465,2018,0
2018101400_3520,2018,0
2018101400_3544,2018,0
2018101400_3566,2018,0
2018101400_3665,2018,0
2018101400_372,2018,0
2018101400_3788,2018,0
2018101400_3891,2018,0
2018101400_396,2018,0
2018101400_4071,2018,0
2018101400_4141,2018,0
2018101400_425,2018,0
2018101400_509,2018,0
2018101400_533,2018,0
2018101400_659,2018,0
2018101400_683,2018,0
2018101400_731,2018,0
2018101400_755,2018,0
2018101400_862,2018,0
2018101400_929,2018,0
2018101400_96,2018,0
2018101401_102,2018,0
2018101401_1112,2018,0
2018101401_1288,2018,0
2018101401_1416,2018,0
2018101401_1525,2018,0
2018101401_1549,2018,0
2018101401_1601,2018,0
2018101401_1675,2018,0
2018101401_173,2018,0
2018101401_1961,2018,0
2018101401_2141,2018,0
2018101401_2257,2018,0
2018101401_2310,2018,0
2018101401_2337,2018,0
2018101401_2580,2018,0
2018101401_2737,2018,0
2018101401_2759,2018,0
2018101401_2783,2018,0
2018101401_2830,2018,0
2018101401_2854,2018,0
2018101401_293,2018,0
2018101401_3063,2018,0
2018101401_3263,2018,0
2018101401_327,2018,0
2018101401_3311,2018,0
2018101401_3412,2018,0
2018101401_3436,2018,0
2018101401_349,2018,0
2018101401_3683,2018,0
2018101401_3746,2018,0
2018101401_3859,2018,0
2018101401_3943,2018,0
2018101401_3965,2018,0
2018101401_4020,2018,0
2018101401_4165,2018,0
2018101401_417,2018,0
2018101401_4189,2018,0
2018101401_439,2018,0
2018101401_602,2018,0
2018101401_624,2018,0
2018101401_646,2018,0
2018101401_78,2018,0
2018101401_780,2018,0
2018101401_873,2018,0
2018101401_902,2018,0
2018101401_958,2018,0
2018101402_1047,2018,0
2018101402_1094,2018,0
2018101402_1144,2018,0
2018101402_1166,2018,0
2018101402_1222,2018,0
2018101402_1335,2018,0
2018101402_1382,2018,0
2018101402_1506,2018,0
2018101402_1539,2018,0
2018101402_1604,2018,0
2018101402_1670,2018,0
2018101402_1731,2018,0
2018101402_1755,2018,0
2018101402_1777,2018,0
2018101402_1801,2018,0
2018101402_1823,2018,0
2018101402_1883,2018,0
2018101402_1907,2018,0
2018101402_1936,2018,0
2018101402_1958,2018,0
2018101402_2003,2018,0
2018101402_206,2018,0
2018101402_2070,2018,0
2018101402_2099,2018,0
2018101402_2140,2018,0
2018101402_2162,2018,0
2018101402_2227,2018,0
2018101402_2249,2018,0
2018101402_2499,2018,0
2018101402_2697,2018,0
2018101402_272,2018,0
2018101402_2777,2018,0
2018101402_3067,2018,0
2018101402_3091,2018,0
2018101402_3139,2018,0
2018101402_3182,2018,0
2018101402_3365,2018,0
2018101402_3387,2018,0
2018101402_3411,2018,0
2018101402_3766,2018,0
2018101402_3866,2018,0
2018101402_3964,2018,0
2018101402_3988,2018,0
2018101402_4023,2018,0
2018101402_4047,2018,0
2018101402_4119,2018,0
2018101402_413,2018,0
2018101402_426,2018,0
2018101402_454,2018,0
2018101402_599,2018,0
2018101402_679,2018,0
2018101402_69,2018,0
2018101402_785,2018,0
2018101402_877,2018,0
2018101402_972,2018,0
2018101403_1049,2018,0
2018101403_1073,2018,0
2018101403_1134,2018,0
2018101403_1182,2018,0
2018101403_1211,2018,0
2018101403_1284,2018,0
2018101403_1351,2018,0
2018101403_1702,2018,0
2018101403_1793,2018,0
2018101403_1920,2018,0
2018101403_206,2018,0
2018101403_2213,2018,0
2018101403_2279,2018,0
2018101403_2461,2018,0
2018101403_2508,2018,0
2018101403_2555,2018,0
2018101403_2579,2018,0
2018101403_3091,2018,0
2018101403_3237,2018,0
2018101403_3399,2018,0
2018101403_3452,2018,0
2018101403_3476,2018,0
2018101403_3657,2018,0
2018101403_3735,2018,0
2018101403_3790,2018,0
2018101403_3891,2018,0
2018101403_3924,2018,0
2018101403_425,2018,0
2018101403_502,2018,0
2018101403_598,2018,0
2018101403_643,2018,0
2018101403_886,2018,0
2018101404_1053,2018,0
2018101404_1101,2018,0
2018101404_1125,2018,0
2018101404_1249,2018,0
2018101404_1298,2018,0
2018101404_1322,2018,0
2018101404_139,2018,0
2018101404_1462,2018,0
2018101404_1569,2018,0
2018101404_1591,2018,0
2018101404_1615,2018,0
2018101404_1644,2018,0
2018101404_1705,2018,0
2018101404_180,2018,0
2018101404_1881,2018,0
2018101404_2003,2018,0
2018101404_2046,2018,0
2018101404_2072,2018,0
2018101404_2189,2018,0
2018101404_2213,2018,0
2018101404_223,2018,0
2018101404_2312,2018,0
2018101404_2336,2018,0
2018101404_2615,2018,0
2018101404_2639,2018,0
2018101404_2668,2018,1
2018101404_2846,2018,0
2018101404_2990,2018,0
2018101404_3012,2018,0
2018101404_3041,2018,0
2018101404_3237,2018,0
2018101404_3448,2018,0
2018101404_3499,2018,0
2018101404_3568,2018,0
2018101404_3592,2018,0
2018101404_362,2018,0
2018101404_3633,2018,0
2018101404_3714,2018,0
2018101404_3883,2018,0
2018101404_3905,2018,0
2018101404_4071,2018,0
2018101404_4321,2018,0
2018101404_490,2018,0
2018101404_584,2018,0
2018101404_608,2018,0
2018101404_72,2018,0
2018101404_908,2018,0
2018101404_932,2018,0
2018101405_113,2018,0
2018101405_1247,2018,0
2018101405_1315,2018,0
2018101405_1406,2018,0
2018101405_1456,2018,0
2018101405_1600,2018,0
2018101405_1624,2018,0
2018101405_165,2018,0
2018101405_1722,2018,0
2018101405_1907,2018,0
2018101405_1929,2018,0
2018101405_1953,2018,0
2018101405_1977,2018,0
2018101405_2162,2018,0
2018101405_2239,2018,0
2018101405_224,2018,0
2018101405_2322,2018,0
2018101405_2388,2018,0
2018101405_2412,2018,0
2018101405_2665,2018,0
2018101405_2710,2018,0
2018101405_2753,2018,0
2018101405_279,2018,0
2018101405_2798,2018,0
2018101405_2873,2018,0
2018101405_2932,2018,0
2018101405_2956,2018,0
2018101405_301,2018,0
2018101405_3100,2018,0
2018101405_3145,2018,0
2018101405_3194,2018,0
2018101405_3283,2018,0
2018101405_3335,2018,0
2018101405_3367,2018,0
2018101405_347,2018,0
2018101405_3578,2018,0
2018101405_3678,2018,0
2018101405_3702,2018,0
2018101405_371,2018,0
2018101405_3782,2018,0
2018101405_3840,2018,0
2018101405_400,2018,0
2018101405_428,2018,0
2018101405_574,2018,0
2018101405_60,2018,0
2018101405_765,2018,0
2018101405_834,2018,0
2018101405_89,2018,0
2018101405_978,2018,0
2018101406_1008,2018,0
2018101406_1069,2018,0
2018101406_1104,2018,0
2018101406_1157,2018,0
2018101406_1200,2018,0
2018101406_1558,2018,0
2018101406_1603,2018,0
2018101406_1658,2018,0
2018101406_170,2018,0
2018101406_1709,2018,0
2018101406_1733,2018,0
2018101406_1787,2018,0
2018101406_1809,2018,0
2018101406_1977,2018,0
2018101406_2040,2018,0
2018101406_2081,2018,0
2018101406_2122,2018,0
2018101406_2151,2018,0
2018101406_217,2018,0
2018101406_2276,2018,0
2018101406_2565,2018,0
2018101406_2750,2018,0
2018101406_2772,2018,0
2018101406_278,2018,0
2018101406_2857,2018,0
2018101406_2892,2018,0
2018101406_2958,2018,0
2018101406_3195,2018,0
2018101406_3328,2018,0
2018101406_3394,2018,0
2018101406_3464,2018,0
2018101406_3509,2018,0
2018101406_3706,2018,0
2018101406_378,2018,0
2018101406_3869,2018,0
2018101406_4215,2018,0
2018101406_4261,2018,0
2018101406_4283,2018,0
2018101406_4318,2018,0
2018101406_4342,2018,0
2018101406_4383,2018,0
2018101406_449,2018,0
2018101406_494,2018,0
2018101406_51,2018,0
2018101406_518,2018,0
2018101406_856,2018,0
2018101406_878,2018,0
2018101407_1022,2018,0
2018101407_1076,2018,0
2018101407_1109,2018,0
2018101407_1184,2018,0
2018101407_1208,2018,0
2018101407_1232,2018,0
2018101407_1372,2018,0
2018101407_1478,2018,0
2018101407_1671,2018,0
2018101407_1692,2018,0
2018101407_1733,2018,0
2018101407_1757,2018,0
2018101407_1803,2018,0
2018101407_1827,2018,0
2018101407_1888,2018,0
2018101407_1943,2018,0
2018101407_1990,2018,0
2018101407_211,2018,0
2018101407_2259,2018,0
2018101407_2315,2018,0
2018101407_235,2018,0
2018101407_2360,2018,0
2018101407_2384,2018,0
2018101407_2408,2018,0
2018101407_2505,2018,0
2018101407_2553,2018,0
2018101407_2607,2018,0
2018101407_2631,2018,0
2018101407_2702,2018,0
2018101407_2736,2018,0
2018101407_2762,2018,0
2018101407_278,2018,0
2018101407_2861,2018,0
2018101407_2963,2018,0
2018101407_3076,2018,0
2018101407_3100,2018,0
2018101407_3166,2018,0
2018101407_3190,2018,0
2018101407_3490,2018,0
2018101407_633,2018,0
2018101407_683,2018,0
2018101407_723,2018,0
2018101407_782,2018,1
2018101407_857,2018,0
2018101408_1033,2018,0
2018101408_1057,2018,0
2018101408_1211,2018,0
2018101408_1233,2018,0
2018101408_1257,2018,0
2018101408_1302,2018,0
2018101408_1366,2018,0
2018101408_1470,2018,0
2018101408_1515,2018,0
2018101408_1638,2018,0
2018101408_1700,2018,0
2018101408_1729,2018,0
2018101408_186,2018,0
2018101408_1886,2018,0
2018101408_1964,2018,0
2018101408_2034,2018,0
2018101408_2204,2018,0
2018101408_2256,2018,0
2018101408_2280,2018,0
2018101408_229,2018,0
2018101408_2304,2018,0
2018101408_2328,2018,0
2018101408_2397,2018,0
2018101408_2447,2018,0
2018101408_2584,2018,0
2018101408_2723,2018,0
2018101408_2795,2018,0
2018101408_2840,2018,0
2018101408_287,2018,0
2018101408_2885,2018,0
2018101408_2990,2018,0
2018101408_3143,2018,1
2018101408_3165,2018,0
2018101408_3213,2018,0
2018101408_3237,2018,0
2018101408_3265,2018,0
2018101408_3366,2018,0
2018101408_338,2018,0
2018101408_3486,2018,0
2018101408_3556,2018,0
2018101408_3645,2018,0
2018101408_3669,2018,0
2018101408_3809,2018,0
2018101408_381,2018,0
2018101408_474,2018,0
2018101408_565,2018,0
2018101408_857,2018,0
2018101408_951,2018,0
2018101409_1188,2018,0
2018101409_1266,2018,0
2018101409_1346,2018,0
2018101409_1402,2018,0
2018101409_1425,2018,0
2018101409_1576,2018,0
2018101409_1598,2018,0
2018101409_1689,2018,0
2018101409_1737,2018,0
2018101409_176,2018,0
2018101409_1778,2018,0
2018101409_1811,2018,0
2018101409_1835,2018,0
2018101409_1878,2018,0
2018101409_1924,2018,0
2018101409_2018,2018,0
2018101409_2218,2018,0
2018101409_2252,2018,0
2018101409_2274,2018,0
2018101409_2315,2018,0
2018101409_2340,2018,0
2018101409_2364,2018,0
2018101409_251,2018,0
2018101409_2516,2018,0
2018101409_2538,2018,0
2018101409_2562,2018,0
2018101409_274,2018,0
2018101409_2754,2018,0
2018101409_2853,2018,0
2018101409_298,2018,0
2018101409_3028,2018,0
2018101409_3127,2018,0
2018101409_3252,2018,0
2018101409_390,2018,0
2018101409_3906,2018,0
2018101409_3992,2018,0
2018101409_4016,2018,0
2018101409_4107,2018,0
2018101409_4129,2018,0
2018101409_541,2018,0
2018101409_735,2018,0
2018101409_785,2018,0
2018101410_1036,2018,0
2018101410_1064,2018,0
2018101410_1109,2018,0
2018101410_1133,2018,0
2018101410_1236,2018,0
2018101410_1298,2018,0
2018101410_142,2018,0
2018101410_1428,2018,0
2018101410_1670,2018,0
2018101410_1706,2018,0
2018101410_1749,2018,0
2018101410_1805,2018,0
2018101410_1840,2018,0
2018101410_1865,2018,0
2018101410_1955,2018,0
2018101410_2041,2018,0
2018101410_2150,2018,0
2018101410_2207,2018,0
2018101410_2263,2018,0
2018101410_2368,2018,0
2018101410_2387,2018,0
2018101410_2414,2018,0
2018101410_246,2018,0
2018101410_2460,2018,0
2018101410_2750,2018,0
2018101410_2797,2018,0
2018101410_2823,2018,0
2018101410_2916,2018,0
2018101410_3085,2018,0
2018101410_3109,2018,0
2018101410_3180,2018,0
2018101410_3332,2018,0
2018101410_3481,2018,0
2018101410_3503,2018,0
2018101410_624,2018,0
2018101410_856,2018,0
2018101410_93,2018,0
2018101410_997,2018,0
2018101411_1109,2018,0
2018101411_117,2018,0
2018101411_1189,2018,0
2018101411_1357,2018,0
2018101411_1381,2018,0
2018101411_1547,2018,0
2018101411_1592,2018,0
2018101411_1692,2018,0
2018101411_1776,2018,0
2018101411_1831,2018,0
2018101411_1940,2018,0
2018101411_1981,2018,0
2018101411_2169,2018,0
2018101411_2193,2018,0
2018101411_2259,2018,0
2018101411_2304,2018,0
2018101411_250,2018,0
2018101411_2720,2018,0
2018101411_2766,2018,0
2018101411_2953,2018,0
2018101411_3020,2018,0
2018101411_3044,2018,0
2018101411_3088,2018,0
2018101411_3353,2018,0
2018101411_3507,2018,0
2018101411_361,2018,0
2018101411_448,2018,0
2018101411_547,2018,0
2018101411_569,2018,0
2018101411_72,2018,0
2018101411_752,2018,0
2018101411_943,2018,0
2018101411_965,2018,0
2018101412_1114,2018,0
2018101412_1159,2018,0
2018101412_1407,2018,0
2018101412_1692,2018,0
2018101412_1773,2018,0
2018101412_1797,2018,1
2018101412_1819,2018,0
2018101412_2072,2018,0
2018101412_2130,2018,0
2018101412_229,2018,0
2018101412_2356,2018,0
2018101412_253,2018,0
2018101412_3130,2018,0
2018101412_3394,2018,0
2018101412_3520,2018,0
2018101412_3544,2018,0
2018101412_3776,2018,0
2018101412_439,2018,0
2018101412_51,2018,0
2018101412_569,2018,0
2018101412_717,2018,0
2018101500_1059,2018,0
2018101500_1104,2018,0
2018101500_1143,2018,0
2018101500_1178,2018,0
2018101500_1249,2018,0
2018101500_1349,2018,0
2018101500_1411,2018,0
2018101500_1435,2018,0
2018101500_1474,2018,0
2018101500_1559,2018,0
2018101500_162,2018,0
2018101500_1655,2018,0
2018101500_1677,2018,0
2018101500_2189,2018,0
2018101500_2255,2018,0
2018101500_2353,2018,0
2018101500_2377,2018,0
2018101500_2401,2018,0
2018101500_2467,2018,0
2018101500_247,2018,0
2018101500_2545,2018,0
2018101500_2638,2018,0
2018101500_2723,2018,0
2018101500_3086,2018,0
2018101500_3211,2018,0
2018101500_3235,2018,0
2018101500_3541,2018,0
2018101500_3582,2018,0
2018101500_3893,2018,0
2018101500_3965,2018,0
2018101500_480,2018,0
2018101500_565,2018,0
2018101500_674,2018,0
2018101500_763,2018,0
2018101500_808,2018,0
2018101500_913,2018,0
2018101500_996,2018,0
2018101800_1234,2018,0
2018101800_1279,2018,0
2018101800_1424,2018,0
2018101800_1446,2018,0
2018101800_1504,2018,0
2018101800_1549,2018,0
2018101800_1618,2018,0
2018101800_1703,2018,0
2018101800_1761,2018,0
2018101800_1785,2018,0
2018101800_1846,2018,0
2018101800_1868,2018,0
2018101800_1918,2018,0
2018101800_2068,2018,0
2018101800_2092,2018,0
2018101800_2157,2018,0
2018101800_2212,2018,0
2018101800_2442,2018,0
2018101800_2578,2018,0
2018101800_2624,2018,0
2018101800_2931,2018,0
2018101800_3003,2018,0
2018101800_3076,2018,0
2018101800_3211,2018,0
2018101800_3319,2018,0
2018101800_3428,2018,0
2018101800_3502,2018,0
2018101800_3526,2018,0
2018101800_3550,2018,0
2018101800_3596,2018,0
2018101800_3728,2018,0
2018101800_374,2018,0
2018101800_3881,2018,0
2018101800_3926,2018,0
2018101800_3979,2018,0
2018101800_398,2018,0
2018101800_4024,2018,0
2018101800_483,2018,0
2018101800_564,2018,0
2018101800_647,2018,0
2018101800_697,2018,0
2018101800_839,2018,0
2018101800_863,2018,0
2018101800_96,2018,0
2018102100_101,2018,0
2018102100_1133,2018,0
2018102100_1220,2018,0
2018102100_125,2018,0
2018102100_1410,2018,0
2018102100_1434,2018,0
2018102100_149,2018,0
2018102100_1501,2018,0
2018102100_1525,2018,0
2018102100_1573,2018,0
2018102100_1673,2018,0
2018102100_1702,2018,0
2018102100_171,2018,0
2018102100_1726,2018,0
2018102100_1816,2018,0
2018102100_1860,2018,0
2018102100_195,2018,0
2018102100_2307,2018,0
2018102100_2331,2018,0
2018102100_261,2018,0
2018102100_2704,2018,0
2018102100_2728,2018,0
2018102100_2750,2018,0
2018102100_2819,2018,0
2018102100_2885,2018,0
2018102100_3008,2018,0
2018102100_3156,2018,0
2018102100_3239,2018,0
2018102100_324,2018,0
2018102100_426,2018,0
2018102100_510,2018,0
2018102100_576,2018,0
2018102100_770,2018,0
2018102100_853,2018,0
2018102101_1107,2018,0
2018102101_1150,2018,0
2018102101_1224,2018,0
2018102101_1271,2018,0
2018102101_1332,2018,0
2018102101_1356,2018,0
2018102101_1423,2018,0
2018102101_1445,2018,0
2018102101_1507,2018,0
2018102101_1560,2018,0
2018102101_1784,2018,0
2018102101_1808,2018,0
2018102101_1832,2018,0
2018102101_201,2018,0
2018102101_2100,2018,0
2018102101_2129,2018,0
2018102101_2235,2018,0
2018102101_2322,2018,0
2018102101_2369,2018,0
2018102101_2470,2018,0
2018102101_2492,2018,0
2018102101_2586,2018,0
2018102101_2663,2018,0
2018102101_2758,2018,0
2018102101_2787,2018,0
2018102101_3097,2018,0
2018102101_3121,2018,0
2018102101_317,2018,0
2018102101_3466,2018,0
2018102101_3490,2018,0
2018102101_3524,2018,0
2018102101_3648,2018,0
2018102101_3845,2018,0
2018102101_390,2018,0
2018102101_3986,2018,0
2018102101_4010,2018,0
2018102101_4034,2018,0
2018102101_4058,2018,0
2018102101_4082,2018,0
2018102101_4106,2018,0
2018102101_624,2018,0
2018102101_648,2018,0
2018102101_695,2018,0
2018102101_765,2018,0
2018102101_808,2018,0
2018102101_933,2018,0
2018102101_98,2018,0
2018102102_1206,2018,0
2018102102_1605,2018,0
2018102102_161,2018,0
2018102102_1693,2018,0
2018102102_1715,2018,0
2018102102_1739,2018,0
2018102102_1799,2018,0
2018102102_2128,2018,0
2018102102_2254,2018,0
2018102102_2278,2018,0
2018102102_2300,2018,0
2018102102_2374,2018,0
2018102102_2725,2018,0
2018102102_2749,2018,0
2018102102_3161,2018,0
2018102102_3185,2018,0
2018102102_3209,2018,0
2018102102_3320,2018,1
2018102102_3411,2018,0
2018102102_3489,2018,0
2018102102_3661,2018,0
2018102102_3732,2018,0
2018102102_3756,2018,0
2018102102_3807,2018,0
2018102102_394,2018,0
2018102102_3989,2018,0
2018102102_4182,2018,0
2018102102_4232,2018,0
2018102102_4652,2018,0
2018102102_485,2018,0
2018102102_514,2018,0
2018102102_670,2018,0
2018102102_694,2018,1
2018102102_71,2018,0
2018102102_95,2018,0
2018102102_998,2018,0
2018102103_1026,2018,0
2018102103_1154,2018,0
2018102103_1178,2018,0
2018102103_1346,2018,0
2018102103_1370,2018,0
2018102103_1611,2018,0
2018102103_1798,2018,0
2018102103_1822,2018,0
2018102103_1896,2018,0
2018102103_1927,2018,0
2018102103_201,2018,0
2018102103_2083,2018,0
2018102103_2107,2018,0
2018102103_225,2018,0
2018102103_2263,2018,0
2018102103_2474,2018,0
2018102103_249,2018,0
2018102103_2533,2018,0
2018102103_2555,2018,0
2018102103_2607,2018,0
2018102103_2650,2018,0
2018102103_2693,2018,0
2018102103_2826,2018,0
2018102103_3016,2018,0
2018102103_3040,2018,0
2018102103_3068,2018,0
2018102103_3092,2018,0
2018102103_3198,2018,0
2018102103_3438,2018,0
2018102103_3521,2018,0
2018102103_3587,2018,0
2018102103_3611,2018,0
2018102103_60,2018,0
2018102103_645,2018,0
2018102103_830,2018,0
2018102103_916,2018,0
2018102103_981,2018,0
2018102104_1018,2018,0
2018102104_1126,2018,0
2018102104_133,2018,0
2018102104_1360,2018,0
2018102104_1384,2018,0
2018102104_1465,2018,0
2018102104_1508,2018,0
2018102104_1684,2018,0
2018102104_1886,2018,0
2018102104_1925,2018,0
2018102104_2027,2018,0
2018102104_216,2018,0
2018102104_2168,2018,0
2018102104_2219,2018,0
2018102104_2289,2018,0
2018102104_2334,2018,0
2018102104_2441,2018,0
2018102104_2488,2018,0
2018102104_2581,2018,0
2018102104_2627,2018,0
2018102104_2651,2018,0
2018102104_2675,2018,0
2018102104_2697,2018,0
2018102104_2867,2018,0
2018102104_3015,2018,0
2018102104_3247,2018,0
2018102104_3321,2018,0
2018102104_3354,2018,0
2018102104_3427,2018,0
2018102104_3451,2018,0
2018102104_354,2018,0
2018102104_3542,2018,0
2018102104_3880,2018,0
2018102104_3923,2018,0
2018102104_404,2018,0
2018102104_428,2018,0
2018102104_616,2018,0
2018102104_638,2018,0
2018102104_760,2018,0
2018102104_811,2018,0
2018102104_946,2018,0
2018102105_100,2018,0
2018102105_1142,2018,0
2018102105_1191,2018,0
2018102105_1220,2018,0
2018102105_1488,2018,0
2018102105_1572,2018,0
2018102105_1710,2018,0
2018102105_1734,2018,0
2018102105_1779,2018,0
2018102105_1803,2018,0
2018102105_1966,2018,0
2018102105_2116,2018,0
2018102105_2145,2018,0
2018102105_215,2018,0
2018102105_2253,2018,0
2018102105_2292,2018,0
2018102105_2314,2018,0
2018102105_239,2018,1
2018102105_2418,2018,0
2018102105_2468,2018,0
2018102105_2490,2018,0
2018102105_2514,2018,0
2018102105_2612,2018,0
2018102105_263,2018,0
2018102105_2736,2018,0
2018102105_2831,2018,0
2018102105_2975,2018,0
2018102105_3126,2018,0
2018102105_3148,2018,0
2018102105_3188,2018,0
2018102105_3221,2018,0
2018102105_3283,2018,0
2018102105_3509,2018,0
2018102105_351,2018,0
2018102105_3531,2018,0
2018102105_3560,2018,0
2018102105_3693,2018,0
2018102105_3780,2018,0
2018102105_394,2018,0
2018102105_3982,2018,0
2018102105_4068,2018,0
2018102105_4113,2018,0
2018102105_470,2018,0
2018102105_541,2018,0
2018102105_648,2018,0
2018102105_789,2018,0
2018102105_813,2018,0
2018102105_842,2018,0
2018102105_887,2018,0
2018102105_911,2018,0
2018102105_994,2018,0
2018102106_1037,2018,0
2018102106_1153,2018,0
2018102106_1299,2018,0
2018102106_1328,2018,0
2018102106_1352,2018,0
2018102106_1523,2018,0
2018102106_1628,2018,0
2018102106_171,2018,0
2018102106_1845,2018,0
2018102106_1965,2018,0
2018102106_2103,2018,0
2018102106_2327,2018,0
2018102106_2428,2018,0
2018102106_248,2018,0
2018102106_2494,2018,0
2018102106_2552,2018,0
2018102106_2643,2018,0
2018102106_2712,2018,0
2018102106_2781,2018,0
2018102106_2826,2018,0
2018102106_2881,2018,0
2018102106_2929,2018,0
2018102106_2951,2018,0
2018102106_298,2018,0
2018102106_3093,2018,0
2018102106_3213,2018,0
2018102106_3307,2018,0
2018102106_3441,2018,0
2018102106_507,2018,0
2018102106_606,2018,0
2018102106_803,2018,0
2018102106_921,2018,0
2018102106_974,2018,0
2018102107_1058,2018,0
2018102107_1104,2018,0
2018102107_1189,2018,0
2018102107_1263,2018,0
2018102107_1332,2018,0
2018102107_1359,2018,0
2018102107_138,2018,0
2018102107_1434,2018,0
2018102107_1475,2018,1
2018102107_1565,2018,0
2018102107_1659,2018,0
2018102107_1683,2018,0
2018102107_1748,2018,0
2018102107_1974,2018,0
2018102107_2362,2018,0
2018102107_2456,2018,0
2018102107_2635,2018,0
2018102107_2733,2018,0
2018102107_2804,2018,0
2018102107_2932,2018,0
2018102107_2980,2018,0
2018102107_3200,2018,0
2018102107_3381,2018,0
2018102107_3447,2018,0
2018102107_3498,2018,0
2018102107_3520,2018,0
2018102107_363,2018,0
2018102107_3733,2018,0
2018102107_3761,2018,0
2018102107_3944,2018,0
2018102107_3995,2018,0
2018102107_4019,2018,0
2018102107_4041,2018,0
2018102107_4277,2018,0
2018102107_4343,2018,0
2018102107_4365,2018,0
2018102107_4389,2018,0
2018102107_4457,2018,0
2018102107_4500,2018,0
2018102107_4522,2018,0
2018102107_4558,2018,0
2018102107_534,2018,0
2018102107_698,2018,0
2018102107_763,2018,0
2018102107_829,2018,0
2018102107_890,2018,0
2018102108_101,2018,0
2018102108_1055,2018,0
2018102108_1220,2018,0
2018102108_1417,2018,0
2018102108_1647,2018,0
2018102108_1682,2018,0
2018102108_1790,2018,0
2018102108_1835,2018,0
2018102108_1992,2018,0
2018102108_2119,2018,0
2018102108_216,2018,0
2018102108_2164,2018,0
2018102108_2355,2018,0
2018102108_2377,2018,0
2018102108_238,2018,0
2018102108_2526,2018,0
2018102108_2634,2018,0
2018102108_2658,2018,0
2018102108_2682,2018,0
2018102108_2730,2018,0
2018102108_2872,2018,0
2018102108_2920,2018,0
2018102108_2950,2018,0
2018102108_3012,2018,0
2018102108_3089,2018,0
2018102108_3175,2018,0
2018102108_3199,2018,0
2018102108_322,2018,0
2018102108_3223,2018,0
2018102108_3307,2018,0
2018102108_346,2018,0
2018102108_3485,2018,0
2018102108_3723,2018,0
2018102108_3845,2018,0
2018102108_486,2018,0
2018102108_51,2018,0
2018102108_510,2018,0
2018102108_532,2018,0
2018102108_593,2018,0
2018102108_686,2018,0
2018102108_769,2018,0
2018102108_899,2018,0
2018102108_923,2018,0
2018102109_1072,2018,0
2018102109_1182,2018,0
2018102109_1449,2018,0
2018102109_1547,2018,0
2018102109_1571,2018,0
2018102109_1612,2018,0
2018102109_165,2018,0
2018102109_1657,2018,0
2018102109_1681,2018,0
2018102109_1756,2018,0
2018102109_1897,2018,0
2018102109_1921,2018,0
2018102109_1945,2018,0
2018102109_1980,2018,0
2018102109_2002,2018,0
2018102109_2024,2018,0
2018102109_2193,2018,0
2018102109_2431,2018,0
2018102109_2510,2018,0
2018102109_2532,2018,0
2018102109_2638,2018,0
2018102109_2732,2018,0
2018102109_2802,2018,0
2018102109_2876,2018,0
2018102109_2946,2018,0
2018102109_3012,2018,0
2018102109_3124,2018,0
2018102109_3228,2018,0
2018102109_3250,2018,0
2018102109_3357,2018,0
2018102109_3381,2018,0
2018102109_3541,2018,0
2018102109_3597,2018,0
2018102109_3632,2018,0
2018102109_3707,2018,0
2018102109_3754,2018,0
2018102109_3842,2018,0
2018102109_3931,2018,0
2018102109_398,2018,0
2018102109_3982,2018,0
2018102109_4083,2018,0
2018102109_4107,2018,0
2018102109_4163,2018,0
2018102109_420,2018,0
2018102109_4399,2018,0
2018102109_4423,2018,0
2018102109_4496,2018,0
2018102109_4520,2018,0
2018102109_4623,2018,0
2018102109_463,2018,0
2018102109_4704,2018,0
2018102109_4811,2018,0
2018102109_51,2018,0
2018102109_529,2018,0
2018102109_663,2018,0
2018102109_75,2018,0
2018102109_789,2018,0
2018102109_836,2018,0
2018102109_860,2018,0
2018102109_884,2018,0
2018102109_930,2018,0
2018102110_1075,2018,0
2018102110_1222,2018,0
2018102110_1326,2018,0
2018102110_1482,2018,0
2018102110_1568,2018,0
2018102110_1642,2018,0
2018102110_1666,2018,0
2018102110_1688,2018,0
2018102110_1751,2018,0
2018102110_1773,2018,0
2018102110_2049,2018,0
2018102110_2071,2018,0
2018102110_2264,2018,0
2018102110_2332,2018,0
2018102110_2402,2018,0
2018102110_2426,2018,0
2018102110_2505,2018,0
2018102110_262,2018,0
2018102110_2732,2018,0
2018102110_2857,2018,0
2018102110_2945,2018,0
2018102110_3034,2018,0
2018102110_312,2018,0
2018102110_3163,2018,0
2018102110_3187,2018,0
2018102110_3245,2018,0
2018102110_3267,2018,0
2018102110_3515,2018,0
2018102110_363,2018,0
2018102110_3736,2018,0
2018102110_574,2018,0
2018102110_596,2018,0
2018102110_664,2018,0
2018102110_72,2018,0
2018102110_726,2018,0
2018102110_771,2018,0
2018102110_867,2018,0
2018102110_961,2018,0
2018102111_1045,2018,0
2018102111_1146,2018,0
2018102111_1221,2018,0
2018102111_1395,2018,0
2018102111_1471,2018,0
2018102111_1495,2018,0
2018102111_1545,2018,0
2018102111_1598,2018,0
2018102111_1663,2018,0
2018102111_1708,2018,0
2018102111_175,2018,0
2018102111_1912,2018,0
2018102111_2116,2018,0
2018102111_2140,2018,0
2018102111_2220,2018,0
2018102111_2244,2018,0
2018102111_2297,2018,0
2018102111_234,2018,0
2018102111_2418,2018,0
2018102111_2539,2018,0
2018102111_2798,2018,0
2018102111_2826,2018,0
2018102111_2999,2018,0
2018102111_3057,2018,0
2018102111_3193,2018,0
2018102111_3217,2018,0
2018102111_3399,2018,0
2018102111_3448,2018,0
2018102111_3699,2018,0
2018102111_3787,2018,0
2018102111_3809,2018,0
2018102111_392,2018,0
2018102111_471,2018,0
2018102111_568,2018,0
2018102111_592,2018,0
2018102111_644,2018,0
2018102111_672,2018,0
2018102111_755,2018,0
2018102111_783,2018,0
2018102111_809,2018,0
2018102200_1027,2018,0
2018102200_1107,2018,0
2018102200_1129,2018,0
2018102200_1199,2018,0
2018102200_1280,2018,0
2018102200_1309,2018,0
2018102200_1404,2018,0
2018102200_1483,2018,0
2018102200_1569,2018,0
2018102200_1593,2018,0
2018102200_1702,2018,0
2018102200_1834,2018,0
2018102200_1856,2018,0
2018102200_1882,2018,0
2018102200_2040,2018,0
2018102200_217,2018,0
2018102200_2263,2018,0
2018102200_2379,2018,0
2018102200_2403,2018,0
2018102200_241,2018,0
2018102200_2511,2018,0
2018102200_2665,2018,0
2018102200_2687,2018,0
2018102200_2709,2018,0
2018102200_275,2018,0
2018102200_2862,2018,0
2018102200_2907,2018,0
2018102200_3014,2018,0
2018102200_3038,2018,0
2018102200_3086,2018,0
2018102200_3245,2018,0
2018102200_3329,2018,0
2018102200_335,2018,0
2018102200_3379,2018,0
2018102200_3431,2018,0
2018102200_3455,2018,0
2018102200_3489,2018,0
2018102200_3518,2018,0
2018102200_3540,2018,0
2018102200_364,2018,0
2018102200_3653,2018,0
2018102200_3703,2018,0
2018102200_3785,2018,0
2018102200_3980,2018,0
2018102200_4009,2018,0
2018102200_4055,2018,0
2018102200_412,2018,0
2018102200_550,2018,0
2018102200_579,2018,0
2018102200_59,2018,0
2018102200_767,2018,0
2018102200_889,2018,0
2018102200_937,2018,0
2018102500_1022,2018,0
2018102500_103,2018,0
2018102500_1069,2018,0
2018102500_1125,2018,0
2018102500_1175,2018,0
2018102500_1313,2018,0
2018102500_1390,2018,0
2018102500_1412,2018,0
2018102500_1436,2018,0
2018102500_1496,2018,0
2018102500_1570,2018,0
2018102500_1609,2018,0
2018102500_1633,2018,0
2018102500_1655,2018,1
2018102500_1859,2018,0
2018102500_1905,2018,0
2018102500_1930,2018,0
2018102500_1952,2018,0
2018102500_198,2018,0
2018102500_1995,2018,0
2018102500_2286,2018,0
2018102500_2310,2018,0
2018102500_2487,2018,0
2018102500_2571,2018,0
2018102500_2593,2018,0
2018102500_273,2018,0
2018102500_2829,2018,0
2018102500_2910,2018,0
2018102500_3029,2018,0
2018102500_3095,2018,0
2018102500_3196,2018,0
2018102500_3313,2018,0
2018102500_3358,2018,0
2018102500_3386,2018,0
2018102500_340,2018,0
2018102500_362,2018,0
2018102500_3729,2018,0
2018102500_3755,2018,0
2018102500_3897,2018,0
2018102500_4099,2018,0
2018102500_4123,2018,0
2018102500_4147,2018,0
2018102500_456,2018,0
2018102500_551,2018,0
2018102500_709,2018,0
2018102500_814,2018,0
2018102500_889,2018,0
2018102800_1156,2018,0
2018102800_1180,2018,0
2018102800_1279,2018,0
2018102800_1353,2018,0
2018102800_1466,2018,0
2018102800_1531,2018,0
2018102800_1612,2018,0
2018102800_1744,2018,0
2018102800_176,2018,0
2018102800_1790,2018,0
2018102800_1878,2018,0
2018102800_1917,2018,0
2018102800_1941,2018,0
2018102800_1986,2018,0
2018102800_205,2018,0
2018102800_2141,2018,0
2018102800_2165,2018,0
2018102800_2187,2018,0
2018102800_2211,2018,0
2018102800_2281,2018,0
2018102800_2303,2018,0
2018102800_2387,2018,0
2018102800_2484,2018,0
2018102800_2548,2018,0
2018102800_2572,2018,0
2018102800_2658,2018,0
2018102800_2682,2018,0
2018102800_2750,2018,0
2018102800_2806,2018,0
2018102800_2862,2018,0
2018102800_2943,2018,0
2018102800_2994,2018,0
2018102800_3018,2018,0
2018102800_3053,2018,0
2018102800_3075,2018,0
2018102800_3190,2018,0
2018102800_3212,2018,0
2018102800_3383,2018,0
2018102800_3426,2018,0
2018102800_3450,2018,0
2018102800_3472,2018,0
2018102800_3515,2018,0
2018102800_3643,2018,0
2018102800_528,2018,0
2018102800_618,2018,0
2018102800_663,2018,0
2018102800_695,2018,0
2018102800_878,2018,0
2018102800_902,2018,0
2018102801_1039,2018,0
2018102801_1146,2018,0
2018102801_1216,2018,0
2018102801_1261,2018,0
2018102801_1283,2018,0
2018102801_1307,2018,0
2018102801_1331,2018,0
2018102801_145,2018,0
2018102801_1548,2018,0
2018102801_1679,2018,0
2018102801_169,2018,0
2018102801_1742,2018,0
2018102801_1793,2018,0
2018102801_1934,2018,0
2018102801_1994,2018,0
2018102801_2060,2018,0
2018102801_2225,2018,0
2018102801_2255,2018,0
2018102801_2404,2018,0
2018102801_2428,2018,0
2018102801_2476,2018,0
2018102801_2564,2018,0
2018102801_2648,2018,0
2018102801_2699,2018,0
2018102801_2880,2018,0
2018102801_2925,2018,0
2018102801_2976,2018,0
2018102801_3072,2018,0
2018102801_3094,2018,0
2018102801_3152,2018,0
2018102801_3191,2018,0
2018102801_3215,2018,0
2018102801_3260,2018,0
2018102801_3453,2018,0
2018102801_354,2018,0
2018102801_3548,2018,0
2018102801_3593,2018,0
2018102801_3884,2018,0
2018102801_3963,2018,0
2018102801_3998,2018,0
2018102801_4022,2018,0
2018102801_445,2018,0
2018102801_469,2018,0
2018102801_514,2018,0
2018102801_598,2018,0
2018102801_721,2018,0
2018102801_745,2018,0
2018102801_769,2018,0
2018102801_964,2018,0
2018102802_1307,2018,0
2018102802_131,2018,0
2018102802_1374,2018,0
2018102802_1517,2018,0
2018102802_1596,2018,0
2018102802_1674,2018,0
2018102802_1734,2018,0
2018102802_1758,2018,0
2018102802_1836,2018,0
2018102802_1879,2018,0
2018102802_2087,2018,0
2018102802_2134,2018,0
2018102802_2194,2018,0
2018102802_2260,2018,0
2018102802_2471,2018,0
2018102802_2495,2018,0
2018102802_2540,2018,0
2018102802_269,2018,0
2018102802_2797,2018,0
2018102802_2901,2018,0
2018102802_3116,2018,0
2018102802_3161,2018,0
2018102802_3258,2018,0
2018102802_3329,2018,0
2018102802_3478,2018,0
2018102802_3502,2018,0
2018102802_3524,2018,0
2018102802_3679,2018,0
2018102802_3878,2018,0
2018102802_3900,2018,0
2018102802_3924,2018,0
2018102802_3967,2018,0
2018102802_476,2018,0
2018102802_674,2018,0
2018102802_867,2018,0
2018102802_953,2018,0
2018102803_1159,2018,0
2018102803_1215,2018,0
2018102803_1267,2018,0
2018102803_1315,2018,0
2018102803_1339,2018,0
2018102803_1361,2018,0
2018102803_142,2018,0
2018102803_1438,2018,0
2018102803_1495,2018,0
2018102803_1596,2018,0
2018102803_1753,2018,0
2018102803_1818,2018,0
2018102803_2092,2018,0
2018102803_2209,2018,0
2018102803_2231,2018,0
2018102803_2260,2018,0
2018102803_2282,2018,0
2018102803_2323,2018,0
2018102803_2351,2018,0
2018102803_2373,2018,0
2018102803_2395,2018,0
2018102803_2515,2018,0
2018102803_2561,2018,0
2018102803_2668,2018,0
2018102803_2692,2018,0
2018102803_2725,2018,0
2018102803_275,2018,0
2018102803_2777,2018,0
2018102803_2987,2018,0
2018102803_3051,2018,0
2018102803_3119,2018,0
2018102803_3320,2018,0
2018102803_3403,2018,0
2018102803_341,2018,0
2018102803_3462,2018,0
2018102803_3556,2018,0
2018102803_3672,2018,0
2018102803_3804,2018,0
2018102803_3888,2018,0
2018102803_3991,2018,0
2018102803_401,2018,0
2018102803_4289,2018,0
2018102803_4330,2018,0
2018102803_4354,2018,0
2018102803_4385,2018,0
2018102803_4471,2018,0
2018102803_466,2018,0
2018102803_4673,2018,0
2018102803_4697,2018,0
2018102803_4757,2018,0
2018102803_748,2018,0
2018102803_929,2018,0
2018102803_94,2018,0
2018102803_953,2018,0
2018102804_1027,2018,0
2018102804_1128,2018,0
2018102804_1373,2018,0
2018102804_1662,2018,0
2018102804_1686,2018,0
2018102804_170,2018,0
2018102804_1708,2018,0
2018102804_1869,2018,0
2018102804_1922,2018,0
2018102804_2267,2018,0
2018102804_2320,2018,0
2018102804_2346,2018,0
2018102804_2396,2018,0
2018102804_2425,2018,0
2018102804_2810,2018,0
2018102804_2832,2018,0
2018102804_2885,2018,0
2018102804_2912,2018,0
2018102804_2936,2018,0
2018102804_2993,2018,0
2018102804_3017,2018,0
2018102804_3041,2018,0
2018102804_3063,2018,0
2018102804_3213,2018,0
2018102804_3237,2018,0
2018102804_3265,2018,0
2018102804_3400,2018,0
2018102804_3424,2018,0
2018102804_348,2018,0
2018102804_3481,2018,0
2018102804_3505,2018,0
2018102804_459,2018,0
2018102804_530,2018,0
2018102804_554,2018,0
2018102804_576,2018,0
2018102804_598,2018,0
2018102804_704,2018,0
2018102804_901,2018,0
2018102805_1079,2018,0
2018102805_1248,2018,0
2018102805_1327,2018,0
2018102805_1593,2018,0
2018102805_1617,2018,0
2018102805_1652,2018,0
2018102805_1798,2018,0
2018102805_1892,2018,0
2018102805_1916,2018,0
2018102805_1947,2018,0
2018102805_2151,2018,0
2018102805_2295,2018,0
2018102805_2317,2018,0
2018102805_2352,2018,0
2018102805_2485,2018,0
2018102805_2614,2018,0
2018102805_2771,2018,0
2018102805_313,2018,0
2018102805_3303,2018,0
2018102805_337,2018,0
2018102805_3377,2018,0
2018102805_3587,2018,0
2018102805_3864,2018,0
2018102805_3888,2018,0
2018102805_3912,2018,0
2018102805_3934,2018,0
2018102805_3958,2018,0
2018102805_3982,2018,0
2018102805_4015,2018,0
2018102805_4039,2018,0
2018102805_4078,2018,0
2018102805_471,2018,0
2018102805_495,2018,0
2018102805_644,2018,0
2018102805_72,2018,0
2018102805_758,2018,0
2018102806_1034,2018,0
2018102806_1062,2018,0
2018102806_1111,2018,0
2018102806_1180,2018,0
2018102806_1225,2018,1
2018102806_1270,2018,0
2018102806_1392,2018,0
2018102806_1438,2018,0
2018102806_1477,2018,0
2018102806_1538,2018,0
2018102806_1584,2018,0
2018102806_1667,2018,0
2018102806_1689,2018,0
2018102806_1730,2018,0
2018102806_1812,2018,0
2018102806_1834,2018,0
2018102806_1858,2018,0
2018102806_2006,2018,0
2018102806_2109,2018,0
2018102806_2131,2018,0
2018102806_2176,2018,0
2018102806_2200,2018,0
2018102806_2292,2018,0
2018102806_2382,2018,0
2018102806_2470,2018,0
2018102806_2552,2018,0
2018102806_2600,2018,0
2018102806_2719,2018,0
2018102806_2771,2018,0
2018102806_279,2018,0
2018102806_2793,2018,0
2018102806_2839,2018,0
2018102806_2863,2018,0
2018102806_3086,2018,0
2018102806_3110,2018,0
2018102806_3151,2018,0
2018102806_3253,2018,0
2018102806_3329,2018,0
2018102806_345,2018,0
2018102806_3456,2018,0
2018102806_3478,2018,0
2018102806_3587,2018,0
2018102806_3786,2018,0
2018102806_3827,2018,0
2018102806_3856,2018,0
2018102806_387,2018,0
2018102806_3903,2018,0
2018102806_3944,2018,0
2018102806_3968,2018,0
2018102806_4015,2018,0
2018102806_4037,2018,0
2018102806_4061,2018,0
2018102806_4083,2018,0
2018102806_4129,2018,0
2018102806_4153,2018,0
2018102806_4175,2018,0
2018102806_460,2018,0
2018102806_51,2018,0
2018102806_638,2018,0
2018102806_717,2018,0
2018102806_75,2018,0
2018102806_785,2018,0
2018102806_877,2018,0
2018102806_97,2018,0
2018102807_101,2018,0
2018102807_1032,2018,0
2018102807_1169,2018,0
2018102807_1191,2018,0
2018102807_1215,2018,0
2018102807_1239,2018,0
2018102807_1261,2018,0
2018102807_1290,2018,0
2018102807_151,2018,0
2018102807_1576,2018,0
2018102807_1621,2018,0
2018102807_1645,2018,0
2018102807_1669,2018,0
2018102807_177,2018,0
2018102807_2202,2018,0
2018102807_222,2018,0
2018102807_2248,2018,0
2018102807_2272,2018,0
2018102807_2294,2018,0
2018102807_2344,2018,0
2018102807_246,2018,0
2018102807_2512,2018,0
2018102807_270,2018,0
2018102807_2760,2018,0
2018102807_3013,2018,0
2018102807_3143,2018,0
2018102807_3188,2018,0
2018102807_3243,2018,0
2018102807_3284,2018,0
2018102807_3396,2018,0
2018102807_3493,2018,0
2018102807_404,2018,0
2018102807_4047,2018,0
2018102807_4095,2018,0
2018102807_4170,2018,0
2018102807_4194,2018,0
2018102807_4216,2018,0
2018102807_460,2018,0
2018102807_546,2018,0
2018102807_592,2018,0
2018102807_625,2018,0
2018102807_69,2018,0
2018102807_855,2018,0
2018102808_1000,2018,0
2018102808_1073,2018,0
2018102808_1218,2018,0
2018102808_1330,2018,0
2018102808_1443,2018,0
2018102808_1534,2018,0
2018102808_157,2018,0
2018102808_1656,2018,0
2018102808_1678,2018,0
2018102808_181,2018,0
2018102808_2036,2018,0
2018102808_205,2018,0
2018102808_2166,2018,0
2018102808_2190,2018,0
2018102808_2600,2018,0
2018102808_2624,2018,0
2018102808_2680,2018,0
2018102808_2725,2018,0
2018102808_2837,2018,1
2018102808_2893,2018,0
2018102808_2947,2018,0
2018102808_3002,2018,0
2018102808_3057,2018,0
2018102808_3134,2018,0
2018102808_3223,2018,0
2018102808_3330,2018,0
2018102808_3517,2018,0
2018102808_374,2018,0
2018102808_3842,2018,0
2018102808_3864,2018,0
2018102808_3888,2018,0
2018102808_3910,2018,0
2018102808_3972,2018,0
2018102808_4013,2018,0
2018102808_445,2018,0
2018102808_469,2018,0
2018102808_58,2018,0
2018102808_582,2018,0
2018102808_659,2018,0
2018102808_763,2018,0
2018102808_791,2018,0
2018102808_906,2018,0
2018102808_968,2018,0
2018102809_1053,2018,0
2018102809_1077,2018,0
2018102809_1101,2018,0
2018102809_1123,2018,0
2018102809_1256,2018,0
2018102809_1368,2018,0
2018102809_1547,2018,0
2018102809_1571,2018,0
2018102809_1642,2018,0
2018102809_1706,2018,0
2018102809_1747,2018,0
2018102809_198,2018,0
2018102809_2027,2018,0
2018102809_2123,2018,0
2018102809_2168,2018,0
2018102809_2310,2018,0
2018102809_2349,2018,0
2018102809_2467,2018,0
2018102809_2622,2018,0
2018102809_2667,2018,0
2018102809_269,2018,0
2018102809_2874,2018,0
2018102809_3027,2018,0
2018102809_3072,2018,0
2018102809_3099,2018,0
2018102809_3156,2018,0
2018102809_3299,2018,0
2018102809_3387,2018,0
2018102809_3783,2018,0
2018102809_3846,2018,0
2018102809_3870,2018,0
2018102809_3916,2018,0
2018102809_4026,2018,0
2018102809_4048,2018,0
2018102809_4072,2018,0
2018102809_4172,2018,0
2018102809_4235,2018,0
2018102809_499,2018,0
2018102809_521,2018,0
2018102809_579,2018,0
2018102809_622,2018,0
2018102809_886,2018,0
2018102809_932,2018,0
2018102810_1005,2018,0
2018102810_1088,2018,0
2018102810_1133,2018,0
2018102810_117,2018,0
2018102810_1271,2018,0
2018102810_1327,2018,0
2018102810_1394,2018,0
2018102810_1502,2018,0
2018102810_1616,2018,0
2018102810_1818,2018,0
2018102810_2208,2018,0
2018102810_2230,2018,0
2018102810_2316,2018,0
2018102810_2340,2018,0
2018102810_2364,2018,0
2018102810_2557,2018,0
2018102810_256,2018,0
2018102810_2726,2018,0
2018102810_2856,2018,0
2018102810_2989,2018,0
2018102810_3066,2018,0
2018102810_3105,2018,0
2018102810_3263,2018,0
2018102810_3287,2018,0
2018102810_3369,2018,0
2018102810_3427,2018,0
2018102810_3451,2018,0
2018102810_3481,2018,0
2018102810_390,2018,0
2018102810_661,2018,0
2018102810_93,2018,0
2018102810_952,2018,0
2018102811_1007,2018,0
2018102811_1119,2018,1
2018102811_1143,2018,0
2018102811_1188,2018,0
2018102811_1429,2018,0
2018102811_1520,2018,0
2018102811_1542,2018,0
2018102811_1834,2018,0
2018102811_192,2018,0
2018102811_2008,2018,0
2018102811_2079,2018,0
2018102811_2217,2018,0
2018102811_2284,2018,0
2018102811_2567,2018,0
2018102811_2713,2018,0
2018102811_2742,2018,0
2018102811_2804,2018,0
2018102811_2903,2018,0
2018102811_3007,2018,0
2018102811_3092,2018,0
2018102811_3119,2018,0
2018102811_3164,2018,0
2018102811_3212,2018,0
2018102811_3283,2018,0
2018102811_3716,2018,0
2018102811_3740,2018,0
2018102811_3764,2018,0
2018102811_605,2018,0
2018102811_778,2018,0
2018102811_79,2018,0
2018102811_803,2018,0
2018102811_827,2018,0
2018102811_938,2018,0
2018102811_962,2018,0
2018102900_106,2018,0
2018102900_1238,2018,0
2018102900_1266,2018,0
2018102900_1364,2018,0
2018102900_1392,2018,0
2018102900_1585,2018,0
2018102900_160,2018,0
2018102900_1678,2018,0
2018102900_1750,2018,0
2018102900_1772,2018,0
2018102900_2023,2018,0
2018102900_2068,2018,0
2018102900_2192,2018,0
2018102900_2216,2018,0
2018102900_2248,2018,0
2018102900_2276,2018,0
2018102900_2322,2018,0
2018102900_2551,2018,0
2018102900_2763,2018,0
2018102900_2986,2018,1
2018102900_3064,2018,0
2018102900_3156,2018,0
2018102900_3386,2018,0
2018102900_3408,2018,0
2018102900_3512,2018,0
2018102900_3620,2018,0
2018102900_3665,2018,0
2018102900_3732,2018,0
2018102900_3756,2018,0
2018102900_3835,2018,0
2018102900_4057,2018,0
2018102900_408,2018,0
2018102900_4090,2018,0
2018102900_4204,2018,0
2018102900_4232,2018,0
2018102900_4364,2018,0
2018102900_4422,2018,0
2018102900_445,2018,0
2018102900_4536,2018,0
2018102900_473,2018,0
2018102900_4746,2018,0
2018102900_4928,2018,0
2018102900_506,2018,0
2018102900_534,2018,0
2018102900_613,2018,0
2018102900_639,2018,0
2018102900_689,2018,0
2018110100_1058,2018,0
2018110100_1159,2018,0
2018110100_1224,2018,0
2018110100_1293,2018,0
2018110100_130,2018,0
2018110100_1420,2018,0
2018110100_1451,2018,0
2018110100_1519,2018,0
2018110100_1541,2018,0
2018110100_1565,2018,0
2018110100_1798,2018,0
2018110100_1888,2018,0
2018110100_2056,2018,0
2018110100_2210,2018,0
2018110100_2294,2018,0
2018110100_2417,2018,0
2018110100_2451,2018,0
2018110100_2706,2018,0
2018110100_2730,2018,0
2018110100_2858,2018,0
2018110100_311,2018,0
2018110100_3523,2018,0
2018110100_3612,2018,0
2018110100_3657,2018,0
2018110100_387,2018,0
2018110100_707,2018,0
2018110100_731,2018,0
2018110100_75,2018,0
2018110100_784,2018,0
2018110100_834,2018,0
2018110400_1081,2018,0
2018110400_1135,2018,0
2018110400_1157,2018,0
2018110400_1203,2018,0
2018110400_1383,2018,0
2018110400_1678,2018,0
2018110400_1827,2018,0
2018110400_1995,2018,0
2018110400_205,2018,0
2018110400_2055,2018,0
2018110400_2152,2018,0
2018110400_2195,2018,0
2018110400_231,2018,0
2018110400_2332,2018,0
2018110400_2363,2018,0
2018110400_2513,2018,0
2018110400_2547,2018,0
2018110400_2571,2018,0
2018110400_2638,2018,0
2018110400_271,2018,0
2018110400_2739,2018,0
2018110400_2768,2018,0
2018110400_2816,2018,0
2018110400_2930,2018,0
2018110400_3081,2018,0
2018110400_3105,2018,0
2018110400_3200,2018,0
2018110400_3241,2018,0
2018110400_3392,2018,0
2018110400_342,2018,0
2018110400_3445,2018,0
2018110400_3517,2018,0
2018110400_364,2018,0
2018110400_3723,2018,0
2018110400_3772,2018,0
2018110400_3796,2018,0
2018110400_3818,2018,0
2018110400_3842,2018,0
2018110400_4221,2018,0
2018110400_4347,2018,0
2018110400_457,2018,0
2018110400_481,2018,0
2018110400_705,2018,0
2018110400_727,2018,0
2018110400_756,2018,0
2018110400_896,2018,0
2018110400_998,2018,0
2018110401_1173,2018,0
2018110401_1195,2018,0
2018110401_1265,2018,0
2018110401_1344,2018,0
2018110401_1519,2018,0
2018110401_154,2018,0
2018110401_1614,2018,0
2018110401_1708,2018,0
2018110401_1753,2018,0
2018110401_1809,2018,0
2018110401_182,2018,0
2018110401_2123,2018,0
2018110401_2201,2018,0
2018110401_2244,2018,0
2018110401_2325,2018,0
2018110401_2396,2018,0
2018110401_2478,2018,0
2018110401_2521,2018,0
2018110401_2769,2018,0
2018110401_279,2018,0
2018110401_2797,2018,0
2018110401_2825,2018,0
2018110401_2853,2018,0
2018110401_2913,2018,0
2018110401_2937,2018,0
2018110401_2963,2018,0
2018110401_3144,2018,0
2018110401_3252,2018,0
2018110401_3300,2018,0
2018110401_3372,2018,0
2018110401_3421,2018,0
2018110401_3489,2018,0
2018110401_3536,2018,0
2018110401_3615,2018,0
2018110401_3641,2018,0
2018110401_366,2018,0
2018110401_3768,2018,0
2018110401_3941,2018,0
2018110401_4092,2018,0
2018110401_4186,2018,0
2018110401_4595,2018,0
2018110401_4769,2018,0
2018110401_4791,2018,0
2018110401_4823,2018,0
2018110401_565,2018,0
2018110401_803,2018,0
2018110401_921,2018,0
2018110402_1106,2018,0
2018110402_1151,2018,0
2018110402_1500,2018,0
2018110402_1522,2018,0
2018110402_1570,2018,0
2018110402_1702,2018,0
2018110402_1753,2018,0
2018110402_1777,2018,0
2018110402_1825,2018,0
2018110402_1866,2018,0
2018110402_2305,2018,0
2018110402_2386,2018,0
2018110402_242,2018,0
2018110402_2435,2018,0
2018110402_2569,2018,0
2018110402_2782,2018,0
2018110402_2823,2018,0
2018110402_3097,2018,0
2018110402_3162,2018,0
2018110402_3300,2018,0
2018110402_3501,2018,0
2018110402_3552,2018,0
2018110402_3597,2018,0
2018110402_3712,2018,0
2018110402_3757,2018,0
2018110402_3821,2018,0
2018110402_3903,2018,0
2018110402_491,2018,0
2018110402_694,2018,0
2018110402_739,2018,0
2018110402_892,2018,0
2018110402_972,2018,0
2018110403_1153,2018,0
2018110403_1271,2018,0
2018110403_1378,2018,0
2018110403_142,2018,0
2018110403_1449,2018,0
2018110403_1515,2018,0
2018110403_1702,2018,0
2018110403_1726,2018,0
2018110403_1818,2018,0
2018110403_187,2018,0
2018110403_1882,2018,0
2018110403_2005,2018,0
2018110403_2027,2018,0
2018110403_2113,2018,0
2018110403_2232,2018,0
2018110403_2256,2018,0
2018110403_230,2018,0
2018110403_2317,2018,0
2018110403_2365,2018,0
2018110403_2421,2018,0
2018110403_2467,2018,0
2018110403_2535,2018,0
2018110403_2644,2018,0
2018110403_2786,2018,0
2018110403_2819,2018,0
2018110403_2873,2018,0
2018110403_2895,2018,0
2018110403_2943,2018,0
2018110403_3048,2018,0
2018110403_3217,2018,0
2018110403_3262,2018,0
2018110403_3286,2018,0
2018110403_3310,2018,0
2018110403_3451,2018,0
2018110403_3549,2018,0
2018110403_3612,2018,0
2018110403_3636,2018,0
2018110403_3818,2018,0
2018110403_3842,2018,0
2018110403_4041,2018,0
2018110403_407,2018,0
2018110403_453,2018,0
2018110403_627,2018,0
2018110403_76,2018,0
2018110404_1199,2018,0
2018110404_1242,2018,0
2018110404_1285,2018,0
2018110404_1519,2018,0
2018110404_156,2018,0
2018110404_1586,2018,0
2018110404_1615,2018,0
2018110404_1671,2018,0
2018110404_1700,2018,0
2018110404_1724,2018,0
2018110404_1809,2018,0
2018110404_2046,2018,0
2018110404_2112,2018,0
2018110404_2228,2018,0
2018110404_2388,2018,0
2018110404_2563,2018,0
2018110404_2671,2018,0
2018110404_2801,2018,0
2018110404_292,2018,0
2018110404_2948,2018,0
2018110404_3051,2018,0
2018110404_3073,2018,0
2018110404_3097,2018,0
2018110404_3168,2018,0
2018110404_3215,2018,0
2018110404_3362,2018,0
2018110404_3386,2018,0
2018110404_3414,2018,0
2018110404_3436,2018,0
2018110404_3477,2018,0
2018110404_3579,2018,0
2018110404_3639,2018,0
2018110404_3663,2018,0
2018110404_3687,2018,0
2018110404_3709,2018,0
2018110404_3731,2018,0
2018110404_491,2018,0
2018110404_617,2018,0
2018110404_658,2018,0
2018110404_724,2018,0
2018110404_787,2018,0
2018110404_883,2018,0
2018110405_1109,2018,0
2018110405_1196,2018,0
2018110405_1225,2018,0
2018110405_124,2018,0
2018110405_1453,2018,0
2018110405_1555,2018,0
2018110405_1577,2018,0
2018110405_2035,2018,0
2018110405_2117,2018,0
2018110405_2309,2018,0
2018110405_2359,2018,0
2018110405_2471,2018,0
2018110405_2625,2018,0
2018110405_2672,2018,0
2018110405_2707,2018,0
2018110405_2855,2018,0
2018110405_2879,2018,0
2018110405_2908,2018,0
2018110405_3065,2018,0
2018110405_3089,2018,0
2018110405_3113,2018,0
2018110405_3137,2018,0
2018110405_3161,2018,0
2018110405_3185,2018,0
2018110405_3228,2018,0
2018110405_3261,2018,0
2018110405_3285,2018,0
2018110405_3309,2018,0
2018110405_3333,2018,0
2018110405_3362,2018,0
2018110405_3403,2018,0
2018110405_344,2018,0
2018110405_3461,2018,0
2018110405_400,2018,0
2018110405_522,2018,0
2018110405_605,2018,0
2018110405_629,2018,0
2018110405_703,2018,0
2018110405_772,2018,0
2018110405_962,2018,0
2018110406_1014,2018,0
2018110406_1159,2018,0
2018110406_1183,2018,0
2018110406_1307,2018,0
2018110406_1329,2018,0
2018110406_135,2018,0
2018110406_1396,2018,0
2018110406_1420,2018,0
2018110406_1611,2018,0
2018110406_1652,2018,0
2018110406_1766,2018,0
2018110406_1888,2018,0
2018110406_192,2018,0
2018110406_2107,2018,0
2018110406_2279,2018,0
2018110406_2301,2018,0
2018110406_2386,2018,0
2018110406_2426,2018,0
2018110406_2565,2018,0
2018110406_259,2018,0
2018110406_2636,2018,0
2018110406_2660,2018,0
2018110406_2684,2018,0
2018110406_2746,2018,0
2018110406_2768,2018,0
2018110406_2790,2018,0
2018110406_2886,2018,0
2018110406_2914,2018,0
2018110406_2936,2018,0
2018110406_3053,2018,0
2018110406_326,2018,0
2018110406_3465,2018,0
2018110406_3489,2018,0
2018110406_3791,2018,0
2018110406_3815,2018,0
2018110406_3837,2018,0
2018110406_386,2018,0
2018110406_3861,2018,0
2018110406_3942,2018,0
2018110406_4005,2018,0
2018110406_4050,2018,0
2018110406_4074,2018,0
2018110406_4118,2018,0
2018110406_469,2018,0
2018110406_529,2018,0
2018110406_551,2018,0
2018110406_575,2018,0
2018110406_626,2018,0
2018110406_717,2018,0
2018110406_741,2018,0
2018110406_784,2018,0
2018110406_872,2018,0
2018110406_930,2018,0
2018110406_992,2018,0
2018110407_1031,2018,0
2018110407_1078,2018,0
2018110407_1322,2018,0
2018110407_1344,2018,0
2018110407_1393,2018,0
2018110407_1417,2018,0
2018110407_1737,2018,0
2018110407_1761,2018,0
2018110407_1847,2018,0
2018110407_1882,2018,0
2018110407_1925,2018,0
2018110407_1949,2018,0
2018110407_1991,2018,0
2018110407_2032,2018,0
2018110407_2166,2018,0
2018110407_2258,2018,0
2018110407_2326,2018,0
2018110407_2356,2018,0
2018110407_2380,2018,0
2018110407_2402,2018,0
2018110407_2424,2018,0
2018110407_2492,2018,0
2018110407_2537,2018,0
2018110407_2604,2018,0
2018110407_2676,2018,0
2018110407_2858,2018,0
2018110407_2920,2018,0
2018110407_3097,2018,0
2018110407_3138,2018,0
2018110407_3196,2018,0
2018110407_3220,2018,0
2018110407_3318,2018,0
2018110407_3609,2018,0
2018110407_379,2018,0
2018110407_3828,2018,0
2018110407_3896,2018,0
2018110407_456,2018,0
2018110407_567,2018,0
2018110407_679,2018,0
2018110407_729,2018,0
2018110407_904,2018,0
2018110408_1187,2018,0
2018110408_1209,2018,0
2018110408_1261,2018,0
2018110408_1369,2018,0
2018110408_1434,2018,0
2018110408_1456,2018,0
2018110408_1528,2018,0
2018110408_1552,2018,0
2018110408_1589,2018,0
2018110408_1739,2018,0
2018110408_1761,2018,0
2018110408_1952,2018,0
2018110408_1976,2018,0
2018110408_2055,2018,0
2018110408_2096,2018,0
2018110408_211,2018,0
2018110408_2451,2018,0
2018110408_2496,2018,0
2018110408_258,2018,0
2018110408_2629,2018,0
2018110408_2658,2018,0
2018110408_2785,2018,0
2018110408_2841,2018,0
2018110408_3025,2018,0
2018110408_3123,2018,0
2018110408_3246,2018,0
2018110408_328,2018,0
2018110408_3314,2018,0
2018110408_3403,2018,0
2018110408_3479,2018,0
2018110408_3627,2018,0
2018110408_3712,2018,0
2018110408_3736,2018,0
2018110408_3785,2018,0
2018110408_3807,2018,0
2018110408_3853,2018,0
2018110408_3875,2018,0
2018110408_398,2018,0
2018110408_4121,2018,0
2018110408_4143,2018,0
2018110408_4177,2018,0
2018110408_4291,2018,0
2018110408_4392,2018,0
2018110408_505,2018,0
2018110408_555,2018,0
2018110408_600,2018,0
2018110408_689,2018,0
2018110408_904,2018,0
2018110408_926,2018,0
2018110408_971,2018,0
2018110409_1115,2018,0
2018110409_1137,2018,0
2018110409_1159,2018,0
2018110409_1254,2018,0
2018110409_1278,2018,0
2018110409_1543,2018,0
2018110409_1567,2018,0
2018110409_1612,2018,0
2018110409_1649,2018,0
2018110409_1710,2018,0
2018110409_1819,2018,0
2018110409_1910,2018,0
2018110409_1963,2018,0
2018110409_2156,2018,0
2018110409_2201,2018,0
2018110409_226,2018,0
2018110409_2400,2018,0
2018110409_2473,2018,0
2018110409_2501,2018,0
2018110409_254,2018,0
2018110409_2551,2018,0
2018110409_2632,2018,0
2018110409_2654,2018,0
2018110409_2969,2018,0
2018110409_2993,2018,0
2018110409_3145,2018,0
2018110409_3281,2018,0
2018110409_3387,2018,0
2018110409_3521,2018,0
2018110409_3576,2018,0
2018110409_369,2018,0
2018110409_3763,2018,0
2018110409_3848,2018,0
2018110409_4005,2018,0
2018110409_4034,2018,0
2018110409_661,2018,0
2018110409_732,2018,0
2018110410_1027,2018,0
2018110410_1187,2018,0
2018110410_1258,2018,0
2018110410_1314,2018,0
2018110410_1360,2018,0
2018110410_1405,2018,0
2018110410_1595,2018,0
2018110410_1694,2018,0
2018110410_193,2018,0
2018110410_241,2018,0
2018110410_2411,2018,0
2018110410_2594,2018,1
2018110410_265,2018,0
2018110410_2718,2018,0
2018110410_2742,2018,0
2018110410_2770,2018,0
2018110410_2799,2018,0
2018110410_2821,2018,0
2018110410_3151,2018,0
2018110410_3254,2018,0
2018110410_3278,2018,0
2018110410_3344,2018,0
2018110410_3544,2018,0
2018110410_3568,2018,0
2018110410_3592,2018,0
2018110410_3616,2018,0
2018110410_3640,2018,0
2018110410_3905,2018,0
2018110410_3960,2018,0
2018110410_415,2018,0
2018110410_4157,2018,0
2018110410_4256,2018,0
2018110410_460,2018,0
2018110410_550,2018,0
2018110410_600,2018,0
2018110410_724,2018,0
2018110410_827,2018,0
2018110410_886,2018,0
2018110410_955,2018,0
2018110410_981,2018,0
2018110500_1080,2018,0
2018110500_1184,2018,0
2018110500_122,2018,0
2018110500_1408,2018,0
2018110500_1451,2018,0
2018110500_1477,2018,0
2018110500_1501,2018,0
2018110500_1551,2018,0
2018110500_1599,2018,0
2018110500_1629,2018,0
2018110500_1692,2018,0
2018110500_1822,2018,0
2018110500_1846,2018,0
2018110500_2042,2018,0
2018110500_2068,2018,0
2018110500_2323,2018,0
2018110500_2477,2018,0
2018110500_2554,2018,0
2018110500_2635,2018,0
2018110500_2704,2018,0
2018110500_2840,2018,0
2018110500_2881,2018,0
2018110500_2981,2018,0
2018110500_3078,2018,0
2018110500_3148,2018,0
2018110500_3257,2018,0
2018110500_340,2018,0
2018110500_3488,2018,0
2018110500_3512,2018,0
2018110500_3619,2018,0
2018110500_3666,2018,0
2018110500_395,2018,0
2018110500_591,2018,0
2018110500_684,2018,0
2018110500_822,2018,0
2018110500_935,2018,0
2018110800_1048,2018,0
2018110800_1098,2018,0
2018110800_1123,2018,1
2018110800_1190,2018,0
2018110800_1298,2018,0
2018110800_1322,2018,0
2018110800_1346,2018,0
2018110800_1415,2018,0
2018110800_1578,2018,0
2018110800_1602,2018,0
2018110800_1742,2018,0
2018110800_1818,2018,0
2018110800_1882,2018,0
2018110800_1956,2018,0
2018110800_2092,2018,0
2018110800_2116,2018,0
2018110800_2227,2018,0
2018110800_2296,2018,0
2018110800_2322,2018,0
2018110800_2431,2018,0
2018110800_2516,2018,0
2018110800_2587,2018,0
2018110800_274,2018,0
2018110800_2829,2018,0
2018110800_3002,2018,0
2018110800_3090,2018,0
2018110800_443,2018,0
2018110800_516,2018,0
2018110800_540,2018,0
2018110800_627,2018,0
2018110800_791,2018,0
2018110800_93,2018,0
2018111100_1130,2018,0
2018111100_1206,2018,0
2018111100_130,2018,0
2018111100_1444,2018,0
2018111100_1545,2018,0
2018111100_1611,2018,0
2018111100_178,2018,0
2018111100_2335,2018,0
2018111100_2464,2018,0
2018111100_2520,2018,0
2018111100_2581,2018,0
2018111100_2628,2018,0
2018111100_2683,2018,0
2018111100_2812,2018,0
2018111100_2879,2018,0
2018111100_2989,2018,0
2018111100_3011,2018,0
2018111100_3156,2018,0
2018111100_3178,2018,0
2018111100_3238,2018,0
2018111100_3281,2018,0
2018111100_339,2018,0
2018111100_3463,2018,0
2018111100_3537,2018,0
2018111100_3679,2018,0
2018111100_3701,2018,0
2018111100_3769,2018,0
2018111100_3886,2018,0
2018111100_4130,2018,0
2018111100_4152,2018,0
2018111100_4176,2018,0
2018111100_419,2018,0
2018111100_4200,2018,0
2018111100_4224,2018,0
2018111100_4248,2018,0
2018111100_485,2018,0
2018111100_677,2018,0
2018111100_766,2018,0
2018111100_85,2018,0
2018111100_894,2018,0
2018111101_1159,2018,0
2018111101_1183,2018,0
2018111101_1212,2018,0
2018111101_1236,2018,0
2018111101_1294,2018,0
2018111101_1384,2018,0
2018111101_1583,2018,0
2018111101_1653,2018,0
2018111101_1779,2018,0
2018111101_1916,2018,0
2018111101_213,2018,0
2018111101_2205,2018,0
2018111101_2274,2018,0
2018111101_2337,2018,0
2018111101_2390,2018,0
2018111101_2452,2018,0
2018111101_2777,2018,0
2018111101_279,2018,0
2018111101_3070,2018,0
2018111101_3099,2018,0
2018111101_3330,2018,0
2018111101_3396,2018,0
2018111101_417,2018,0
2018111101_72,2018,0
2018111101_812,2018,0
2018111101_879,2018,0
2018111101_96,2018,0
2018111102_1126,2018,0
2018111102_1162,2018,0
2018111102_1192,2018,0
2018111102_1258,2018,0
2018111102_1345,2018,0
2018111102_1390,2018,0
2018111102_1628,2018,0
2018111102_1761,2018,0
2018111102_1806,2018,0
2018111102_1962,2018,0
2018111102_2046,2018,0
2018111102_2208,2018,0
2018111102_2275,2018,0
2018111102_2547,2018,0
2018111102_2608,2018,0
2018111102_2703,2018,0
2018111102_2751,2018,0
2018111102_2798,2018,0
2018111102_2822,2018,0
2018111102_2879,2018,0
2018111102_3038,2018,0
2018111102_3150,2018,0
2018111102_3161,2018,0
2018111102_3200,2018,0
2018111102_3222,2018,0
2018111102_3250,2018,0
2018111102_3297,2018,0
2018111102_352,2018,0
2018111102_3666,2018,0
2018111102_3694,2018,0
2018111102_3718,2018,0
2018111102_3742,2018,0
2018111102_3797,2018,0
2018111102_402,2018,0
2018111102_426,2018,0
2018111102_488,2018,0
2018111102_512,2018,0
2018111102_58,2018,0
2018111102_618,2018,0
2018111102_668,2018,0
2018111102_692,2018,0
2018111102_848,2018,0
2018111102_910,2018,0
2018111103_1005,2018,0
2018111103_1245,2018,0
2018111103_1269,2018,0
2018111103_1293,2018,0
2018111103_1404,2018,0
2018111103_149,2018,0
2018111103_1660,2018,0
2018111103_1722,2018,0
2018111103_1746,2018,0
2018111103_1967,2018,0
2018111103_2008,2018,0
2018111103_2183,2018,0
2018111103_2372,2018,0
2018111103_241,2018,0
2018111103_2435,2018,0
2018111103_2481,2018,0
2018111103_2671,2018,0
2018111103_2695,2018,0
2018111103_2891,2018,0
2018111103_2987,2018,0
2018111103_3130,2018,0
2018111103_3175,2018,0
2018111103_3199,2018,0
2018111103_3244,2018,0
2018111103_3363,2018,0
2018111103_3536,2018,0
2018111103_3581,2018,0
2018111103_359,2018,0
2018111103_3624,2018,0
2018111103_383,2018,0
2018111103_430,2018,0
2018111103_454,2018,0
2018111103_554,2018,0
2018111103_61,2018,0
2018111103_952,2018,0
2018111104_1007,2018,0
2018111104_106,2018,0
2018111104_1122,2018,0
2018111104_1151,2018,0
2018111104_1300,2018,0
2018111104_1609,2018,0
2018111104_1644,2018,0
2018111104_1668,2018,0
2018111104_1916,2018,0
2018111104_1945,2018,0
2018111104_196,2018,0
2018111104_1995,2018,0
2018111104_2036,2018,0
2018111104_2060,2018,0
2018111104_2082,2018,0
2018111104_2104,2018,0
2018111104_2268,2018,0
2018111104_2292,2018,0
2018111104_2348,2018,0
2018111104_2393,2018,0
2018111104_2417,2018,0
2018111104_2450,2018,0
2018111104_2579,2018,0
2018111104_2603,2018,0
2018111104_2718,2018,0
2018111104_2752,2018,0
2018111104_2839,2018,0
2018111104_2882,2018,0
2018111104_2948,2018,0
2018111104_3040,2018,0
2018111104_3081,2018,0
2018111104_3229,2018,0
2018111104_3251,2018,0
2018111104_3307,2018,0
2018111104_3329,2018,0
2018111104_3570,2018,0
2018111104_3599,2018,0
2018111104_3686,2018,0
2018111104_3708,2018,0
2018111104_3764,2018,0
2018111104_3826,2018,0
2018111104_3867,2018,0
2018111104_3909,2018,0
2018111104_3933,2018,0
2018111104_3974,2018,0
2018111104_4017,2018,0
2018111104_551,2018,0
2018111104_60,2018,0
2018111104_709,2018,0
2018111104_771,2018,0
2018111104_82,2018,0
2018111104_983,2018,0
2018111105_1046,2018,0
2018111105_106,2018,0
2018111105_1179,2018,0
2018111105_1236,2018,0
2018111105_1287,2018,0
2018111105_1372,2018,0
2018111105_1396,2018,0
2018111105_1439,2018,0
2018111105_1467,2018,0
2018111105_1679,2018,0
2018111105_1731,2018,0
2018111105_1755,2018,0
2018111105_1784,2018,0
2018111105_1825,2018,0
2018111105_1885,2018,0
2018111105_189,2018,0
2018111105_1938,2018,0
2018111105_2064,2018,0
2018111105_2130,2018,0
2018111105_2154,2018,0
2018111105_2178,2018,0
2018111105_2428,2018,0
2018111105_2578,2018,0
2018111105_2600,2018,0
2018111105_2671,2018,0
2018111105_2751,2018,0
2018111105_2797,2018,0
2018111105_2924,2018,0
2018111105_300,2018,0
2018111105_3007,2018,0
2018111105_3184,2018,0
2018111105_3206,2018,0
2018111105_3378,2018,0
2018111105_3468,2018,0
2018111105_3516,2018,0
2018111105_3613,2018,0
2018111105_3828,2018,0
2018111105_3903,2018,0
2018111105_3935,2018,0
2018111105_3959,2018,0
2018111105_4022,2018,0
2018111105_695,2018,0
2018111105_837,2018,0
2018111106_1064,2018,0
2018111106_1093,2018,0
2018111106_1117,2018,0
2018111106_1321,2018,0
2018111106_134,2018,0
2018111106_1439,2018,0
2018111106_1467,2018,0
2018111106_1603,2018,0
2018111106_1880,2018,0
2018111106_1940,2018,0
2018111106_2020,2018,0
2018111106_2140,2018,0
2018111106_2190,2018,0
2018111106_2214,2018,0
2018111106_2257,2018,0
2018111106_2304,2018,0
2018111106_2436,2018,0
2018111106_2650,2018,0
2018111106_2686,2018,0
2018111106_2734,2018,0
2018111106_2824,2018,0
2018111106_2867,2018,0
2018111106_2925,2018,0
2018111106_2966,2018,0
2018111106_2988,2018,0
2018111106_301,2018,0
2018111106_3150,2018,0
2018111106_3178,2018,0
2018111106_3202,2018,0
2018111106_3226,2018,0
2018111106_3271,2018,0
2018111106_3363,2018,0
2018111106_3431,2018,0
2018111106_3453,2018,0
2018111106_3729,2018,0
2018111106_3796,2018,0
2018111106_476,2018,0
2018111106_532,2018,0
2018111106_603,2018,0
2018111106_736,2018,0
2018111106_950,2018,0
2018111106_972,2018,0
2018111107_1049,2018,0
2018111107_1073,2018,0
2018111107_1218,2018,0
2018111107_1265,2018,0
2018111107_138,2018,0
2018111107_1380,2018,0
2018111107_1404,2018,0
2018111107_1481,2018,0
2018111107_1537,2018,0
2018111107_1589,2018,0
2018111107_1613,2018,0
2018111107_162,2018,0
2018111107_1654,2018,0
2018111107_1695,2018,0
2018111107_1758,2018,0
2018111107_1874,2018,0
2018111107_1930,2018,0
2018111107_1971,2018,0
2018111107_212,2018,0
2018111107_2161,2018,0
2018111107_2215,2018,0
2018111107_2239,2018,0
2018111107_2282,2018,0
2018111107_2327,2018,0
2018111107_2351,2018,0
2018111107_238,2018,0
2018111107_2401,2018,0
2018111107_2593,2018,0
2018111107_2781,2018,0
2018111107_2928,2018,0
2018111107_3021,2018,0
2018111107_3071,2018,0
2018111107_3095,2018,0
2018111107_330,2018,0
2018111107_3361,2018,0
2018111107_3391,2018,0
2018111107_3413,2018,0
2018111107_3448,2018,0
2018111107_3500,2018,0
2018111107_3522,2018,0
2018111107_3573,2018,0
2018111107_396,2018,0
2018111107_51,2018,0
2018111107_787,2018,0
2018111107_904,2018,0
2018111108_1677,2018,0
2018111108_1699,2018,0
2018111108_1899,2018,0
2018111108_2055,2018,0
2018111108_2077,2018,0
2018111108_2099,2018,0
2018111108_2123,2018,0
2018111108_2164,2018,0
2018111108_2210,2018,0
2018111108_2313,2018,0
2018111108_2465,2018,0
2018111108_251,2018,0
2018111108_2532,2018,0
2018111108_2603,2018,0
2018111108_2672,2018,0
2018111108_2738,2018,0
2018111108_275,2018,0
2018111108_2794,2018,0
2018111108_2944,2018,0
2018111108_2968,2018,0
2018111108_297,2018,0
2018111108_3013,2018,0
2018111108_3263,2018,0
2018111108_3287,2018,0
2018111108_3311,2018,0
2018111108_3335,2018,0
2018111108_3346,2018,0
2018111108_3694,2018,0
2018111108_513,2018,0
2018111108_556,2018,0
2018111108_60,2018,0
2018111108_978,2018,0
2018111109_1036,2018,0
2018111109_1068,2018,0
2018111109_1119,2018,0
2018111109_1340,2018,0
2018111109_1389,2018,0
2018111109_1454,2018,0
2018111109_1484,2018,0
2018111109_1591,2018,0
2018111109_1655,2018,0
2018111109_1696,2018,0
2018111109_1832,2018,0
2018111109_1977,2018,0
2018111109_206,2018,0
2018111109_2107,2018,0
2018111109_2131,2018,0
2018111109_2199,2018,0
2018111109_2223,2018,0
2018111109_2245,2018,0
2018111109_2403,2018,0
2018111109_2471,2018,0
2018111109_2529,2018,0
2018111109_2557,2018,0
2018111109_2619,2018,0
2018111109_2647,2018,0
2018111109_2710,2018,0
2018111109_273,2018,0
2018111109_2772,2018,0
2018111109_2936,2018,0
2018111109_3007,2018,0
2018111109_3031,2018,0
2018111109_3100,2018,0
2018111109_3126,2018,0
2018111109_3180,2018,0
2018111109_3204,2018,0
2018111109_3228,2018,0
2018111109_3269,2018,0
2018111109_3332,2018,0
2018111109_3603,2018,0
2018111109_3627,2018,0
2018111109_3660,2018,0
2018111109_3682,2018,0
2018111109_3704,2018,0
2018111109_431,2018,0
2018111109_490,2018,0
2018111109_514,2018,0
2018111109_560,2018,0
2018111109_682,2018,0
2018111109_731,2018,0
2018111109_79,2018,0
2018111109_858,2018,0
2018111109_899,2018,0
2018111110_1025,2018,0
2018111110_1120,2018,0
2018111110_1183,2018,0
2018111110_1207,2018,0
2018111110_1252,2018,0
2018111110_1555,2018,0
2018111110_1577,2018,0
2018111110_1851,2018,0
2018111110_2183,2018,0
2018111110_2207,2018,0
2018111110_2816,2018,0
2018111110_3047,2018,0
2018111110_3214,2018,0
2018111110_3238,2018,0
2018111110_3275,2018,0
2018111110_3321,2018,0
2018111110_3343,2018,0
2018111110_335,2018,0
2018111110_3549,2018,0
2018111110_359,2018,0
2018111110_3594,2018,0
2018111110_3623,2018,0
2018111110_3689,2018,0
2018111110_3711,2018,0
2018111110_3814,2018,0
2018111110_383,2018,0
2018111110_4017,2018,0
2018111110_412,2018,0
2018111110_4156,2018,0
2018111110_4239,2018,0
2018111110_4278,2018,0
2018111110_4317,2018,0
2018111110_499,2018,0
2018111110_528,2018,0
2018111110_550,2018,0
2018111110_627,2018,0
2018111110_679,2018,0
2018111110_798,2018,0
2018111110_838,2018,0
2018111110_912,2018,0
2018111111_1008,2018,0
2018111111_1053,2018,0
2018111111_1224,2018,0
2018111111_1248,2018,0
2018111111_1304,2018,0
2018111111_1546,2018,0
2018111111_1570,2018,0
2018111111_1594,2018,0
2018111111_1645,2018,0
2018111111_1674,2018,0
2018111111_1769,2018,0
2018111111_1850,2018,0
2018111111_1906,2018,0
2018111111_1930,2018,0
2018111111_194,2018,0
2018111111_2027,2018,0
2018111111_2150,2018,0
2018111111_2197,2018,0
2018111111_2250,2018,0
2018111111_2274,2018,0
2018111111_2319,2018,0
2018111111_2354,2018,0
2018111111_241,2018,0
2018111111_2524,2018,0
2018111111_2646,2018,0
2018111111_2697,2018,0
2018111111_2742,2018,0
2018111111_2790,2018,0
2018111111_2847,2018,0
2018111111_2930,2018,0
2018111111_294,2018,0
2018111111_2975,2018,0
2018111111_3165,2018,0
2018111111_3289,2018,0
2018111111_3506,2018,0
2018111111_3530,2018,0
2018111111_3589,2018,0
2018111111_3841,2018,0
2018111111_3908,2018,0
2018111111_394,2018,0
2018111111_3961,2018,0
2018111111_3990,2018,0
2018111111_437,2018,0
2018111111_514,2018,0
2018111111_557,2018,0
2018111111_639,2018,0
2018111111_685,2018,0
2018111111_709,2018,0
2018111111_830,2018,0
2018111111_854,2018,0
2018111111_96,2018,0
2018111111_984,2018,0
2018111200_1036,2018,0
2018111200_1085,2018,0
2018111200_1128,2018,0
2018111200_1221,2018,0
2018111200_1322,2018,0
2018111200_1438,2018,0
2018111200_1481,2018,0
2018111200_1531,2018,0
2018111200_1766,2018,0
2018111200_180,2018,0
2018111200_1829,2018,0
2018111200_1888,2018,0
2018111200_1934,2018,0
2018111200_1960,2018,0
2018111200_2001,2018,0
2018111200_2054,2018,0
2018111200_2174,2018,0
2018111200_2313,2018,0
2018111200_234,2018,0
2018111200_2428,2018,0
2018111200_2528,2018,0
2018111200_2583,2018,0
2018111200_2661,2018,0
2018111200_2685,2018,0
2018111200_2880,2018,0
2018111200_2978,2018,0
2018111200_3094,2018,0
2018111200_3143,2018,0
2018111200_3184,2018,0
2018111200_3276,2018,0
2018111200_3329,2018,0
2018111200_3719,2018,0
2018111200_3741,2018,0
2018111200_3765,2018,0
2018111200_3793,2018,0
2018111200_4008,2018,0
2018111200_4071,2018,0
2018111200_4198,2018,0
2018111200_421,2018,0
2018111200_4262,2018,0
2018111200_4308,2018,0
2018111200_445,2018,0
2018111200_519,2018,0
2018111200_52,2018,0
2018111200_630,2018,0
2018111200_698,2018,0
2018111200_787,2018,0
2018111200_811,2018,0
2018111200_881,2018,0
2018111200_95,2018,0
2018111500_1008,2018,0
2018111500_1052,2018,0
2018111500_1167,2018,0
2018111500_1194,2018,0
2018111500_1267,2018,0
2018111500_1318,2018,0
2018111500_1591,2018,0
2018111500_1778,2018,0
2018111500_1869,2018,0
2018111500_1894,2018,0
2018111500_2084,2018,0
2018111500_221,2018,0
2018111500_2327,2018,0
2018111500_2421,2018,0
2018111500_243,2018,0
2018111500_2446,2018,0
2018111500_2471,2018,0
2018111500_2558,2018,0
2018111500_2613,2018,0
2018111500_2792,2018,0
2018111500_291,2018,0
2018111500_2940,2018,0
2018111500_3062,2018,0
2018111500_3320,2018,0
2018111500_3345,2018,0
2018111500_3409,2018,0
2018111500_344,2018,0
2018111500_3538,2018,0
2018111500_3594,2018,0
2018111500_3671,2018,0
2018111500_3728,2018,0
2018111500_3757,2018,0
2018111500_615,2018,0
2018111500_637,2018,0
2018111500_706,2018,0
2018111500_753,2018,0
2018111500_812,2018,0
2018111500_834,2018,0
2018111500_951,2018,0
2018111800_1032,2018,0
2018111800_1093,2018,0
2018111800_1271,2018,0
2018111800_128,2018,0
2018111800_1296,2018,0
2018111800_1422,2018,0
2018111800_1496,2018,0
2018111800_1543,2018,0
2018111800_1610,2018,0
2018111800_1713,2018,0
2018111800_1774,2018,0
2018111800_178,2018,0
2018111800_1831,2018,0
2018111800_1900,2018,0
2018111800_1973,2018,0
2018111800_2044,2018,0
2018111800_2091,2018,0
2018111800_2150,2018,0
2018111800_2234,2018,0
2018111800_2392,2018,0
2018111800_2473,2018,0
2018111800_2498,2018,0
2018111800_2669,2018,0
2018111800_2700,2018,0
2018111800_282,2018,0
2018111800_2834,2018,0
2018111800_2893,2018,0
2018111800_2918,2018,0
2018111800_3052,2018,0
2018111800_3121,2018,0
2018111800_3197,2018,0
2018111800_326,2018,0
2018111800_3287,2018,0
2018111800_3365,2018,0
2018111800_3407,2018,0
2018111800_3486,2018,0
2018111800_3553,2018,0
2018111800_373,2018,0
2018111800_485,2018,0
2018111800_527,2018,0
2018111800_716,2018,0
2018111800_763,2018,0
2018111800_81,2018,0
2018111800_810,2018,0
2018111800_852,2018,0
2018111800_930,2018,0
2018111801_1086,2018,0
2018111801_115,2018,0
2018111801_1282,2018,0
2018111801_1351,2018,0
2018111801_1398,2018,0
2018111801_1841,2018,0
2018111801_2057,2018,0
2018111801_2163,2018,0
2018111801_2330,2018,0
2018111801_2357,2018,0
2018111801_2404,2018,0
2018111801_2546,2018,0
2018111801_2571,2018,0
2018111801_2665,2018,0
2018111801_2803,2018,0
2018111801_2892,2018,0
2018111801_2917,2018,0
2018111801_2994,2018,0
2018111801_3202,2018,0
2018111801_3314,2018,0
2018111801_3470,2018,0
2018111801_3600,2018,0
2018111801_3647,2018,0
2018111801_3672,2018,0
2018111801_3697,2018,0
2018111801_3767,2018,0
2018111801_4036,2018,0
2018111801_4061,2018,0
2018111801_469,2018,0
2018111801_552,2018,0
2018111801_577,2018,0
2018111801_599,2018,0
2018111801_62,2018,0
2018111801_700,2018,0
2018111801_754,2018,0
2018111801_820,2018,0
2018111801_956,2018,0
2018111802_1064,2018,0
2018111802_1111,2018,0
2018111802_1133,2018,0
2018111802_1463,2018,0
2018111802_1606,2018,0
2018111802_1653,2018,0
2018111802_1701,2018,0
2018111802_1939,2018,0
2018111802_1970,2018,0
2018111802_2012,2018,0
2018111802_2263,2018,0
2018111802_2381,2018,0
2018111802_2406,2018,0
2018111802_2453,2018,0
2018111802_2586,2018,0
2018111802_2611,2018,0
2018111802_2708,2018,0
2018111802_2757,2018,0
2018111802_278,2018,0
2018111802_2792,2018,0
2018111802_2823,2018,0
2018111802_2845,2018,0
2018111802_2890,2018,0
2018111802_2915,2018,0
2018111802_3059,2018,0
2018111802_307,2018,0
2018111802_3120,2018,0
2018111802_3177,2018,0
2018111802_3277,2018,0
2018111802_332,2018,0
2018111802_3324,2018,0
2018111802_3371,2018,0
2018111802_3393,2018,0
2018111802_3487,2018,0
2018111802_3582,2018,0
2018111802_3629,2018,0
2018111802_3660,2018,0
2018111802_3685,2018,0
2018111802_3710,2018,0
2018111802_3748,2018,0
2018111802_3825,2018,0
2018111802_3847,2018,0
2018111802_3872,2018,0
2018111802_3999,2018,0
2018111802_4021,2018,0
2018111802_4174,2018,0
2018111802_4269,2018,0
2018111802_4291,2018,0
2018111802_430,2018,0
2018111802_4328,2018,0
2018111802_4384,2018,0
2018111802_4426,2018,0
2018111802_4479,2018,0
2018111802_4504,2018,0
2018111802_4548,2018,0
2018111802_540,2018,0
2018111802_59,2018,0
2018111802_604,2018,0
2018111802_714,2018,0
2018111802_801,2018,0
2018111802_833,2018,0
2018111802_903,2018,0
2018111802_947,2018,0
2018111803_1017,2018,0
2018111803_1042,2018,0
2018111803_1067,2018,0
2018111803_1155,2018,0
2018111803_1206,2018,0
2018111803_1250,2018,0
2018111803_1297,2018,0
2018111803_1458,2018,0
2018111803_153,2018,0
2018111803_1569,2018,0
2018111803_1611,2018,0
2018111803_1740,2018,0
2018111803_1767,2018,0
2018111803_1833,2018,0
2018111803_1859,2018,0
2018111803_2097,2018,0
2018111803_2271,2018,0
2018111803_2312,2018,0
2018111803_2412,2018,0
2018111803_2484,2018,1
2018111803_2552,2018,0
2018111803_2634,2018,0
2018111803_2659,2018,0
2018111803_2796,2018,0
2018111803_2818,2018,0
2018111803_2898,2018,0
2018111803_2924,2018,0
2018111803_2984,2018,0
2018111803_3015,2018,0
2018111803_3093,2018,0
2018111803_3118,2018,0
2018111803_3232,2018,0
2018111803_3275,2018,0
2018111803_3353,2018,0
2018111803_3535,2018,0
2018111803_369,2018,0
2018111803_3694,2018,0
2018111803_3748,2018,0
2018111803_416,2018,0
2018111803_529,2018,0
2018111803_808,2018,0
2018111803_830,2018,0
2018111803_923,2018,0
2018111803_992,2018,0
2018111804_1017,2018,0
2018111804_1069,2018,0
2018111804_1122,2018,0
2018111804_1147,2018,0
2018111804_134,2018,0
2018111804_1499,2018,0
2018111804_1652,2018,0
2018111804_1721,2018,0
2018111804_1828,2018,0
2018111804_1870,2018,0
2018111804_1895,2018,0
2018111804_1920,2018,0
2018111804_2004,2018,0
2018111804_2072,2018,0
2018111804_2180,2018,0
2018111804_2251,2018,0
2018111804_2392,2018,0
2018111804_241,2018,0
2018111804_2439,2018,0
2018111804_2470,2018,0
2018111804_2540,2018,0
2018111804_266,2018,0
2018111804_2700,2018,0
2018111804_2747,2018,0
2018111804_2792,2018,0
2018111804_2814,2018,0
2018111804_2969,2018,0
2018111804_2994,2018,0
2018111804_3356,2018,0
2018111804_3400,2018,0
2018111804_349,2018,0
2018111804_3694,2018,0
2018111804_3741,2018,0
2018111804_3766,2018,0
2018111804_3791,2018,0
2018111804_3875,2018,0
2018111804_427,2018,0
2018111804_548,2018,0
2018111804_573,2018,0
2018111804_655,2018,0
2018111804_677,2018,0
2018111804_948,2018,0
2018111805_1046,2018,0
2018111805_1100,2018,0
2018111805_1169,2018,0
2018111805_1194,2018,0
2018111805_1387,2018,0
2018111805_1457,2018,0
2018111805_1499,2018,0
2018111805_1643,2018,0
2018111805_1830,2018,0
2018111805_1958,2018,0
2018111805_1987,2018,0
2018111805_2054,2018,0
2018111805_2085,2018,0
2018111805_2110,2018,0
2018111805_2225,2018,0
2018111805_2295,2018,0
2018111805_2409,2018,0
2018111805_2552,2018,0
2018111805_2621,2018,0
2018111805_2771,2018,0
2018111805_2991,2018,0
2018111805_3093,2018,0
2018111805_327,2018,0
2018111805_3335,2018,0
2018111805_3357,2018,0
2018111805_3382,2018,0
2018111805_3404,2018,0
2018111805_3477,2018,0
2018111805_352,2018,0
2018111805_3592,2018,0
2018111805_3789,2018,0
2018111805_3836,2018,0
2018111805_3893,2018,0
2018111805_3915,2018,0
2018111805_4118,2018,0
2018111805_446,2018,0
2018111805_577,2018,0
2018111805_602,2018,0
2018111805_627,2018,0
2018111805_700,2018,0
2018111805_866,2018,0
2018111806_1188,2018,0
2018111806_1470,2018,0
2018111806_1634,2018,0
2018111806_1705,2018,0
2018111806_181,2018,0
2018111806_1975,2018,0
2018111806_2001,2018,0
2018111806_2048,2018,0
2018111806_2204,2018,0
2018111806_2226,2018,0
2018111806_2304,2018,0
2018111806_2348,2018,0
2018111806_2417,2018,0
2018111806_2551,2018,0
2018111806_2598,2018,0
2018111806_2651,2018,0
2018111806_2785,2018,0
2018111806_279,2018,0
2018111806_3088,2018,0
2018111806_3213,2018,0
2018111806_326,2018,0
2018111806_3354,2018,0
2018111806_3385,2018,0
2018111806_3523,2018,0
2018111806_3548,2018,0
2018111806_3639,2018,0
2018111806_3729,2018,0
2018111806_3852,2018,0
2018111806_4270,2018,0
2018111806_454,2018,0
2018111806_558,2018,0
2018111806_606,2018,0
2018111806_689,2018,0
2018111806_70,2018,0
2018111806_758,2018,0
2018111806_838,2018,0
2018111806_863,2018,0
2018111806_888,2018,0
2018111806_910,2018,1
2018111807_1030,2018,0
2018111807_1223,2018,0
2018111807_1705,2018,0
2018111807_1801,2018,0
2018111807_190,2018,0
2018111807_1905,2018,0
2018111807_1983,2018,0
2018111807_2008,2018,0
2018111807_2066,2018,0
2018111807_2111,2018,0
2018111807_2172,2018,0
2018111807_2295,2018,0
2018111807_2348,2018,1
2018111807_2533,2018,0
2018111807_2555,2018,0
2018111807_2706,2018,0
2018111807_3058,2018,0
2018111807_3279,2018,0
2018111807_3304,2018,0
2018111807_3435,2018,0
2018111807_3457,2018,0
2018111807_3594,2018,0
2018111807_360,2018,0
2018111807_3762,2018,0
2018111807_3804,2018,0
2018111807_3826,2018,0
2018111807_3848,2018,0
2018111807_4052,2018,0
2018111807_4077,2018,0
2018111807_4124,2018,0
2018111807_487,2018,0
2018111807_567,2018,0
2018111807_702,2018,0
2018111807_724,2018,0
2018111807_73,2018,0
2018111807_841,2018,0
2018111807_973,2018,0
2018111808_1069,2018,0
2018111808_109,2018,0
2018111808_1094,2018,0
2018111808_1274,2018,0
2018111808_1364,2018,0
2018111808_1424,2018,0
2018111808_1572,2018,0
2018111808_1594,2018,0
2018111808_1781,2018,0
2018111808_1803,2018,0
2018111808_1825,2018,0
2018111808_1923,2018,0
2018111808_1948,2018,0
2018111808_1973,2018,0
2018111808_198,2018,0
2018111808_2041,2018,0
2018111808_2140,2018,0
2018111808_2363,2018,0
2018111808_2507,2018,0
2018111808_2621,2018,0
2018111808_2646,2018,0
2018111808_2687,2018,0
2018111808_2756,2018,0
2018111808_2867,2018,0
2018111808_2889,2018,0
2018111808_3155,2018,0
2018111808_317,2018,0
2018111808_3204,2018,0
2018111808_3273,2018,0
2018111808_3360,2018,0
2018111808_3385,2018,0
2018111808_3524,2018,0
2018111808_3619,2018,0
2018111808_3711,2018,0
2018111808_3840,2018,0
2018111808_3862,2018,0
2018111808_4126,2018,0
2018111808_4151,2018,0
2018111808_4176,2018,0
2018111808_4237,2018,0
2018111808_426,2018,0
2018111808_4262,2018,0
2018111808_471,2018,0
2018111808_51,2018,0
2018111808_571,2018,0
2018111808_618,2018,0
2018111808_640,2018,0
2018111808_757,2018,0
2018111808_862,2018,0
2018111808_907,2018,0
2018111809_120,2018,0
2018111809_1225,2018,0
2018111809_1312,2018,0
2018111809_1347,2018,0
2018111809_1434,2018,0
2018111809_1478,2018,0
2018111809_1519,2018,0
2018111809_2060,2018,0
2018111809_2263,2018,0
2018111809_2324,2018,0
2018111809_2422,2018,0
2018111809_2473,2018,0
2018111809_2519,2018,0
2018111809_2548,2018,0
2018111809_2830,2018,0
2018111809_2910,2018,0
2018111809_3294,2018,0
2018111809_3319,2018,0
2018111809_3645,2018,0
2018111809_3692,2018,0
2018111809_3718,2018,0
2018111809_3841,2018,0
2018111809_3938,2018,0
2018111809_396,2018,0
2018111809_4057,2018,0
2018111809_525,2018,0
2018111809_845,2018,0
2018111809_98,2018,0
2018111810_1020,2018,0
2018111810_1156,2018,0
2018111810_1223,2018,0
2018111810_1483,2018,0
2018111810_154,2018,0
2018111810_1592,2018,0
2018111810_1614,2018,0
2018111810_1661,2018,0
2018111810_1703,2018,0
2018111810_1725,2018,0
2018111810_1888,2018,0
2018111810_1974,2018,0
2018111810_2013,2018,0
2018111810_2044,2018,0
2018111810_2075,2018,0
2018111810_2100,2018,0
2018111810_2147,2018,0
2018111810_215,2018,0
2018111810_2265,2018,0
2018111810_2539,2018,0
2018111810_2608,2018,0
2018111810_3016,2018,0
2018111810_3041,2018,0
2018111810_312,2018,0
2018111810_3172,2018,0
2018111810_3223,2018,0
2018111810_3254,2018,0
2018111810_3421,2018,0
2018111810_3446,2018,0
2018111810_3496,2018,0
2018111810_3538,2018,0
2018111810_3563,2018,0
2018111810_359,2018,0
2018111810_3671,2018,0
2018111810_3696,2018,0
2018111810_3732,2018,0
2018111810_3782,2018,0
2018111810_3854,2018,0
2018111810_4055,2018,0
2018111810_4111,2018,0
2018111810_4133,2018,0
2018111810_489,2018,0
2018111810_511,2018,0
2018111900_1007,2018,0
2018111900_1119,2018,0
2018111900_112,2018,0
2018111900_1482,2018,0
2018111900_1549,2018,0
2018111900_1571,2018,0
2018111900_2170,2018,0
2018111900_2201,2018,0
2018111900_2357,2018,0
2018111900_2382,2018,0
2018111900_2502,2018,0
2018111900_3163,2018,0
2018111900_3235,2018,0
2018111900_3442,2018,0
2018111900_3612,2018,0
2018111900_3718,2018,0
2018111900_3807,2018,0
2018111900_396,2018,0
2018111900_3988,2018,0
2018111900_4070,2018,0
2018111900_4095,2018,0
2018111900_4120,2018,0
2018111900_4528,2018,0
2018111900_4553,2018,0
2018111900_4584,2018,0
2018111900_4682,2018,0
2018111900_4808,2018,0
2018111900_483,2018,0
2018111900_4886,2018,0
2018111900_5212,2018,0
2018111900_5256,2018,0
2018111900_5287,2018,0
2018111900_5488,2018,0
2018111900_5510,2018,0
2018111900_5535,2018,0
2018111900_5577,2018,0
2018111900_618,2018,0
2018111900_679,2018,0
2018111900_960,2018,0
2018112200_1101,2018,0
2018112200_1149,2018,0
2018112200_1204,2018,0
2018112200_1383,2018,0
2018112200_1459,2018,0
2018112200_1528,2018,0
2018112200_159,2018,0
2018112200_1684,2018,0
2018112200_1762,2018,0
2018112200_1992,2018,0
2018112200_2023,2018,0
2018112200_2045,2018,0
2018112200_219,2018,0
2018112200_2208,2018,0
2018112200_2255,2018,0
2018112200_2361,2018,0
2018112200_2386,2018,0
2018112200_2480,2018,0
2018112200_2735,2018,0
2018112200_2806,2018,0
2018112200_2868,2018,0
2018112200_296,2018,0
2018112200_2992,2018,0
2018112200_3057,2018,0
2018112200_3082,2018,0
2018112200_3124,2018,0
2018112200_3352,2018,0
2018112200_3399,2018,0
2018112200_3446,2018,0
2018112200_3584,2018,0
2018112200_3606,2018,0
2018112200_3768,2018,0
2018112200_3931,2018,0
2018112200_399,2018,0
2018112200_3995,2018,0
2018112200_4061,2018,0
2018112200_424,2018,0
2018112200_446,2018,0
2018112200_529,2018,0
2018112200_635,2018,0
2018112200_667,2018,0
2018112200_718,2018,0
2018112200_743,2018,0
2018112200_768,2018,0
2018112200_83,2018,0
2018112200_880,2018,0
2018112201_1124,2018,0
2018112201_123,2018,0
2018112201_1292,2018,0
2018112201_1349,2018,0
2018112201_1396,2018,0
2018112201_1450,2018,0
2018112201_1475,2018,0
2018112201_1522,2018,0
2018112201_1710,2018,0
2018112201_176,2018,0
2018112201_1790,2018,0
2018112201_1812,2018,0
2018112201_1884,2018,0
2018112201_1909,2018,0
2018112201_1968,2018,0
2018112201_199,2018,0
2018112201_2086,2018,0
2018112201_2170,2018,0
2018112201_2258,2018,0
2018112201_227,2018,0
2018112201_2391,2018,0
2018112201_2529,2018,0
2018112201_2696,2018,0
2018112201_2721,2018,0
2018112201_2897,2018,0
2018112201_2954,2018,0
2018112201_3223,2018,0
2018112201_3308,2018,0
2018112201_332,2018,0
2018112201_354,2018,0
2018112201_3687,2018,0
2018112201_3712,2018,0
2018112201_3737,2018,0
2018112201_3935,2018,0
2018112201_3960,2018,0
2018112201_3985,2018,0
2018112201_4076,2018,0
2018112201_4147,2018,0
2018112201_4169,2018,0
2018112201_4200,2018,0
2018112201_509,2018,0
2018112201_553,2018,0
2018112201_601,2018,0
2018112201_648,2018,0
2018112201_670,2018,0
2018112201_773,2018,0
2018112201_820,2018,0
2018112201_996,2018,0
2018112202_1046,2018,0
2018112202_1348,2018,0
2018112202_1435,2018,0
2018112202_1585,2018,0
2018112202_1646,2018,0
2018112202_1801,2018,0
2018112202_1826,2018,0
2018112202_1905,2018,0
2018112202_2035,2018,0
2018112202_208,2018,0
2018112202_2088,2018,0
2018112202_2146,2018,0
2018112202_2256,2018,0
2018112202_2406,2018,0
2018112202_2581,2018,0
2018112202_2674,2018,0
2018112202_2756,2018,0
2018112202_2804,2018,0
2018112202_2907,2018,0
2018112202_295,2018,0
2018112202_3011,2018,0
2018112202_3156,2018,0
2018112202_3358,2018,0
2018112202_3383,2018,0
2018112202_3449,2018,0
2018112202_3474,2018,0
2018112202_3527,2018,0
2018112202_3605,2018,0
2018112202_3630,2018,0
2018112202_3835,2018,0
2018112202_3860,2018,0
2018112202_3939,2018,0
2018112202_465,2018,0
2018112202_546,2018,0
2018112202_598,2018,0
2018112202_75,2018,0
2018112202_962,2018,0
2018112202_987,2018,0
2018112500_1006,2018,0
2018112500_1134,2018,0
2018112500_1165,2018,0
2018112500_1238,2018,0
2018112500_1367,2018,0
2018112500_138,2018,0
2018112500_1392,2018,0
2018112500_1417,2018,0
2018112500_1502,2018,0
2018112500_1594,2018,0
2018112500_1704,2018,0
2018112500_1780,2018,0
2018112500_1802,2018,0
2018112500_1824,2018,1
2018112500_187,2018,0
2018112500_1896,2018,0
2018112500_1935,2018,0
2018112500_1960,2018,0
2018112500_2044,2018,0
2018112500_2122,2018,0
2018112500_2211,2018,0
2018112500_222,2018,0
2018112500_2236,2018,0
2018112500_2289,2018,0
2018112500_2452,2018,0
2018112500_2851,2018,0
2018112500_2996,2018,0
2018112500_3021,2018,0
2018112500_3096,2018,0
2018112500_3185,2018,1
2018112500_3383,2018,0
2018112500_3405,2018,0
2018112500_3506,2018,0
2018112500_3676,2018,0
2018112500_3748,2018,0
2018112500_3908,2018,0
2018112500_525,2018,0
2018112500_595,2018,0
2018112500_620,2018,0
2018112500_674,2018,0
2018112500_863,2018,0
2018112500_933,2018,0
2018112500_975,2018,0
2018112501_1065,2018,0
2018112501_1879,2018,0
2018112501_1979,2018,0
2018112501_2043,2018,0
2018112501_2174,2018,0
2018112501_2686,2018,0
2018112501_279,2018,0
2018112501_2819,2018,0
2018112501_3323,2018,0
2018112501_3363,2018,0
2018112501_358,2018,0
2018112501_3737,2018,0
2018112501_3937,2018,0
2018112501_3983,2018,0
2018112501_4048,2018,0
2018112501_4133,2018,0
2018112501_4249,2018,0
2018112501_433,2018,0
2018112501_4518,2018,0
2018112501_4544,2018,0
2018112501_4566,2018,0
2018112501_4599,2018,0
2018112501_4693,2018,0
2018112501_485,2018,0
2018112501_525,2018,0
2018112501_654,2018,0
2018112501_683,2018,0
2018112501_875,2018,0
2018112502_1086,2018,0
2018112502_1310,2018,0
2018112502_1402,2018,0
2018112502_143,2018,0
2018112502_1503,2018,0
2018112502_1577,2018,0
2018112502_1662,2018,0
2018112502_1771,2018,0
2018112502_1813,2018,0
2018112502_1860,2018,0
2018112502_196,2018,0
2018112502_2055,2018,0
2018112502_2152,2018,0
2018112502_2257,2018,0
2018112502_2326,2018,0
2018112502_243,2018,0
2018112502_2450,2018,0
2018112502_2546,2018,0
2018112502_2737,2018,0
2018112502_2762,2018,0
2018112502_2877,2018,0
2018112502_3013,2018,0
2018112502_3125,2018,0
2018112502_3150,2018,0
2018112502_3410,2018,0
2018112502_3435,2018,0
2018112502_3507,2018,0
2018112502_3613,2018,0
2018112502_3638,2018,0
2018112502_3857,2018,0
2018112502_3908,2018,0
2018112502_450,2018,0
2018112502_501,2018,0
2018112502_549,2018,0
2018112502_574,2018,0
2018112502_712,2018,0
2018112502_759,2018,0
2018112502_846,2018,0
2018112502_893,2018,0
2018112502_931,2018,0
2018112503_1056,2018,0
2018112503_106,2018,0
2018112503_1103,2018,0
2018112503_1125,2018,0
2018112503_1200,2018,0
2018112503_1233,2018,0
2018112503_1258,2018,0
2018112503_1353,2018,0
2018112503_1469,2018,0
2018112503_1494,2018,0
2018112503_154,2018,0
2018112503_1741,2018,0
2018112503_1766,2018,0
2018112503_179,2018,0
2018112503_1844,2018,0
2018112503_1922,2018,0
2018112503_2117,2018,0
2018112503_2301,2018,1
2018112503_251,2018,0
2018112503_2519,2018,0
2018112503_2567,2018,0
2018112503_2650,2018,0
2018112503_2814,2018,0
2018112503_2897,2018,0
2018112503_3178,2018,0
2018112503_3233,2018,0
2018112503_3356,2018,0
2018112503_3407,2018,0
2018112503_3481,2018,0
2018112503_365,2018,0
2018112503_3716,2018,0
2018112503_3909,2018,0
2018112503_4236,2018,0
2018112503_59,2018,0
2018112503_609,2018,0
2018112503_684,2018,0
2018112503_742,2018,0
2018112503_767,2018,0
2018112503_793,2018,0
2018112503_932,2018,0
2018112503_991,2018,0
2018112504_1061,2018,0
2018112504_112,2018,0
2018112504_1262,2018,0
2018112504_1287,2018,0
2018112504_1344,2018,0
2018112504_1366,2018,0
2018112504_1426,2018,0
2018112504_1501,2018,0
2018112504_159,2018,0
2018112504_1709,2018,0
2018112504_1756,2018,0
2018112504_181,2018,0
2018112504_1995,2018,0
2018112504_2020,2018,0
2018112504_2114,2018,0
2018112504_2156,2018,0
2018112504_2243,2018,0
2018112504_2369,2018,0
2018112504_2430,2018,0
2018112504_2622,2018,0
2018112504_2653,2018,0
2018112504_2678,2018,0
2018112504_2703,2018,0
2018112504_2728,2018,0
2018112504_2977,2018,0
2018112504_2999,2018,0
2018112504_305,2018,0
2018112504_3114,2018,1
2018112504_3449,2018,0
2018112504_3562,2018,0
2018112504_3715,2018,0
2018112504_3809,2018,0
2018112504_3920,2018,0
2018112504_4031,2018,0
2018112504_4073,2018,0
2018112504_465,2018,0
2018112504_721,2018,0
2018112504_746,2018,0
2018112504_788,2018,0
2018112504_83,2018,0
2018112504_930,2018,0
2018112504_974,2018,0
2018112505_1036,2018,0
2018112505_1061,2018,0
2018112505_1119,2018,0
2018112505_126,2018,0
2018112505_1293,2018,0
2018112505_1397,2018,1
2018112505_1419,2018,0
2018112505_1444,2018,0
2018112505_1556,2018,0
2018112505_1608,2018,0
2018112505_1630,2018,0
2018112505_184,2018,0
2018112505_1875,2018,0
2018112505_2038,2018,0
2018112505_2329,2018,0
2018112505_2387,2018,0
2018112505_2530,2018,0
2018112505_2616,2018,0
2018112505_2669,2018,0
2018112505_2716,2018,0
2018112505_2771,2018,0
2018112505_2793,2018,0
2018112505_2881,2018,0
2018112505_2937,2018,0
2018112505_3006,2018,0
2018112505_3195,2018,0
2018112505_3217,2018,0
2018112505_3301,2018,0
2018112505_3323,2018,0
2018112505_3345,2018,0
2018112505_3608,2018,0
2018112505_3633,2018,0
2018112505_373,2018,0
2018112505_3739,2018,0
2018112505_3764,2018,0
2018112505_3842,2018,0
2018112505_3887,2018,0
2018112505_3912,2018,0
2018112505_395,2018,0
2018112505_4063,2018,0
2018112505_434,2018,0
2018112505_481,2018,0
2018112505_586,2018,0
2018112505_701,2018,0
2018112505_726,2018,0
2018112505_834,2018,0
2018112505_899,2018,0
2018112505_930,2018,0
2018112505_95,2018,0
2018112506_1029,2018,0
2018112506_1054,2018,0
2018112506_1168,2018,0
2018112506_1276,2018,0
2018112506_1301,2018,0
2018112506_1323,2018,0
2018112506_1382,2018,0
2018112506_142,2018,0
2018112506_1491,2018,0
2018112506_1572,2018,0
2018112506_1701,2018,0
2018112506_1837,2018,0
2018112506_1901,2018,0
2018112506_1987,2018,0
2018112506_2018,2018,0
2018112506_2079,2018,0
2018112506_2114,2018,0
2018112506_2136,2018,0
2018112506_2246,2018,0
2018112506_2268,2018,0
2018112506_2343,2018,0
2018112506_2365,2018,0
2018112506_2387,2018,0
2018112506_2542,2018,0
2018112506_2637,2018,0
2018112506_268,2018,0
2018112506_2739,2018,1
2018112506_2868,2018,0
2018112506_2940,2018,0
2018112506_3005,2018,0
2018112506_3030,2018,0
2018112506_3055,2018,0
2018112506_3157,2018,0
2018112506_3506,2018,0
2018112506_3576,2018,0
2018112506_3601,2018,0
2018112506_3626,2018,0
2018112506_365,2018,0
2018112506_3677,2018,0
2018112506_3755,2018,0
2018112506_3802,2018,0
2018112506_3866,2018,0
2018112506_424,2018,0
2018112506_471,2018,0
2018112506_587,2018,0
2018112506_624,2018,0
2018112506_73,2018,0
2018112506_95,2018,0
2018112507_1015,2018,0
2018112507_1057,2018,0
2018112507_1108,2018,0
2018112507_1177,2018,0
2018112507_1420,2018,0
2018112507_1499,2018,0
2018112507_1521,2018,0
2018112507_1550,2018,0
2018112507_1619,2018,0
2018112507_1663,2018,0
2018112507_2004,2018,0
2018112507_2029,2018,0
2018112507_2060,2018,0
2018112507_2121,2018,0
2018112507_2147,2018,0
2018112507_2194,2018,0
2018112507_233,2018,0
2018112507_2435,2018,0
2018112507_2485,2018,0
2018112507_2677,2018,0
2018112507_2699,2018,0
2018112507_2785,2018,0
2018112507_2927,2018,1
2018112507_3046,2018,0
2018112507_3129,2018,0
2018112507_3154,2018,0
2018112507_3176,2018,0
2018112507_3259,2018,0
2018112507_3284,2018,0
2018112507_3309,2018,0
2018112507_3379,2018,0
2018112507_341,2018,0
2018112507_3436,2018,0
2018112507_3614,2018,0
2018112507_3639,2018,0
2018112507_366,2018,0
2018112507_3727,2018,0
2018112507_4117,2018,0
2018112507_4142,2018,0
2018112507_4167,2018,0
2018112507_4192,2018,0
2018112507_4234,2018,0
2018112507_4259,2018,0
2018112507_4284,2018,0
2018112507_51,2018,0
2018112507_621,2018,0
2018112507_683,2018,0
2018112507_73,2018,0
2018112507_763,2018,0
2018112507_885,2018,0
2018112507_932,2018,0
2018112507_954,2018,0
2018112507_979,2018,0
2018112508_103,2018,0
2018112508_1138,2018,0
2018112508_1232,2018,0
2018112508_1268,2018,0
2018112508_1363,2018,0
2018112508_139,2018,0
2018112508_1473,2018,0
2018112508_1568,2018,0
2018112508_1632,2018,0
2018112508_1687,2018,0
2018112508_1729,2018,0
2018112508_1768,2018,0
2018112508_1793,2018,0
2018112508_1818,2018,0
2018112508_186,2018,0
2018112508_1860,2018,0
2018112508_1902,2018,0
2018112508_1969,2018,0
2018112508_1994,2018,0
2018112508_2025,2018,0
2018112508_2194,2018,0
2018112508_2263,2018,0
2018112508_2307,2018,0
2018112508_2332,2018,0
2018112508_2401,2018,0
2018112508_2449,2018,0
2018112508_2536,2018,0
2018112508_2620,2018,0
2018112508_2642,2018,0
2018112508_266,2018,0
2018112508_2758,2018,0
2018112508_3036,2018,0
2018112508_3058,2018,0
2018112508_325,2018,0
2018112508_3416,2018,0
2018112508_3548,2018,0
2018112508_3573,2018,0
2018112508_440,2018,0
2018112508_504,2018,0
2018112508_529,2018,0
2018112508_573,2018,0
2018112508_639,2018,0
2018112508_744,2018,0
2018112508_872,2018,0
2018112508_897,2018,0
2018112509_1084,2018,0
2018112509_1109,2018,0
2018112509_1220,2018,0
2018112509_1339,2018,0
2018112509_136,2018,0
2018112509_1370,2018,0
2018112509_1406,2018,0
2018112509_1467,2018,0
2018112509_1492,2018,0
2018112509_1648,2018,0
2018112509_1673,2018,0
2018112509_1704,2018,0
2018112509_1787,2018,0
2018112509_1818,2018,0
2018112509_1849,2018,0
2018112509_1913,2018,0
2018112509_1938,2018,0
2018112509_2019,2018,0
2018112509_2252,2018,0
2018112509_2277,2018,0
2018112509_2328,2018,0
2018112509_262,2018,0
2018112509_2728,2018,0
2018112509_2776,2018,0
2018112509_284,2018,0
2018112509_2885,2018,0
2018112509_2916,2018,0
2018112509_2951,2018,0
2018112509_3077,2018,0
2018112509_309,2018,0
2018112509_3182,2018,0
2018112509_3283,2018,0
2018112509_3430,2018,0
2018112509_3549,2018,0
2018112509_3574,2018,0
2018112509_360,2018,0
2018112509_3694,2018,0
2018112509_3723,2018,0
2018112509_3783,2018,0
2018112509_4127,2018,0
2018112509_4158,2018,0
2018112509_782,2018,0
2018112509_868,2018,0
2018112510_1016,2018,0
2018112510_1063,2018,0
2018112510_1085,2018,0
2018112510_1116,2018,0
2018112510_1160,2018,0
2018112510_1242,2018,0
2018112510_1354,2018,0
2018112510_1379,2018,0
2018112510_1404,2018,0
2018112510_1519,2018,0
2018112510_1550,2018,0
2018112510_1742,2018,0
2018112510_1938,2018,0
2018112510_1963,2018,0
2018112510_1988,2018,0
2018112510_2030,2018,0
2018112510_2275,2018,0
2018112510_2300,2018,0
2018112510_237,2018,0
2018112510_2498,2018,0
2018112510_2634,2018,0
2018112510_2792,2018,0
2018112510_2900,2018,0
2018112510_291,2018,0
2018112510_2972,2018,0
2018112510_3029,2018,0
2018112510_3093,2018,0
2018112510_3264,2018,0
2018112510_3339,2018,0
2018112510_341,2018,0
2018112510_3506,2018,0
2018112510_3572,2018,0
2018112510_3622,2018,0
2018112510_3667,2018,0
2018112510_3695,2018,0
2018112510_3733,2018,0
2018112510_382,2018,0
2018112510_481,2018,0
2018112510_51,2018,0
2018112510_654,2018,0
2018112510_701,2018,0
2018112510_726,2018,0
2018112510_76,2018,0
2018112510_786,2018,0
2018112510_889,2018,0
2018112600_1062,2018,0
2018112600_1087,2018,0
2018112600_1158,2018,0
2018112600_1317,2018,0
2018112600_1566,2018,0
2018112600_1650,2018,0
2018112600_166,2018,0
2018112600_191,2018,0
2018112600_1947,2018,0
2018112600_1972,2018,0
2018112600_2226,2018,0
2018112600_2255,2018,0
2018112600_2366,2018,0
2018112600_2391,2018,0
2018112600_250,2018,0
2018112600_2525,2018,0
2018112600_2550,2018,0
2018112600_2659,2018,0
2018112600_3054,2018,0
2018112600_3135,2018,0
2018112600_3188,2018,0
2018112600_3704,2018,0
2018112600_3729,2018,0
2018112600_3754,2018,0
2018112600_377,2018,0
2018112600_3776,2018,0
2018112600_3808,2018,0
2018112600_3833,2018,0
2018112600_51,2018,0
2018112600_656,2018,0
2018112600_76,2018,0
2018112600_778,2018,0
2018112600_851,2018,0
2018112600_898,2018,0
2018112900_1037,2018,0
2018112900_1162,2018,0
2018112900_1204,2018,0
2018112900_121,2018,0
2018112900_1261,2018,0
2018112900_1333,2018,0
2018112900_1548,2018,0
2018112900_1623,2018,0
2018112900_169,2018,0
2018112900_1801,2018,0
2018112900_1907,2018,0
2018112900_1962,2018,0
2018112900_2100,2018,0
2018112900_2147,2018,0
2018112900_2303,2018,0
2018112900_2431,2018,0
2018112900_2617,2018,0
2018112900_2883,2018,0
2018112900_2951,2018,0
2018112900_2993,2018,0
2018112900_3044,2018,0
2018112900_3091,2018,0
2018112900_3207,2018,0
2018112900_3232,2018,0
2018112900_3425,2018,0
2018112900_3464,2018,0
2018112900_3758,2018,0
2018112900_3783,2018,0
2018112900_384,2018,0
2018112900_458,2018,0
2018112900_733,2018,0
2018112900_74,2018,0
2018112900_780,2018,0
2018120200_1014,2018,0
2018120200_1115,2018,0
2018120200_120,2018,0
2018120200_1498,2018,0
2018120200_1692,2018,0
2018120200_1759,2018,0
2018120200_1781,2018,0
2018120200_1866,2018,0
2018120200_195,2018,0
2018120200_2028,2018,0
2018120200_2075,2018,0
2018120200_2150,2018,0
2018120200_2234,2018,0
2018120200_2259,2018,0
2018120200_2304,2018,0
2018120200_2445,2018,0
2018120200_2720,2018,0
2018120200_2887,2018,0
2018120200_3070,2018,0
2018120200_309,2018,0
2018120200_3184,2018,0
2018120200_3232,2018,0
2018120200_3292,2018,0
2018120200_3351,2018,0
2018120200_3373,2018,0
2018120200_3453,2018,0
2018120200_3519,2018,0
2018120200_3541,2018,0
2018120200_3916,2018,0
2018120200_4016,2018,0
2018120200_409,2018,0
2018120200_456,2018,0
2018120200_545,2018,0
2018120200_669,2018,0
2018120200_922,2018,0
2018120200_970,2018,0
2018120201_1122,2018,0
2018120201_1173,2018,0
2018120201_1220,2018,0
2018120201_1289,2018,0
2018120201_171,2018,0
2018120201_1727,2018,0
2018120201_1824,2018,0
2018120201_1891,2018,0
2018120201_1916,2018,0
2018120201_1969,2018,0
2018120201_2007,2018,0
2018120201_2137,2018,0
2018120201_2180,2018,0
2018120201_2367,2018,0
2018120201_2462,2018,0
2018120201_249,2018,0
2018120201_2600,2018,0
2018120201_2725,2018,0
2018120201_2769,2018,0
2018120201_2846,2018,0
2018120201_2978,2018,0
2018120201_3003,2018,0
2018120201_3123,2018,0
2018120201_3469,2018,0
2018120201_356,2018,0
2018120201_3778,2018,0
2018120201_381,2018,0
2018120201_4080,2018,0
2018120201_522,2018,0
2018120201_558,2018,0
2018120201_644,2018,0
2018120201_773,2018,0
2018120201_798,2018,0
2018120201_851,2018,0
2018120202_110,2018,0
2018120202_1125,2018,0
2018120202_1330,2018,0
2018120202_187,2018,0
2018120202_2054,2018,0
2018120202_2130,2018,0
2018120202_2172,2018,0
2018120202_2450,2018,0
2018120202_2514,2018,0
2018120202_2585,2018,0
2018120202_2671,2018,0
2018120202_2846,2018,0
2018120202_2991,2018,0
2018120202_3023,2018,1
2018120202_313,2018,0
2018120202_335,2018,0
2018120202_3358,2018,0
2018120202_3416,2018,0
2018120202_3555,2018,0
2018120202_3610,2018,0
2018120202_3632,2018,0
2018120202_3781,2018,0
2018120202_406,2018,0
2018120202_4144,2018,0
2018120202_4440,2018,0
2018120202_4466,2018,0
2018120202_4618,2018,0
2018120202_4643,2018,0
2018120202_4665,2018,0
2018120202_4687,2018,0
2018120202_501,2018,0
2018120202_526,2018,0
2018120202_607,2018,0
2018120202_677,2018,0
2018120202_820,2018,0
2018120202_85,2018,0
2018120202_867,2018,0
2018120203_1034,2018,0
2018120203_1056,2018,0
2018120203_1238,2018,0
2018120203_125,2018,0
2018120203_1263,2018,0
2018120203_1285,2018,0
2018120203_1567,2018,0
2018120203_1589,2018,0
2018120203_1636,2018,0
2018120203_1713,2018,0
2018120203_1781,2018,0
2018120203_1873,2018,0
2018120203_1955,2018,0
2018120203_197,2018,0
2018120203_2120,2018,0
2018120203_219,2018,0
2018120203_2190,2018,0
2018120203_2281,2018,0
2018120203_2424,2018,0
2018120203_2455,2018,0
2018120203_2486,2018,0
2018120203_2508,2018,0
2018120203_2556,2018,0
2018120203_2644,2018,0
2018120203_2713,2018,0
2018120203_2791,2018,0
2018120203_3055,2018,0
2018120203_3077,2018,0
2018120203_3155,2018,0
2018120203_3384,2018,0
2018120203_3426,2018,0
2018120203_3451,2018,0
2018120203_3473,2018,0
2018120203_3526,2018,0
2018120203_3552,2018,0
2018120203_356,2018,0
2018120203_3599,2018,0
2018120203_3646,2018,0
2018120203_3758,2018,0
2018120203_3812,2018,0
2018120203_3859,2018,0
2018120203_4090,2018,0
2018120203_4115,2018,0
2018120203_4137,2018,0
2018120203_4202,2018,0
2018120203_4228,2018,0
2018120203_425,2018,0
2018120203_4259,2018,0
2018120203_4303,2018,0
2018120203_4325,2018,0
2018120203_4367,2018,0
2018120203_478,2018,0
2018120203_522,2018,0
2018120203_628,2018,0
2018120203_820,2018,0
2018120203_884,2018,0
2018120203_906,2018,0
2018120204_1005,2018,0
2018120204_1052,2018,0
2018120204_1077,2018,0
2018120204_1102,2018,0
2018120204_1124,2018,0
2018120204_1234,2018,0
2018120204_1289,2018,0
2018120204_1565,2018,0
2018120204_1710,2018,0
2018120204_1785,2018,0
2018120204_1890,2018,0
2018120204_1958,2018,0
2018120204_2118,2018,0
2018120204_2293,2018,0
2018120204_2483,2018,0
2018120204_2530,2018,0
2018120204_2664,2018,0
2018120204_3069,2018,0
2018120204_3094,2018,0
2018120204_312,2018,0
2018120204_3261,2018,0
2018120204_3283,2018,0
2018120204_3325,2018,0
2018120204_3434,2018,0
2018120204_3459,2018,0
2018120204_3484,2018,0
2018120204_3506,2018,0
2018120204_3531,2018,0
2018120204_3553,2018,0
2018120204_3806,2018,0
2018120204_3859,2018,0
2018120204_3884,2018,0
2018120204_3915,2018,0
2018120204_3946,2018,0
2018120204_3971,2018,0
2018120204_4002,2018,0
2018120204_4284,2018,0
2018120204_4309,2018,0
2018120204_4334,2018,0
2018120204_4381,2018,0
2018120204_4428,2018,0
2018120204_579,2018,0
2018120204_648,2018,0
2018120204_81,2018,0
2018120204_821,2018,0
2018120204_888,2018,0
2018120204_919,2018,0
2018120205_1070,2018,0
2018120205_1114,2018,0
2018120205_1174,2018,0
2018120205_1196,2018,0
2018120205_1218,2018,0
2018120205_1303,2018,0
2018120205_1575,2018,0
2018120205_1642,2018,0
2018120205_183,2018,0
2018120205_1844,2018,0
2018120205_1950,2018,0
2018120205_2000,2018,0
2018120205_2025,2018,0
2018120205_2126,2018,0
2018120205_216,2018,0
2018120205_2185,2018,0
2018120205_2210,2018,0
2018120205_2252,2018,0
2018120205_2309,2018,0
2018120205_2402,2018,0
2018120205_2483,2018,0
2018120205_2530,2018,0
2018120205_2555,2018,0
2018120205_2667,2018,0
2018120205_2714,2018,0
2018120205_2761,2018,0
2018120205_2907,2018,0
2018120205_2988,2018,0
2018120205_3090,2018,0
2018120205_3137,2018,0
2018120205_3162,2018,0
2018120205_3204,2018,0
2018120205_3229,2018,0
2018120205_3356,2018,0
2018120205_3381,2018,0
2018120205_3406,2018,0
2018120205_3431,2018,0
2018120205_3470,2018,0
2018120205_3539,2018,0
2018120205_3603,2018,0
2018120205_3692,2018,0
2018120205_3721,2018,0
2018120205_3799,2018,0
2018120205_380,2018,0
2018120205_4119,2018,0
2018120205_4144,2018,0
2018120205_4200,2018,0
2018120205_4225,2018,0
2018120205_4247,2018,0
2018120205_466,2018,0
2018120205_491,2018,0
2018120205_50,2018,0
2018120205_659,2018,0
2018120205_681,2018,0
2018120205_75,2018,0
2018120205_802,2018,0
2018120205_871,2018,0
2018120205_938,2018,0
2018120205_963,2018,0
2018120205_995,2018,0
2018120206_1034,2018,0
2018120206_120,2018,0
2018120206_1376,2018,0
2018120206_1443,2018,0
2018120206_1567,2018,0
2018120206_1589,2018,0
2018120206_1647,2018,0
2018120206_1789,2018,0
2018120206_2158,2018,0
2018120206_2354,2018,0
2018120206_2407,2018,0
2018120206_2510,2018,0
2018120206_2618,2018,0
2018120206_2727,2018,0
2018120206_2802,2018,0
2018120206_291,2018,0
2018120206_2941,2018,0
2018120206_2977,2018,0
2018120206_3021,2018,0
2018120206_3048,2018,0
2018120206_3120,2018,0
2018120206_3145,2018,0
2018120206_3231,2018,0
2018120206_3267,2018,0
2018120206_3336,2018,0
2018120206_3590,2018,0
2018120206_3654,2018,0
2018120206_3890,2018,0
2018120206_3991,2018,0
2018120206_4016,2018,0
2018120206_4143,2018,0
2018120206_419,2018,0
2018120206_4233,2018,0
2018120206_463,2018,0
2018120206_657,2018,0
2018120206_682,2018,0
2018120206_727,2018,0
2018120206_803,2018,0
2018120207_1009,2018,0
2018120207_1100,2018,0
2018120207_1213,2018,0
2018120207_1298,2018,0
2018120207_1410,2018,0
2018120207_1454,2018,0
2018120207_1648,2018,0
2018120207_1844,2018,0
2018120207_1902,2018,0
2018120207_1933,2018,0
2018120207_1981,2018,0
2018120207_234,2018,0
2018120207_2358,2018,0
2018120207_2405,2018,0
2018120207_2510,2018,0
2018120207_256,2018,0
2018120207_2653,2018,0
2018120207_2700,2018,0
2018120207_2725,2018,0
2018120207_3066,2018,0
2018120207_3232,2018,0
2018120207_3279,2018,0
2018120207_3368,2018,0
2018120207_3393,2018,0
2018120207_3424,2018,0
2018120207_345,2018,0
2018120207_3472,2018,0
2018120207_3494,2018,0
2018120207_3516,2018,0
2018120207_3714,2018,0
2018120207_3739,2018,0
2018120207_3808,2018,0
2018120207_4184,2018,0
2018120207_4342,2018,0
2018120207_4559,2018,0
2018120207_5093,2018,0
2018120207_5149,2018,0
2018120207_528,2018,0
2018120207_904,2018,0
2018120207_962,2018,0
2018120207_984,2018,0
2018120208_1000,2018,0
2018120208_1022,2018,0
2018120208_1047,2018,0
2018120208_1072,2018,0
2018120208_1094,2018,0
2018120208_1116,2018,0
2018120208_1141,2018,0
2018120208_1163,2018,0
2018120208_1248,2018,0
2018120208_1322,2018,0
2018120208_1444,2018,0
2018120208_1489,2018,0
2018120208_1591,2018,0
2018120208_1691,2018,0
2018120208_1716,2018,0
2018120208_1902,2018,0
2018120208_1944,2018,0
2018120208_1969,2018,0
2018120208_1994,2018,0
2018120208_2257,2018,0
2018120208_2304,2018,0
2018120208_2386,2018,0
2018120208_2411,2018,0
2018120208_2490,2018,0
2018120208_2546,2018,0
2018120208_255,2018,0
2018120208_2632,2018,0
2018120208_2737,2018,0
2018120208_2784,2018,0
2018120208_286,2018,0
2018120208_2868,2018,0
2018120208_2893,2018,0
2018120208_3015,2018,0
2018120208_3122,2018,0
2018120208_3144,2018,0
2018120208_3185,2018,0
2018120208_3207,2018,0
2018120208_3254,2018,0
2018120208_3301,2018,0
2018120208_3388,2018,0
2018120208_3413,2018,0
2018120208_3438,2018,0
2018120208_3463,2018,0
2018120208_3485,2018,0
2018120208_3610,2018,0
2018120208_3666,2018,0
2018120208_3692,2018,0
2018120208_3720,2018,0
2018120208_3745,2018,0
2018120208_3832,2018,0
2018120208_3982,2018,0
2018120208_4007,2018,0
2018120208_415,2018,0
2018120208_471,2018,0
2018120208_498,2018,0
2018120208_51,2018,0
2018120208_523,2018,0
2018120208_691,2018,0
2018120208_785,2018,0
2018120208_810,2018,0
2018120208_867,2018,0
2018120208_889,2018,0
2018120208_914,2018,0
2018120208_98,2018,0
2018120209_1045,2018,0
2018120209_1183,2018,0
2018120209_1212,2018,0
2018120209_1289,2018,0
2018120209_1543,2018,0
2018120209_1565,2018,0
2018120209_1592,2018,0
2018120209_1614,2018,0
2018120209_1656,2018,0
2018120209_1731,2018,0
2018120209_1753,2018,0
2018120209_1905,2018,0
2018120209_1930,2018,0
2018120209_1952,2018,0
2018120209_1997,2018,0
2018120209_2053,2018,0
2018120209_2109,2018,0
2018120209_2134,2018,0
2018120209_2222,2018,0
2018120209_2269,2018,0
2018120209_2444,2018,0
2018120209_2491,2018,0
2018120209_2516,2018,0
2018120209_2541,2018,0
2018120209_2616,2018,0
2018120209_2734,2018,0
2018120209_280,2018,0
2018120209_2878,2018,0
2018120209_2917,2018,0
2018120209_2994,2018,0
2018120209_3019,2018,0
2018120209_3093,2018,0
2018120209_3147,2018,0
2018120209_3169,2018,0
2018120209_3238,2018,0
2018120209_3288,2018,0
2018120209_3346,2018,0
2018120209_3393,2018,0
2018120209_3442,2018,0
2018120209_3539,2018,0
2018120209_3586,2018,0
2018120209_3611,2018,0
2018120209_3636,2018,0
2018120209_3712,2018,0
2018120209_385,2018,0
2018120209_3883,2018,0
2018120209_3908,2018,0
2018120209_3933,2018,0
2018120209_3964,2018,0
2018120209_4012,2018,0
2018120209_412,2018,0
2018120209_706,2018,0
2018120209_796,2018,0
2018120209_880,2018,0
2018120209_905,2018,0
2018120209_944,2018,0
2018120209_969,2018,0
2018120209_98,2018,0
2018120210_1007,2018,0
2018120210_1073,2018,0
2018120210_1095,2018,0
2018120210_1137,2018,0
2018120210_127,2018,0
2018120210_1289,2018,0
2018120210_1351,2018,0
2018120210_1373,2018,0
2018120210_1395,2018,0
2018120210_1623,2018,0
2018120210_1722,2018,0
2018120210_1772,2018,0
2018120210_2118,2018,0
2018120210_2185,2018,0
2018120210_2227,2018,0
2018120210_2388,2018,0
2018120210_2413,2018,0
2018120210_2528,2018,0
2018120210_2606,2018,0
2018120210_2653,2018,0
2018120210_2712,2018,0
2018120210_2734,2018,0
2018120210_2912,2018,0
2018120210_2959,2018,0
2018120210_3061,2018,0
2018120210_3125,2018,0
2018120210_3169,2018,0
2018120210_3243,2018,0
2018120210_3265,2018,0
2018120210_3312,2018,0
2018120210_3356,2018,0
2018120210_3387,2018,0
2018120210_3622,2018,0
2018120210_3823,2018,0
2018120210_4277,2018,0
2018120210_4346,2018,0
2018120210_4530,2018,0
2018120210_4555,2018,0
2018120210_4580,2018,0
2018120210_4615,2018,0
2018120210_4637,2018,0
2018120210_4700,2018,0
2018120210_552,2018,0
2018120210_596,2018,0
2018120210_618,2018,0
2018120210_68,2018,0
2018120210_721,2018,0
2018120210_778,2018,0
2018120210_829,2018,0
2018120210_893,2018,0
2018120210_940,2018,0
2018120210_965,2018,0
2018120211_1180,2018,0
2018120211_1602,2018,0
2018120211_170,2018,0
2018120211_1807,2018,0
2018120211_1832,2018,0
2018120211_1879,2018,0
2018120211_2069,2018,0
2018120211_2113,2018,0
2018120211_2174,2018,0
2018120211_2416,2018,0
2018120211_2492,2018,0
2018120211_2644,2018,0
2018120211_2702,2018,0
2018120211_2799,2018,0
2018120211_2968,2018,0
2018120211_3036,2018,0
2018120211_3107,2018,0
2018120211_3151,2018,0
2018120211_3490,2018,0
2018120211_3538,2018,0
2018120211_3611,2018,0
2018120211_3667,2018,0
2018120211_3757,2018,0
2018120211_3782,2018,0
2018120211_4195,2018,0
2018120211_4242,2018,0
2018120211_4298,2018,0
2018120211_4340,2018,0
2018120211_497,2018,0
2018120211_522,2018,0
2018120211_647,2018,0
2018120211_742,2018,0
2018120211_811,2018,0
2018120211_970,2018,0
2018120211_995,2018,0
2018120212_1031,2018,0
2018120212_1127,2018,0
2018120212_1227,2018,0
2018120212_1346,2018,0
2018120212_162,2018,0
2018120212_1647,2018,0
2018120212_1906,2018,0
2018120212_2039,2018,0
2018120212_2061,2018,0
2018120212_2231,2018,0
2018120212_2284,2018,0
2018120212_234,2018,0
2018120212_2370,2018,0
2018120212_2497,2018,0
2018120212_2522,2018,0
2018120212_2597,2018,0
2018120212_2622,2018,0
2018120212_265,2018,0
2018120212_2672,2018,0
2018120212_2790,2018,0
2018120212_2812,2018,0
2018120212_2899,2018,0
2018120212_2924,2018,0
2018120212_2971,2018,0
2018120212_3257,2018,0
2018120212_3286,2018,0
2018120212_3375,2018,0
2018120212_3400,2018,0
2018120212_3519,2018,0
2018120212_3723,2018,0
2018120212_3748,2018,0
2018120212_3786,2018,0
2018120212_392,2018,0
2018120212_4206,2018,0
2018120212_4231,2018,0
2018120212_441,2018,0
2018120212_51,2018,0
2018120212_683,2018,0
2018120212_709,2018,0
2018120212_772,2018,0
2018120212_797,2018,0
2018120212_822,2018,0
2018120212_864,2018,0
2018120213_1066,2018,0
2018120213_1124,2018,0
2018120213_1146,2018,0
2018120213_1423,2018,0
2018120213_1471,2018,0
2018120213_2051,2018,0
2018120213_2076,2018,0
2018120213_2101,2018,0
2018120213_2148,2018,0
2018120213_2320,2018,1
2018120213_2345,2018,0
2018120213_2392,2018,0
2018120213_2462,2018,0
2018120213_2487,2018,0
2018120213_2613,2018,0
2018120213_2638,2018,0
2018120213_2682,2018,0
2018120213_2794,2018,0
2018120213_2819,2018,0
2018120213_2971,2018,0
2018120213_3043,2018,0
2018120213_3223,2018,0
2018120213_3258,2018,0
2018120213_3315,2018,0
2018120213_3501,2018,0
2018120213_3668,2018,0
2018120213_373,2018,0
2018120213_3744,2018,0
2018120213_3766,2018,0
2018120213_3791,2018,0
2018120213_3880,2018,0
2018120213_3927,2018,0
2018120213_3952,2018,0
2018120213_398,2018,0
2018120213_4107,2018,0
2018120213_4129,2018,0
2018120213_4193,2018,0
2018120213_420,2018,0
2018120213_4215,2018,0
2018120213_4270,2018,0
2018120213_4403,2018,0
2018120213_4457,2018,0
2018120213_510,2018,0
2018120213_664,2018,0
2018120213_735,2018,0
2018120213_946,2018,0
2018120300_1074,2018,0
2018120300_1179,2018,0
2018120300_1513,2018,0
2018120300_1638,2018,0
2018120300_1731,2018,0
2018120300_178,2018,0
2018120300_1827,2018,0
2018120300_1890,2018,0
2018120300_1932,2018,0
2018120300_1974,2018,0
2018120300_2046,2018,0
2018120300_2214,2018,0
2018120300_2276,2018,0
2018120300_2485,2018,0
2018120300_2603,2018,0
2018120300_2635,2018,0
2018120300_2733,2018,0
2018120300_2758,2018,0
2018120300_2859,2018,0
2018120300_2934,2018,0
2018120300_3014,2018,0
2018120300_3091,2018,0
2018120300_3118,2018,0
2018120300_3274,2018,0
2018120300_3296,2018,0
2018120300_3470,2018,0
2018120300_3617,2018,0
2018120300_3639,2018,0
2018120300_3692,2018,0
2018120300_3737,2018,0
2018120300_51,2018,0
2018120300_518,2018,0
2018120300_595,2018,0
2018120300_665,2018,0
2018120300_927,2018,0
2018120600_1022,2018,0
2018120600_1296,2018,0
2018120600_136,2018,0
2018120600_1396,2018,0
2018120600_1421,2018,0
2018120600_1496,2018,0
2018120600_1518,2018,0
2018120600_1633,2018,0
2018120600_1655,2018,0
2018120600_1677,2018,0
2018120600_1728,2018,0
2018120600_183,2018,0
2018120600_1832,2018,0
2018120600_1928,2018,0
2018120600_1953,2018,0
2018120600_1984,2018,0
2018120600_2032,2018,0
2018120600_208,2018,0
2018120600_2175,2018,0
2018120600_2255,2018,0
2018120600_2328,2018,0
2018120600_2375,2018,0
2018120600_2481,2018,0
2018120600_2619,2018,0
2018120600_2818,2018,0
2018120600_2887,2018,0
2018120600_2959,2018,0
2018120600_3186,2018,0
2018120600_3273,2018,0
2018120600_3357,2018,0
2018120600_3388,2018,0
2018120600_3468,2018,0
2018120600_347,2018,0
2018120600_3749,2018,0
2018120600_3771,2018,0
2018120600_3818,2018,0
2018120600_3840,2018,0
2018120600_3865,2018,0
2018120600_3887,2018,0
2018120600_3912,2018,0
2018120600_4019,2018,0
2018120600_651,2018,0
2018120600_676,2018,0
2018120600_703,2018,0
2018120600_728,2018,0
2018120600_750,2018,0
2018120600_83,2018,0
2018120900_100,2018,0
2018120900_1078,2018,0
2018120900_1177,2018,0
2018120900_1481,2018,0
2018120900_1865,2018,0
2018120900_1892,2018,0
2018120900_1950,2018,0
2018120900_2082,2018,0
2018120900_2111,2018,0
2018120900_2137,2018,0
2018120900_2187,2018,0
2018120900_2283,2018,0
2018120900_2346,2018,0
2018120900_2549,2018,0
2018120900_2646,2018,0
2018120900_2705,2018,0
2018120900_2756,2018,0
2018120900_2807,2018,0
2018120900_2855,2018,0
2018120900_2974,2018,0
2018120900_3049,2018,0
2018120900_3123,2018,0
2018120900_3250,2018,0
2018120900_3334,2018,0
2018120900_3391,2018,0
2018120900_3567,2018,0
2018120900_3613,2018,0
2018120900_3715,2018,0
2018120900_3737,2018,0
2018120900_3813,2018,0
2018120900_3835,2018,0
2018120900_4182,2018,0
2018120900_4606,2018,0
2018120900_4632,2018,0
2018120900_587,2018,0
2018120900_692,2018,0
2018120900_844,2018,0
2018120900_873,2018,0
2018120900_913,2018,0
2018120900_935,2018,0
2018120901_105,2018,0
2018120901_1065,2018,0
2018120901_1109,2018,0
2018120901_1211,2018,0
2018120901_130,2018,0
2018120901_1349,2018,0
2018120901_1374,2018,0
2018120901_1459,2018,0
2018120901_1481,2018,0
2018120901_1539,2018,0
2018120901_1607,2018,0
2018120901_1659,2018,0
2018120901_1690,2018,0
2018120901_1715,2018,0
2018120901_1760,2018,0
2018120901_1807,2018,0
2018120901_1949,2018,0
2018120901_1996,2018,0
2018120901_2038,2018,0
2018120901_210,2018,0
2018120901_2128,2018,0
2018120901_2153,2018,0
2018120901_2207,2018,0
2018120901_2229,2018,0
2018120901_2309,2018,0
2018120901_232,2018,0
2018120901_2331,2018,0
2018120901_2400,2018,0
2018120901_2608,2018,0
2018120901_2665,2018,0
2018120901_281,2018,0
2018120901_2960,2018,0
2018120901_3140,2018,0
2018120901_3165,2018,0
2018120901_3291,2018,0
2018120901_3325,2018,0
2018120901_3516,2018,0
2018120901_3646,2018,0
2018120901_3668,2018,0
2018120901_3693,2018,0
2018120901_3715,2018,0
2018120901_3746,2018,0
2018120901_3817,2018,0
2018120901_3878,2018,0
2018120901_412,2018,0
2018120901_4203,2018,0
2018120901_4225,2018,0
2018120901_4437,2018,0
2018120901_4459,2018,0
2018120901_4490,2018,0
2018120901_4512,2018,0
2018120901_4534,2018,0
2018120901_4556,2018,0
2018120901_520,2018,0
2018120901_633,2018,0
2018120901_856,2018,0
2018120901_996,2018,0
2018120902_1057,2018,0
2018120902_1224,2018,0
2018120902_1249,2018,0
2018120902_1274,2018,0
2018120902_1350,2018,0
2018120902_155,2018,0
2018120902_1585,2018,0
2018120902_1632,2018,0
2018120902_1654,2018,0
2018120902_1696,2018,0
2018120902_1744,2018,0
2018120902_1822,2018,0
2018120902_2084,2018,0
2018120902_2180,2018,0
2018120902_2272,2018,0
2018120902_2356,2018,0
2018120902_239,2018,0
2018120902_2512,2018,0
2018120902_2760,2018,0
2018120902_2821,2018,0
2018120902_2846,2018,0
2018120902_2895,2018,0
2018120902_2978,2018,0
2018120902_3000,2018,0
2018120902_3101,2018,0
2018120902_3126,2018,0
2018120902_3218,2018,0
2018120902_3368,2018,0
2018120902_3390,2018,0
2018120902_3431,2018,0
2018120902_3522,2018,0
2018120902_3603,2018,0
2018120902_365,2018,0
2018120902_3899,2018,0
2018120902_4053,2018,0
2018120902_572,2018,0
2018120902_619,2018,0
2018120902_699,2018,0
2018120902_801,2018,0
2018120903_1105,2018,0
2018120903_1170,2018,0
2018120903_1292,2018,0
2018120903_1345,2018,0
2018120903_1376,2018,1
2018120903_1477,2018,0
2018120903_1526,2018,0
2018120903_166,2018,0
2018120903_1701,2018,0
2018120903_1726,2018,0
2018120903_1847,2018,0
2018120903_1938,2018,0
2018120903_1982,2018,0
2018120903_2312,2018,0
2018120903_2436,2018,0
2018120903_2627,2018,0
2018120903_2649,2018,0
2018120903_289,2018,0
2018120903_2916,2018,0
2018120903_2996,2018,0
2018120903_3082,2018,0
2018120903_3107,2018,0
2018120903_314,2018,0
2018120903_3195,2018,0
2018120903_3220,2018,0
2018120903_3376,2018,0
2018120903_3407,2018,0
2018120903_3432,2018,0
2018120903_3609,2018,0
2018120903_3682,2018,0
2018120903_3708,2018,0
2018120903_3786,2018,0
2018120903_3831,2018,0
2018120903_3856,2018,0
2018120903_3881,2018,0
2018120903_396,2018,0
2018120903_421,2018,0
2018120903_4254,2018,0
2018120903_4279,2018,0
2018120903_4321,2018,0
2018120903_4349,2018,0
2018120903_4375,2018,0
2018120903_4400,2018,0
2018120903_4425,2018,0
2018120903_515,2018,0
2018120903_666,2018,0
2018120903_860,2018,0
2018120903_975,2018,0
2018120904_1048,2018,0
2018120904_1119,2018,0
2018120904_1171,2018,0
2018120904_1235,2018,0
2018120904_1324,2018,0
2018120904_1346,2018,0
2018120904_1402,2018,0
2018120904_1427,2018,0
2018120904_1477,2018,0
2018120904_1575,2018,0
2018120904_1649,2018,0
2018120904_1731,2018,0
2018120904_1877,2018,0
2018120904_1932,2018,0
2018120904_1979,2018,0
2018120904_2152,2018,0
2018120904_2177,2018,0
2018120904_2312,2018,0
2018120904_2337,2018,0
2018120904_2359,2018,0
2018120904_2381,2018,0
2018120904_2423,2018,0
2018120904_2558,2018,0
2018120904_2671,2018,0
2018120904_2696,2018,0
2018120904_2754,2018,0
2018120904_2776,2018,0
2018120904_2855,2018,0
2018120904_3011,2018,0
2018120904_3042,2018,0
2018120904_3064,2018,0
2018120904_3156,2018,0
2018120904_3266,2018,0
2018120904_3350,2018,0
2018120904_3397,2018,0
2018120904_3483,2018,0
2018120904_349,2018,0
2018120904_3508,2018,0
2018120904_3836,2018,0
2018120904_3861,2018,0
2018120904_388,2018,0
2018120904_3906,2018,0
2018120904_4101,2018,0
2018120904_4123,2018,0
2018120904_4148,2018,0
2018120904_4173,2018,0
2018120904_4228,2018,0
2018120904_51,2018,0
2018120904_522,2018,0
2018120904_632,2018,0
2018120904_657,2018,0
2018120904_686,2018,0
2018120904_750,2018,0
2018120904_797,2018,0
2018120904_871,2018,0
2018120904_98,2018,0
2018120905_1044,2018,0
2018120905_1113,2018,0
2018120905_1279,2018,0
2018120905_1426,2018,0
2018120905_145,2018,0
2018120905_1555,2018,0
2018120905_1624,2018,0
2018120905_170,2018,0
2018120905_1850,2018,0
2018120905_1881,2018,0
2018120905_1971,2018,0
2018120905_2002,2018,0
2018120905_2027,2018,1
2018120905_2091,2018,1
2018120905_214,2018,0
2018120905_2224,2018,0
2018120905_2271,2018,0
2018120905_2337,2018,0
2018120905_2359,2018,0
2018120905_2407,2018,0
2018120905_2607,2018,0
2018120905_2868,2018,0
2018120905_293,2018,0
2018120905_3151,2018,0
2018120905_3270,2018,0
2018120905_3445,2018,0
2018120905_3518,2018,0
2018120905_3901,2018,0
2018120905_4037,2018,0
2018120905_4068,2018,0
2018120905_4090,2018,0
2018120905_4597,2018,0
2018120905_4696,2018,0
2018120905_4799,2018,0
2018120905_51,2018,0
2018120905_576,2018,0
2018120905_601,2018,0
2018120905_98,2018,0
2018120906_1108,2018,0
2018120906_1130,2018,0
2018120906_120,2018,0
2018120906_1240,2018,0
2018120906_1416,2018,0
2018120906_1485,2018,0
2018120906_1532,2018,0
2018120906_1579,2018,0
2018120906_1808,2018,0
2018120906_1830,2018,0
2018120906_195,2018,0
2018120906_2096,2018,0
2018120906_2304,2018,0
2018120906_2392,2018,0
2018120906_242,2018,0
2018120906_2436,2018,0
2018120906_2641,2018,0
2018120906_2663,2018,0
2018120906_2710,2018,0
2018120906_2732,2018,0
2018120906_2807,2018,0
2018120906_2879,2018,0
2018120906_2988,2018,0
2018120906_3013,2018,0
2018120906_3035,2018,0
2018120906_3105,2018,0
2018120906_3237,2018,0
2018120906_3381,2018,0
2018120906_3442,2018,0
2018120906_3489,2018,0
2018120906_3558,2018,0
2018120906_3834,2018,0
2018120906_395,2018,0
2018120906_527,2018,0
2018120906_552,2018,0
2018120906_680,2018,0
2018120906_858,2018,0
2018120907_1166,2018,0
2018120907_1191,2018,0
2018120907_1302,2018,0
2018120907_1327,2018,0
2018120907_1441,2018,0
2018120907_1546,2018,0
2018120907_1626,2018,0
2018120907_1731,2018,0
2018120907_1800,2018,0
2018120907_1833,2018,0
2018120907_1886,2018,0
2018120907_1928,2018,0
2018120907_2165,2018,0
2018120907_2264,2018,0
2018120907_2328,2018,0
2018120907_2451,2018,0
2018120907_2556,2018,0
2018120907_2581,2018,0
2018120907_2927,2018,0
2018120907_3085,2018,0
2018120907_312,2018,0
2018120907_3151,2018,0
2018120907_3292,2018,0
2018120907_337,2018,0
2018120907_3444,2018,0
2018120907_3497,2018,0
2018120907_3604,2018,0
2018120907_362,2018,0
2018120907_3783,2018,0
2018120907_3805,2018,0
2018120907_3899,2018,0
2018120907_3924,2018,0
2018120907_4181,2018,0
2018120907_4203,2018,0
2018120907_4228,2018,0
2018120907_4253,2018,0
2018120907_4284,2018,0
2018120907_442,2018,0
2018120907_51,2018,0
2018120907_602,2018,0
2018120907_73,2018,0
2018120907_779,2018,0
2018120907_869,2018,0
2018120907_894,2018,0
2018120908_1104,2018,0
2018120908_118,2018,0
2018120908_1342,2018,0
2018120908_140,2018,0
2018120908_1442,2018,0
2018120908_1548,2018,0
2018120908_1606,2018,0
2018120908_1784,2018,0
2018120908_1879,2018,0
2018120908_1993,2018,0
2018120908_2050,2018,0
2018120908_2112,2018,0
2018120908_2182,2018,0
2018120908_2207,2018,0
2018120908_2369,2018,0
2018120908_2391,2018,0
2018120908_241,2018,0
2018120908_2476,2018,0
2018120908_2739,2018,0
2018120908_2841,2018,0
2018120908_2916,2018,0
2018120908_2947,2018,0
2018120908_3000,2018,0
2018120908_3130,2018,0
2018120908_3182,2018,0
2018120908_323,2018,0
2018120908_3267,2018,0
2018120908_3289,2018,0
2018120908_368,2018,0
2018120908_3738,2018,0
2018120908_3791,2018,0
2018120908_3883,2018,0
2018120908_390,2018,0
2018120908_3905,2018,0
2018120908_3930,2018,0
2018120908_3967,2018,0
2018120908_463,2018,0
2018120908_613,2018,0
2018120908_912,2018,0
2018120909_1006,2018,0
2018120909_101,2018,0
2018120909_1069,2018,0
2018120909_1189,2018,0
2018120909_1236,2018,0
2018120909_1303,2018,0
2018120909_1546,2018,0
2018120909_1571,2018,0
2018120909_1707,2018,0
2018120909_1766,2018,0
2018120909_182,2018,0
2018120909_1962,2018,0
2018120909_1987,2018,0
2018120909_2053,2018,0
2018120909_2226,2018,0
2018120909_2431,2018,0
2018120909_2490,2018,0
2018120909_2543,2018,0
2018120909_2565,2018,0
2018120909_2629,2018,0
2018120909_2676,2018,0
2018120909_2701,2018,0
2018120909_2751,2018,0
2018120909_2773,2018,0
2018120909_2917,2018,0
2018120909_3027,2018,0
2018120909_3091,2018,0
2018120909_3116,2018,0
2018120909_3163,2018,0
2018120909_3227,2018,0
2018120909_3343,2018,0
2018120909_341,2018,0
2018120909_3531,2018,0
2018120909_3556,2018,0
2018120909_3581,2018,0
2018120909_388,2018,0
2018120909_4031,2018,0
2018120909_4073,2018,0
2018120909_413,2018,0
2018120909_586,2018,0
2018120909_739,2018,0
2018120909_909,2018,0
2018120910_1202,2018,0
2018120910_1232,2018,0
2018120910_1384,2018,1
2018120910_1453,2018,0
2018120910_1530,2018,0
2018120910_1599,2018,0
2018120910_163,2018,0
2018120910_1738,2018,0
2018120910_1854,2018,0
2018120910_1936,2018,0
2018120910_2100,2018,0
2018120910_2125,2018,0
2018120910_2192,2018,0
2018120910_2221,2018,0
2018120910_2335,2018,0
2018120910_237,2018,0
2018120910_2381,2018,0
2018120910_2455,2018,1
2018120910_262,2018,0
2018120910_2701,2018,0
2018120910_2752,2018,0
2018120910_2965,2018,0
2018120910_2994,2018,0
2018120910_3091,2018,0
2018120910_3116,2018,0
2018120910_3142,2018,0
2018120910_3312,2018,0
2018120910_3334,2018,0
2018120910_3483,2018,0
2018120910_3542,2018,0
2018120910_3697,2018,0
2018120910_3903,2018,0
2018120910_4109,2018,0
2018120910_4140,2018,0
2018120910_4180,2018,0
2018120910_4202,2018,0
2018120910_4224,2018,0
2018120910_4249,2018,0
2018120910_4278,2018,0
2018120910_670,2018,0
2018120910_86,2018,0
2018120911_1059,2018,0
2018120911_1136,2018,0
2018120911_1214,2018,0
2018120911_1426,2018,0
2018120911_1537,2018,0
2018120911_1670,2018,0
2018120911_1728,2018,0
2018120911_1802,2018,0
2018120911_1827,2018,0
2018120911_1849,2018,0
2018120911_1934,2018,0
2018120911_1959,2018,0
2018120911_199,2018,0
2018120911_2371,2018,0
2018120911_2485,2018,0
2018120911_2510,2018,0
2018120911_2563,2018,0
2018120911_258,2018,0
2018120911_2658,2018,0
2018120911_2708,2018,0
2018120911_2925,2018,0
2018120911_2947,2018,0
2018120911_3159,2018,0
2018120911_3218,2018,0
2018120911_3803,2018,0
2018120911_3895,2018,0
2018120911_4054,2018,0
2018120911_412,2018,0
2018120911_517,2018,0
2018120911_635,2018,0
2018120911_660,2018,0
2018120911_764,2018,0
2018120911_800,2018,0
2018120911_948,2018,0
2018120911_995,2018,0
2018120912_1012,2018,0
2018120912_1037,2018,0
2018120912_1119,2018,0
2018120912_1168,2018,0
2018120912_127,2018,0
2018120912_1306,2018,0
2018120912_1383,2018,0
2018120912_1450,2018,0
2018120912_1479,2018,0
2018120912_1554,2018,0
2018120912_1616,2018,0
2018120912_1697,2018,0
2018120912_1757,2018,0
2018120912_1779,2018,0
2018120912_1804,2018,0
2018120912_1888,2018,0
2018120912_2017,2018,0
2018120912_2159,2018,0
2018120912_2235,2018,0
2018120912_238,2018,0
2018120912_2386,2018,0
2018120912_2417,2018,0
2018120912_2442,2018,0
2018120912_2525,2018,0
2018120912_2558,2018,0
2018120912_2712,2018,0
2018120912_2737,2018,0
2018120912_2811,2018,0
2018120912_2836,2018,0
2018120912_2961,2018,0
2018120912_3030,2018,0
2018120912_3077,2018,0
2018120912_3155,2018,0
2018120912_3191,2018,0
2018120912_3252,2018,0
2018120912_3425,2018,0
2018120912_3546,2018,0
2018120912_3619,2018,0
2018120912_3723,2018,0
2018120912_3874,2018,0
2018120912_3936,2018,0
2018120912_3978,2018,0
2018120912_400,2018,0
2018120912_4065,2018,0
2018120912_4142,2018,0
2018120912_4173,2018,0
2018120912_4199,2018,0
2018120912_4285,2018,0
2018120912_4321,2018,0
2018120912_4567,2018,0
2018120912_4645,2018,0
2018120912_4717,2018,0
2018120912_472,2018,0
2018120912_574,2018,0
2018120912_696,2018,0
2018120912_763,2018,0
2018120912_879,2018,0
2018120912_943,2018,0
2018120913_117,2018,0
2018120913_1298,2018,0
2018120913_1323,2018,0
2018120913_1360,2018,0
2018120913_1418,2018,0
2018120913_1568,2018,0
2018120913_164,2018,0
2018120913_1649,2018,0
2018120913_1691,2018,0
2018120913_1723,2018,0
2018120913_1748,2018,0
2018120913_1787,2018,0
2018120913_2180,2018,0
2018120913_2202,2018,0
2018120913_2368,2018,0
2018120913_2425,2018,0
2018120913_2529,2018,0
2018120913_2966,2018,0
2018120913_3040,2018,0
2018120913_3106,2018,0
2018120913_3151,2018,0
2018120913_3204,2018,0
2018120913_3479,2018,0
2018120913_3501,2018,0
2018120913_3707,2018,0
2018120913_3736,2018,0
2018120913_379,2018,0
2018120913_3800,2018,0
2018120913_3825,2018,0
2018120913_3856,2018,0
2018120913_3938,2018,0
2018120913_3988,2018,0
2018120913_4030,2018,0
2018120913_404,2018,0
2018120913_4221,2018,0
2018120913_451,2018,0
2018120913_619,2018,0
2018120913_692,2018,0
2018120913_717,2018,0
2018120913_884,2018,0
2018121000_1173,2018,0
2018121000_1332,2018,0
2018121000_1364,2018,0
2018121000_1484,2018,0
2018121000_1511,2018,0
2018121000_1644,2018,0
2018121000_1899,2018,0
2018121000_2036,2018,0
2018121000_2087,2018,0
2018121000_2118,2018,0
2018121000_2165,2018,0
2018121000_2212,2018,0
2018121000_2340,2018,0
2018121000_2389,2018,0
2018121000_2471,2018,0
2018121000_2502,2018,0
2018121000_2593,2018,0
2018121000_2763,2018,0
2018121000_2829,2018,0
2018121000_2862,2018,0
2018121000_2887,2018,0
2018121000_2925,2018,0
2018121000_3068,2018,0
2018121000_317,2018,0
2018121000_3171,2018,0
2018121000_3193,2018,0
2018121000_3268,2018,0
2018121000_3290,2018,0
2018121000_3627,2018,0
2018121000_3722,2018,0
2018121000_3747,2018,0
2018121000_3786,2018,0
2018121000_3817,2018,0
2018121000_3839,2018,0
2018121000_3864,2018,1
2018121000_433,2018,0
2018121000_766,2018,0
2018121000_83,2018,0
2018121000_929,2018,0
2018121300_1016,2018,0
2018121300_1100,2018,0
2018121300_111,2018,0
2018121300_1306,2018,0
2018121300_1331,2018,0
2018121300_1393,2018,0
2018121300_1482,2018,0
2018121300_1529,2018,0
2018121300_1598,2018,0
2018121300_164,2018,0
2018121300_1833,2018,0
2018121300_189,2018,0
2018121300_1925,2018,0
2018121300_1956,2018,0
2018121300_2100,2018,0
2018121300_211,2018,0
2018121300_2136,2018,0
2018121300_2161,2018,0
2018121300_2186,2018,0
2018121300_258,2018,0
2018121300_2635,2018,0
2018121300_2657,2018,0
2018121300_2736,2018,0
2018121300_2783,2018,0
2018121300_280,2018,0
2018121300_2905,2018,0
2018121300_3053,2018,0
2018121300_3115,2018,0
2018121300_3146,2018,0
2018121300_3168,2018,0
2018121300_3239,2018,0
2018121300_327,2018,0
2018121300_3424,2018,0
2018121300_3525,2018,0
2018121300_3572,2018,0
2018121300_3653,2018,0
2018121300_3675,2018,0
2018121300_3914,2018,0
2018121300_523,2018,0
2018121300_575,2018,0
2018121300_656,2018,0
2018121300_706,2018,0
2018121300_753,2018,0
2018121300_798,2018,0
2018121300_823,2018,0
2018121300_845,2018,0
2018121300_908,2018,0
2018121500_1057,2018,0
2018121500_1104,2018,0
2018121500_1129,2018,1
2018121500_1193,2018,0
2018121500_1240,2018,0
2018121500_1287,2018,0
2018121500_1347,2018,0
2018121500_1484,2018,0
2018121500_1563,2018,0
2018121500_1722,2018,0
2018121500_1871,2018,0
2018121500_1938,2018,0
2018121500_1986,2018,0
2018121500_2011,2018,0
2018121500_2110,2018,0
2018121500_2350,2018,0
2018121500_2475,2018,0
2018121500_2574,2018,0
2018121500_2647,2018,0
2018121500_2770,2018,0
2018121500_2795,2018,0
2018121500_2906,2018,0
2018121500_3007,2018,0
2018121500_3071,2018,0
2018121500_3096,2018,0
2018121500_3121,2018,0
2018121500_3208,2018,0
2018121500_3307,2018,0
2018121500_3329,2018,0
2018121500_3362,2018,0
2018121500_3407,2018,0
2018121500_3535,2018,0
2018121500_3699,2018,0
2018121500_3804,2018,0
2018121500_3829,2018,0
2018121500_3942,2018,0
2018121500_3964,2018,0
2018121500_4032,2018,0
2018121500_4205,2018,0
2018121500_4227,2018,0
2018121500_4269,2018,0
2018121500_457,2018,0
2018121500_645,2018,0
2018121500_755,2018,0
2018121500_868,2018,0
2018121500_899,2018,0
2018121500_976,2018,0
2018121501_1044,2018,0
2018121501_1102,2018,0
2018121501_1196,2018,0
2018121501_1221,2018,0
2018121501_1284,2018,0
2018121501_1331,2018,0
2018121501_144,2018,0
2018121501_1467,2018,0
2018121501_1672,2018,0
2018121501_1736,2018,0
2018121501_1833,2018,0
2018121501_1872,2018,0
2018121501_1980,2018,0
2018121501_199,2018,0
2018121501_2012,2018,0
2018121501_2091,2018,0
2018121501_2231,2018,0
2018121501_2262,2018,0
2018121501_2439,2018,0
2018121501_2464,2018,0
2018121501_2644,2018,0
2018121501_2864,2018,0
2018121501_2923,2018,0
2018121501_300,2018,0
2018121501_3322,2018,0
2018121501_3349,2018,0
2018121501_3402,2018,0
2018121501_3461,2018,0
2018121501_3612,2018,0
2018121501_3659,2018,0
2018121501_405,2018,0
2018121501_4226,2018,0
2018121501_4345,2018,0
2018121501_579,2018,0
2018121501_601,2018,0
2018121501_690,2018,0
2018121501_737,2018,0
2018121501_975,2018,0
2018121600_1125,2018,0
2018121600_1172,2018,0
2018121600_1211,2018,0
2018121600_1296,2018,0
2018121600_140,2018,0
2018121600_1451,2018,0
2018121600_1482,2018,0
2018121600_1513,2018,0
2018121600_1572,2018,0
2018121600_1603,2018,0
2018121600_1750,2018,0
2018121600_1813,2018,0
2018121600_2040,2018,0
2018121600_2100,2018,0
2018121600_2135,2018,0
2018121600_2166,2018,0
2018121600_2191,2018,0
2018121600_2272,2018,0
2018121600_2295,2018,0
2018121600_2467,2018,0
2018121600_2514,2018,0
2018121600_2577,2018,0
2018121600_2602,2018,0
2018121600_2627,2018,0
2018121600_2679,2018,0
2018121600_269,2018,0
2018121600_2701,2018,0
2018121600_2785,2018,0
2018121600_2830,2018,0
2018121600_2855,2018,0
2018121600_2956,2018,0
2018121600_3105,2018,0
2018121600_3231,2018,0
2018121600_3278,2018,0
2018121600_3344,2018,0
2018121600_3424,2018,0
2018121600_3477,2018,0
2018121600_3502,2018,0
2018121600_3754,2018,0
2018121600_3845,2018,0
2018121600_3913,2018,0
2018121600_3938,2018,0
2018121600_3963,2018,0
2018121600_4097,2018,0
2018121600_4122,2018,0
2018121600_4144,2018,0
2018121600_431,2018,0
2018121600_4368,2018,0
2018121600_4393,2018,0
2018121600_582,2018,0
2018121600_73,2018,0
2018121601_103,2018,0
2018121601_1272,2018,0
2018121601_1409,2018,0
2018121601_1655,2018,0
2018121601_1719,2018,0
2018121601_1741,2018,0
2018121601_1924,2018,0
2018121601_1966,2018,0
2018121601_1991,2018,0
2018121601_2016,2018,0
2018121601_2038,2018,0
2018121601_2080,2018,0
2018121601_2234,2018,0
2018121601_2256,2018,0
2018121601_243,2018,0
2018121601_2512,2018,0
2018121601_2581,2018,0
2018121601_2899,2018,0
2018121601_2982,2018,0
2018121601_3052,2018,0
2018121601_3202,2018,0
2018121601_3309,2018,0
2018121601_3435,2018,0
2018121601_3460,2018,0
2018121601_3507,2018,0
2018121601_364,2018,0
2018121601_386,2018,0
2018121601_425,2018,0
2018121601_502,2018,0
2018121601_552,2018,0
2018121601_637,2018,0
2018121601_662,2018,0
2018121601_687,2018,0
2018121601_729,2018,0
2018121601_793,2018,0
2018121601_81,2018,0
2018121601_888,2018,0
2018121602_1094,2018,0
2018121602_1292,2018,0
2018121602_1382,2018,0
2018121602_1455,2018,0
2018121602_1618,2018,0
2018121602_162,2018,0
2018121602_1814,2018,0
2018121602_1843,2018,0
2018121602_191,2018,0
2018121602_2145,2018,0
2018121602_2167,2018,0
2018121602_2293,2018,0
2018121602_2513,2018,0
2018121602_264,2018,0
2018121602_2655,2018,0
2018121602_2881,2018,0
2018121602_299,2018,0
2018121602_3087,2018,0
2018121602_3130,2018,0
2018121602_3275,2018,0
2018121602_3301,2018,0
2018121602_3516,2018,0
2018121602_3593,2018,0
2018121602_3669,2018,0
2018121602_3839,2018,0
2018121602_3890,2018,0
2018121602_461,2018,0
2018121602_490,2018,0
2018121602_633,2018,0
2018121602_662,2018,0
2018121602_762,2018,0
2018121603_1098,2018,0
2018121603_1215,2018,0
2018121603_1240,2018,0
2018121603_1293,2018,0
2018121603_1429,2018,0
2018121603_1521,2018,0
2018121603_1552,2018,0
2018121603_1577,2018,0
2018121603_158,2018,0
2018121603_1602,2018,0
2018121603_1671,2018,0
2018121603_1807,2018,0
2018121603_1871,2018,0
2018121603_1893,2018,0
2018121603_2037,2018,0
2018121603_2209,2018,0
2018121603_2301,2018,0
2018121603_2332,2018,0
2018121603_2504,2018,0
2018121603_2656,2018,0
2018121603_2731,2018,0
2018121603_296,2018,0
2018121603_2992,2018,0
2018121603_3183,2018,0
2018121603_3384,2018,0
2018121603_3464,2018,0
2018121603_3556,2018,0
2018121603_3696,2018,0
2018121603_3793,2018,0
2018121603_3818,2018,0
2018121603_3868,2018,0
2018121603_3921,2018,0
2018121603_3979,2018,0
2018121603_4001,2018,0
2018121603_4211,2018,0
2018121603_4266,2018,0
2018121603_4291,2018,0
2018121603_4333,2018,0
2018121603_4358,2018,0
2018121603_4436,2018,1
2018121603_463,2018,0
2018121603_631,2018,0
2018121603_656,2018,0
2018121603_806,2018,0
2018121603_831,2018,0
2018121603_895,2018,0
2018121604_101,2018,0
2018121604_1158,2018,0
2018121604_1245,2018,0
2018121604_1422,2018,0
2018121604_149,2018,0
2018121604_1567,2018,0
2018121604_1694,2018,0
2018121604_1719,2018,0
2018121604_1766,2018,0
2018121604_2052,2018,0
2018121604_2074,2018,0
2018121604_2138,2018,0
2018121604_2249,2018,0
2018121604_2274,2018,0
2018121604_2364,2018,0
2018121604_2415,2018,0
2018121604_2519,2018,0
2018121604_2563,2018,0
2018121604_2635,2018,0
2018121604_2721,2018,0
2018121604_2798,2018,0
2018121604_2823,2018,0
2018121604_2945,2018,0
2018121604_2988,2018,0
2018121604_308,2018,0
2018121604_3175,2018,0
2018121604_3271,2018,0
2018121604_3293,2018,0
2018121604_3349,2018,0
2018121604_3419,2018,0
2018121604_3538,2018,0
2018121604_356,2018,0
2018121604_3972,2018,0
2018121604_4045,2018,0
2018121604_406,2018,0
2018121604_4190,2018,0
2018121604_4430,2018,0
2018121604_484,2018,0
2018121604_622,2018,0
2018121604_647,2018,0
2018121604_672,2018,0
2018121604_867,2018,0
2018121604_911,2018,0
2018121604_975,2018,0
2018121604_997,2018,0
2018121605_1019,2018,0
2018121605_1063,2018,0
2018121605_1103,2018,0
2018121605_126,2018,0
2018121605_1317,2018,0
2018121605_1340,2018,0
2018121605_1470,2018,0
2018121605_1543,2018,0
2018121605_1608,2018,0
2018121605_1633,2018,0
2018121605_1658,2018,0
2018121605_1702,2018,0
2018121605_1895,2018,0
2018121605_1920,2018,0
2018121605_195,2018,0
2018121605_1951,2018,0
2018121605_2119,2018,0
2018121605_2303,2018,0
2018121605_2389,2018,0
2018121605_2591,2018,0
2018121605_2613,2018,0
2018121605_2644,2018,0
2018121605_2691,2018,0
2018121605_2824,2018,0
2018121605_3104,2018,0
2018121605_3151,2018,0
2018121605_3206,2018,0
2018121605_3248,2018,0
2018121605_3418,2018,0
2018121605_3578,2018,0
2018121605_3663,2018,0
2018121605_3685,2018,0
2018121605_369,2018,0
2018121605_3710,2018,0
2018121605_3732,2018,0
2018121605_3862,2018,0
2018121605_3969,2018,0
2018121605_4000,2018,0
2018121605_4051,2018,0
2018121605_702,2018,0
2018121605_790,2018,0
2018121605_812,2018,0
2018121605_843,2018,0
2018121606_1004,2018,0
2018121606_1080,2018,0
2018121606_1127,2018,0
2018121606_1392,2018,0
2018121606_1511,2018,0
2018121606_1600,2018,0
2018121606_1629,2018,0
2018121606_1796,2018,0
2018121606_1946,2018,0
2018121606_2152,2018,0
2018121606_2370,2018,0
2018121606_2528,2018,0
2018121606_2575,2018,0
2018121606_2597,2018,0
2018121606_2795,2018,0
2018121606_2979,2018,0
2018121606_3099,2018,0
2018121606_3213,2018,0
2018121606_3293,2018,0
2018121606_3315,2018,0
2018121606_3362,2018,0
2018121606_3415,2018,0
2018121606_3505,2018,0
2018121606_3630,2018,0
2018121606_403,2018,0
2018121606_467,2018,0
2018121606_564,2018,0
2018121606_761,2018,0
2018121606_85,2018,0
2018121607_1108,2018,0
2018121607_1181,2018,0
2018121607_1304,2018,0
2018121607_1368,2018,0
2018121607_1435,2018,0
2018121607_1516,2018,0
2018121607_1689,2018,0
2018121607_1817,2018,0
2018121607_1842,2018,0
2018121607_1884,2018,0
2018121607_1906,2018,0
2018121607_1970,2018,0
2018121607_208,2018,0
2018121607_2156,2018,0
2018121607_2178,2018,0
2018121607_2222,2018,0
2018121607_2328,2018,0
2018121607_2501,2018,0
2018121607_2523,2018,0
2018121607_2707,2018,0
2018121607_3175,2018,0
2018121607_3197,2018,0
2018121607_3589,2018,0
2018121607_3642,2018,0
2018121607_3667,2018,0
2018121607_3709,2018,0
2018121607_501,2018,0
2018121607_526,2018,0
2018121607_609,2018,0
2018121607_809,2018,0
2018121607_81,2018,0
2018121607_840,2018,0
2018121608_1087,2018,0
2018121608_1118,2018,0
2018121608_1203,2018,0
2018121608_1290,2018,0
2018121608_1464,2018,0
2018121608_1685,2018,0
2018121608_1771,2018,0
2018121608_200,2018,0
2018121608_2096,2018,0
2018121608_2127,2018,0
2018121608_2171,2018,0
2018121608_2244,2018,0
2018121608_2283,2018,0
2018121608_2387,2018,0
2018121608_2535,2018,0
2018121608_2618,2018,0
2018121608_2764,2018,0
2018121608_2826,2018,0
2018121608_2890,2018,0
2018121608_2941,2018,0
2018121608_2963,2018,0
2018121608_3417,2018,0
2018121608_3484,2018,0
2018121608_3506,2018,0
2018121608_3918,2018,0
2018121608_3943,2018,0
2018121608_3965,2018,0
2018121608_4020,2018,0
2018121608_4045,2018,0
2018121608_4092,2018,0
2018121608_4114,2018,0
2018121608_4164,2018,0
2018121608_576,2018,0
2018121608_629,2018,0
2018121608_651,2018,0
2018121608_86,2018,0
2018121608_926,2018,0
2018121609_101,2018,0
2018121609_1195,2018,0
2018121609_1221,2018,0
2018121609_1321,2018,0
2018121609_1480,2018,0
2018121609_1577,2018,0
2018121609_1683,2018,0
2018121609_1759,2018,0
2018121609_1957,2018,0
2018121609_2295,2018,0
2018121609_2333,2018,0
2018121609_2382,2018,0
2018121609_2407,2018,0
2018121609_2493,2018,0
2018121609_2593,2018,0
2018121609_2754,2018,0
2018121609_3035,2018,0
2018121609_3057,2018,0
2018121609_3388,2018,0
2018121609_3588,2018,0
2018121609_3629,2018,0
2018121609_3719,2018,0
2018121609_3816,2018,0
2018121609_3865,2018,0
2018121609_4006,2018,0
2018121609_4045,2018,0
2018121609_4146,2018,0
2018121609_4267,2018,0
2018121609_4350,2018,0
2018121609_4401,2018,0
2018121609_4588,2018,0
2018121609_543,2018,0
2018121609_568,2018,0
2018121609_647,2018,0
2018121609_719,2018,0
2018121609_72,2018,0
2018121609_744,2018,0
2018121609_959,2018,0
2018121609_997,2018,0
2018121610_1014,2018,0
2018121610_1289,2018,0
2018121610_1314,2018,0
2018121610_1413,2018,0
2018121610_1525,2018,0
2018121610_1547,2018,0
2018121610_171,2018,0
2018121610_1790,2018,0
2018121610_2148,2018,0
2018121610_2253,2018,0
2018121610_2552,2018,0
2018121610_2787,2018,0
2018121610_3011,2018,0
2018121610_3036,2018,0
2018121610_3259,2018,0
2018121610_3284,2018,0
2018121610_3815,2018,0
2018121610_3840,2018,0
2018121610_3890,2018,0
2018121610_3958,2018,0
2018121610_3980,2018,0
2018121610_402,2018,0
2018121610_4023,2018,0
2018121610_427,2018,0
2018121610_485,2018,0
2018121610_577,2018,0
2018121610_705,2018,0
2018121610_730,2018,0
2018121610_755,2018,0
2018121610_810,2018,0
2018121611_104,2018,0
2018121611_1085,2018,0
2018121611_1163,2018,0
2018121611_1231,2018,0
2018121611_1256,2018,0
2018121611_1483,2018,0
2018121611_1734,2018,0
2018121611_174,2018,0
2018121611_1756,2018,0
2018121611_1835,2018,0
2018121611_1885,2018,0
2018121611_1927,2018,0
2018121611_1976,2018,0
2018121611_199,2018,0
2018121611_2007,2018,0
2018121611_2038,2018,0
2018121611_2060,2018,0
2018121611_2082,2018,0
2018121611_2208,2018,0
2018121611_2239,2018,0
2018121611_2334,2018,0
2018121611_2378,2018,0
2018121611_2496,2018,0
2018121611_2562,2018,0
2018121611_2659,2018,0
2018121611_268,2018,0
2018121611_2756,2018,0
2018121611_2781,2018,0
2018121611_2818,2018,0
2018121611_2886,2018,0
2018121611_2908,2018,0
2018121611_2981,2018,0
2018121611_3072,2018,0
2018121611_319,2018,0
2018121611_3222,2018,0
2018121611_3299,2018,0
2018121611_3326,2018,0
2018121611_3351,2018,0
2018121611_3399,2018,0
2018121611_3424,2018,0
2018121611_3513,2018,0
2018121611_3577,2018,0
2018121611_3602,2018,0
2018121611_3752,2018,0
2018121611_3777,2018,0
2018121611_3878,2018,0
2018121611_3909,2018,0
2018121611_3934,2018,0
2018121611_3956,2018,0
2018121611_3981,2018,0
2018121611_4006,2018,0
2018121611_4031,2018,0
2018121611_4053,2018,0
2018121611_4075,2018,0
2018121611_4286,2018,0
2018121611_4322,2018,0
2018121611_4344,2018,0
2018121611_4549,2018,0
2018121611_4574,2018,0
2018121611_4605,2018,0
2018121611_4630,2018,0
2018121611_4661,2018,0
2018121611_507,2018,0
2018121611_539,2018,0
2018121611_636,2018,0
2018121611_661,2018,0
2018121611_724,2018,0
2018121611_982,2018,0
2018121700_1058,2018,0
2018121700_1111,2018,0
2018121700_1170,2018,0
2018121700_1226,2018,0
2018121700_1248,2018,0
2018121700_1307,2018,0
2018121700_1423,2018,0
2018121700_1515,2018,0
2018121700_1580,2018,0
2018121700_1605,2018,0
2018121700_1637,2018,0
2018121700_1659,2018,0
2018121700_1823,2018,0
2018121700_1892,2018,0
2018121700_2017,2018,0
2018121700_206,2018,0
2018121700_2232,2018,0
2018121700_2395,2018,0
2018121700_2514,2018,0
2018121700_2536,2018,0
2018121700_2592,2018,0
2018121700_2614,2018,0
2018121700_2643,2018,0
2018121700_272,2018,0
2018121700_2767,2018,0
2018121700_2814,2018,0
2018121700_2927,2018,0
2018121700_3027,2018,0
2018121700_3113,2018,0
2018121700_3145,2018,0
2018121700_3339,2018,0
2018121700_3419,2018,0
2018121700_3548,2018,0
2018121700_3573,2018,0
2018121700_3654,2018,0
2018121700_377,2018,0
2018121700_3949,2018,0
2018121700_4002,2018,0
2018121700_4106,2018,0
2018121700_708,2018,0
2018121700_73,2018,0
2018121700_893,2018,0
2018121700_987,2018,0
2018122200_1085,2018,0
2018122200_1176,2018,0
2018122200_1322,2018,0
2018122200_1499,2018,0
2018122200_1524,2018,0
2018122200_1560,2018,0
2018122200_1624,2018,0
2018122200_163,2018,0
2018122200_1933,2018,0
2018122200_2073,2018,0
2018122200_2355,2018,0
2018122200_2530,2018,0
2018122200_2621,2018,0
2018122200_2646,2018,0
2018122200_2668,2018,0
2018122200_2693,2018,0
2018122200_289,2018,0
2018122200_2973,2018,0
2018122200_3102,2018,0
2018122200_3155,2018,1
2018122200_3413,2018,0
2018122200_3502,2018,0
2018122200_358,2018,0
2018122200_383,2018,0
2018122200_478,2018,0
2018122200_834,2018,0
2018122200_88,2018,0
2018122200_995,2018,0
2018122201_1041,2018,0
2018122201_1066,2018,0
2018122201_1183,2018,0
2018122201_1341,2018,0
2018122201_1424,2018,1
2018122201_1510,2018,0
2018122201_1538,2018,0
2018122201_1580,2018,0
2018122201_1752,2018,0
2018122201_1788,2018,0
2018122201_1810,2018,0
2018122201_1832,2018,0
2018122201_1896,2018,0
2018122201_1918,2018,0
2018122201_1960,2018,0
2018122201_1982,2018,0
2018122201_2038,2018,0
2018122201_233,2018,0
2018122201_2347,2018,0
2018122201_2372,2018,0
2018122201_2429,2018,0
2018122201_2529,2018,0
2018122201_2580,2018,0
2018122201_2873,2018,0
2018122201_2940,2018,0
2018122201_3051,2018,0
2018122201_310,2018,0
2018122201_3140,2018,0
2018122201_3162,2018,0
2018122201_3304,2018,0
2018122201_335,2018,0
2018122201_3424,2018,0
2018122201_3493,2018,0
2018122201_3518,2018,0
2018122201_3745,2018,0
2018122201_3817,2018,0
2018122201_382,2018,0
2018122201_3842,2018,0
2018122201_3909,2018,0
2018122201_3953,2018,0
2018122201_442,2018,0
2018122201_541,2018,0
2018122201_62,2018,0
2018122201_638,2018,0
2018122201_778,2018,0
2018122201_803,2018,0
2018122201_889,2018,0
2018122201_986,2018,0
2018122300_1032,2018,0
2018122300_1057,2018,0
2018122300_1135,2018,0
2018122300_1213,2018,0
2018122300_1273,2018,0
2018122300_1298,2018,0
2018122300_1379,2018,0
2018122300_1506,2018,0
2018122300_1610,2018,0
2018122300_1635,2018,0
2018122300_1657,2018,0
2018122300_1721,2018,0
2018122300_1785,2018,0
2018122300_181,2018,0
2018122300_1827,2018,0
2018122300_1913,2018,0
2018122300_1938,2018,0
2018122300_1960,2018,0
2018122300_2061,2018,0
2018122300_2247,2018,0
2018122300_2294,2018,0
2018122300_234,2018,0
2018122300_2372,2018,0
2018122300_2397,2018,0
2018122300_2589,2018,0
2018122300_2639,2018,0
2018122300_2714,2018,0
2018122300_2863,2018,0
2018122300_2885,2018,0
2018122300_2910,2018,0
2018122300_303,2018,0
2018122300_3140,2018,0
2018122300_3171,2018,0
2018122300_3289,2018,0
2018122300_3453,2018,0
2018122300_3478,2018,0
2018122300_3503,2018,0
2018122300_351,2018,0
2018122300_3525,2018,0
2018122300_3787,2018,0
2018122300_3809,2018,0
2018122300_3895,2018,0
2018122300_3920,2018,0
2018122300_3962,2018,0
2018122300_3987,2018,0
2018122300_4102,2018,0
2018122300_4127,2018,0
2018122300_4158,2018,0
2018122300_574,2018,0
2018122300_648,2018,0
2018122300_724,2018,0
2018122300_746,2018,0
2018122300_793,2018,0
2018122300_838,2018,0
2018122300_943,2018,0
2018122300_968,2018,0
2018122302_106,2018,0
2018122302_1092,2018,0
2018122302_1117,2018,0
2018122302_1251,2018,0
2018122302_1305,2018,0
2018122302_1425,2018,0
2018122302_1490,2018,0
2018122302_1529,2018,0
2018122302_1602,2018,0
2018122302_1940,2018,0
2018122302_1987,2018,0
2018122302_2067,2018,0
2018122302_207,2018,0
2018122302_2176,2018,0
2018122302_2285,2018,0
2018122302_2523,2018,0
2018122302_254,2018,0
2018122302_2545,2018,0
2018122302_2695,2018,0
2018122302_2910,2018,0
2018122302_3048,2018,0
2018122302_3193,2018,0
2018122302_3260,2018,0
2018122302_333,2018,0
2018122302_3348,2018,0
2018122302_3448,2018,0
2018122302_3568,2018,0
2018122302_417,2018,0
2018122302_602,2018,0
2018122302_638,2018,0
2018122302_760,2018,0
2018122302_81,2018,0
2018122302_877,2018,0
2018122302_957,2018,0
2018122304_1078,2018,0
2018122304_1231,2018,0
2018122304_1287,2018,0
2018122304_1312,2018,0
2018122304_1429,2018,0
2018122304_1523,2018,0
2018122304_1556,2018,0
2018122304_1609,2018,0
2018122304_1634,2018,0
2018122304_1720,2018,0
2018122304_173,2018,0
2018122304_1745,2018,0
2018122304_1911,2018,0
2018122304_2041,2018,0
2018122304_2102,2018,0
2018122304_2164,2018,0
2018122304_2305,2018,0
2018122304_2370,2018,0
2018122304_2399,2018,0
2018122304_245,2018,0
2018122304_2455,2018,0
2018122304_2530,2018,0
2018122304_2552,2018,0
2018122304_2577,2018,0
2018122304_2702,2018,0
2018122304_2727,2018,0
2018122304_2749,2018,0
2018122304_2816,2018,0
2018122304_2841,2018,0
2018122304_2885,2018,0
2018122304_289,2018,0
2018122304_2955,2018,0
2018122304_3081,2018,0
2018122304_3170,2018,0
2018122304_3275,2018,0
2018122304_3386,2018,0
2018122304_3411,2018,0
2018122304_3487,2018,0
2018122304_3537,2018,0
2018122304_3562,2018,0
2018122304_3686,2018,0
2018122304_3711,2018,0
2018122304_3858,2018,0
2018122304_3905,2018,0
2018122304_3927,2018,0
2018122304_4013,2018,0
2018122304_4058,2018,0
2018122304_4083,2018,0
2018122304_4156,2018,0
2018122304_4181,2018,0
2018122304_4223,2018,0
2018122304_519,2018,0
2018122304_566,2018,0
2018122304_588,2018,0
2018122304_635,2018,0
2018122304_688,2018,0
2018122304_732,2018,0
2018122304_883,2018,0
2018122305_1163,2018,0
2018122305_1246,2018,0
2018122305_1489,2018,0
2018122305_1528,2018,0
2018122305_1575,2018,0
2018122305_1715,2018,0
2018122305_1762,2018,0
2018122305_1969,2018,0
2018122305_2016,2018,0
2018122305_2125,2018,0
2018122305_2167,2018,0
2018122305_2245,2018,0
2018122305_2296,2018,0
2018122305_2343,2018,0
2018122305_2430,2018,0
2018122305_2494,2018,0
2018122305_2728,2018,0
2018122305_2753,2018,0
2018122305_2822,2018,0
2018122305_3001,2018,0
2018122305_3026,2018,0
2018122305_371,2018,0
2018122305_549,2018,0
2018122305_629,2018,0
2018122305_70,2018,0
2018122305_721,2018,0
2018122305_769,2018,0
2018122305_870,2018,0
2018122305_912,2018,0
2018122305_92,2018,0
2018122305_937,2018,0
2018122306_1028,2018,0
2018122306_1075,2018,0
2018122306_1139,2018,0
2018122306_118,2018,0
2018122306_1186,2018,0
2018122306_1278,2018,0
2018122306_1300,2018,0
2018122306_1381,2018,0
2018122306_1558,2018,0
2018122306_1697,2018,0
2018122306_1805,2018,0
2018122306_1866,2018,0
2018122306_1942,2018,0
2018122306_1964,2018,0
2018122306_2000,2018,0
2018122306_204,2018,0
2018122306_2050,2018,0
2018122306_2240,2018,0
2018122306_226,2018,0
2018122306_2334,2018,0
2018122306_2398,2018,0
2018122306_2440,2018,0
2018122306_2532,2018,0
2018122306_2554,2018,0
2018122306_2618,2018,0
2018122306_2665,2018,0
2018122306_2696,2018,0
2018122306_2721,2018,0
2018122306_304,2018,0
2018122306_3123,2018,0
2018122306_3265,2018,0
2018122306_329,2018,0
2018122306_3396,2018,0
2018122306_3466,2018,0
2018122306_351,2018,0
2018122306_3822,2018,0
2018122306_3920,2018,0
2018122306_3942,2018,0
2018122306_3967,2018,0
2018122306_3992,2018,0
2018122306_4017,2018,0
2018122306_4042,2018,0
2018122306_4073,2018,0
2018122306_4098,2018,0
2018122306_460,2018,0
2018122306_485,2018,0
2018122306_595,2018,0
2018122306_65,2018,0
2018122306_653,2018,0
2018122306_713,2018,0
2018122306_760,2018,0
2018122306_807,2018,0
2018122306_90,2018,0
2018122307_1161,2018,0
2018122307_1210,2018,0
2018122307_131,2018,0
2018122307_1405,2018,0
2018122307_1539,2018,0
2018122307_1660,2018,0
2018122307_1724,2018,0
2018122307_1827,2018,0
2018122307_1849,2018,0
2018122307_188,2018,0
2018122307_1998,2018,0
2018122307_2057,2018,0
2018122307_2104,2018,0
2018122307_2472,2018,0
2018122307_2547,2018,0
2018122307_2638,2018,0
2018122307_2669,2018,0
2018122307_2738,2018,0
2018122307_3013,2018,0
2018122307_3087,2018,0
2018122307_3170,2018,0
2018122307_3295,2018,0
2018122307_3464,2018,0
2018122307_3511,2018,0
2018122307_3536,2018,0
2018122307_371,2018,0
2018122307_3817,2018,0
2018122307_3842,2018,0
2018122307_3864,2018,0
2018122307_4043,2018,0
2018122307_4101,2018,0
2018122307_4334,2018,0
2018122307_4376,2018,0
2018122307_4459,2018,0
2018122307_4484,2018,0
2018122307_4506,2018,0
2018122307_4528,2018,0
2018122307_553,2018,0
2018122307_647,2018,0
2018122307_726,2018,0
2018122307_757,2018,0
2018122307_806,2018,0
2018122307_895,2018,0
2018122308_103,2018,0
2018122308_1253,2018,0
2018122308_1312,2018,0
2018122308_1448,2018,0
2018122308_1582,2018,0
2018122308_1630,2018,0
2018122308_171,2018,0
2018122308_1740,2018,0
2018122308_1900,2018,0
2018122308_2033,2018,0
2018122308_2060,2018,0
2018122308_2257,2018,0
2018122308_2344,2018,0
2018122308_238,2018,0
2018122308_2812,2018,0
2018122308_302,2018,0
2018122308_3061,2018,0
2018122308_3108,2018,0
2018122308_3177,2018,0
2018122308_3219,2018,0
2018122308_3502,2018,0
2018122308_3704,2018,0
2018122308_3729,2018,0
2018122308_3982,2018,0
2018122308_554,2018,0
2018122308_733,2018,0
2018122308_755,2018,0
2018122308_802,2018,0
2018122308_847,2018,0
2018122308_917,2018,0
2018122308_970,2018,0
2018122309_1056,2018,0
2018122309_1200,2018,0
2018122309_1324,2018,0
2018122309_1394,2018,0
2018122309_1551,2018,0
2018122309_1576,2018,0
2018122309_1722,2018,0
2018122309_175,2018,0
2018122309_1832,2018,0
2018122309_1854,2018,0
2018122309_1876,2018,0
2018122309_2044,2018,0
2018122309_2102,2018,0
2018122309_2133,2018,0
2018122309_2164,2018,0
2018122309_2235,2018,0
2018122309_230,2018,0
2018122309_2377,2018,0
2018122309_2447,2018,0
2018122309_2472,2018,0
2018122309_2503,2018,0
2018122309_2528,2018,0
2018122309_2662,2018,0
2018122309_2687,2018,0
2018122309_2714,2018,0
2018122309_2797,2018,1
2018122309_294,2018,0
2018122309_3031,2018,0
2018122309_3056,2018,0
2018122309_3115,2018,0
2018122309_3173,2018,0
2018122309_319,2018,0
2018122309_3214,2018,0
2018122309_3367,2018,0
2018122309_3392,2018,0
2018122309_3417,2018,0
2018122309_3461,2018,0
2018122309_3517,2018,0
2018122309_3593,2018,0
2018122309_3712,2018,0
2018122309_3774,2018,0
2018122309_3844,2018,0
2018122309_3869,2018,0
2018122309_3894,2018,0
2018122309_4067,2018,0
2018122309_4286,2018,0
2018122309_4359,2018,0
2018122309_4384,2018,0
2018122309_4406,2018,0
2018122309_4437,2018,0
2018122309_4479,2018,0
2018122309_4732,2018,0
2018122309_4764,2018,0
2018122309_4815,2018,0
2018122309_485,2018,0
2018122309_5027,2018,0
2018122309_510,2018,0
2018122309_5299,2018,0
2018122309_557,2018,0
2018122309_59,2018,0
2018122309_646,2018,0
2018122309_818,2018,0
2018122309_959,2018,0
2018122309_998,2018,0
2018122310_1037,2018,0
2018122310_1343,2018,0
2018122310_1603,2018,0
2018122310_1628,2018,0
2018122310_1650,2018,0
2018122310_1738,2018,0
2018122310_1785,2018,0
2018122310_1860,2018,0
2018122310_2049,2018,0
2018122310_2074,2018,0
2018122310_2182,2018,0
2018122310_2207,2018,0
2018122310_2419,2018,0
2018122310_2517,2018,0
2018122310_2544,2018,0
2018122310_2597,2018,0
2018122310_2642,2018,0
2018122310_2673,2018,0
2018122310_2698,2018,0
2018122310_2778,2018,0
2018122310_2916,2018,0
2018122310_292,2018,0
2018122310_3026,2018,0
2018122310_3113,2018,0
2018122310_3244,2018,0
2018122310_3269,2018,0
2018122310_3350,2018,0
2018122310_3425,2018,0
2018122310_3597,2018,0
2018122310_3622,2018,0
2018122310_3647,2018,0
2018122310_367,2018,0
2018122310_3702,2018,0
2018122310_3727,2018,0
2018122310_3769,2018,0
2018122310_3880,2018,0
2018122310_3902,2018,0
2018122310_3964,2018,0
2018122310_3989,2018,0
2018122310_4020,2018,0
2018122310_4167,2018,0
2018122310_4206,2018,0
2018122310_4290,2018,0
2018122310_4312,2018,0
2018122310_4337,2018,0
2018122310_4398,2018,0
2018122310_596,2018,0
2018122310_81,2018,0
2018122310_898,2018,0
2018122310_942,2018,0
2018122311_1218,2018,0
2018122311_126,2018,0
2018122311_1311,2018,0
2018122311_1372,2018,0
2018122311_1455,2018,0
2018122311_1480,2018,0
2018122311_1626,2018,0
2018122311_1673,2018,0
2018122311_1806,2018,0
2018122311_1887,2018,0
2018122311_1912,2018,0
2018122311_2018,2018,0
2018122311_2179,2018,0
2018122311_2290,2018,0
2018122311_2421,2018,0
2018122311_2511,2018,0
2018122311_2547,2018,0
2018122311_2572,2018,0
2018122311_2597,2018,0
2018122311_262,2018,0
2018122311_2715,2018,0
2018122311_287,2018,0
2018122311_2938,2018,0
2018122311_3098,2018,0
2018122311_3217,2018,0
2018122311_3264,2018,0
2018122311_3419,2018,0
2018122311_3594,2018,0
2018122311_3793,2018,0
2018122311_3818,2018,0
2018122311_3854,2018,0
2018122311_3882,2018,0
2018122311_389,2018,0
2018122311_3907,2018,0
2018122311_3929,2018,0
2018122311_3951,2018,0
2018122311_414,2018,0
2018122311_543,2018,0
2018122311_635,2018,0
2018122311_776,2018,0
2018122311_835,2018,0
2018122312_1070,2018,0
2018122312_1293,2018,0
2018122312_132,2018,0
2018122312_1454,2018,0
2018122312_1530,2018,0
2018122312_157,2018,0
2018122312_1592,2018,0
2018122312_1621,2018,0
2018122312_1723,2018,0
2018122312_1854,2018,0
2018122312_1879,2018,0
2018122312_1908,2018,0
2018122312_1958,2018,0
2018122312_1980,2018,0
2018122312_2083,2018,0
2018122312_2134,2018,0
2018122312_2159,2018,0
2018122312_2185,2018,0
2018122312_222,2018,0
2018122312_2259,2018,0
2018122312_2378,2018,0
2018122312_2403,2018,0
2018122312_2480,2018,0
2018122312_2526,2018,0
2018122312_2577,2018,0
2018122312_2606,2018,0
2018122312_2713,2018,0
2018122312_2820,2018,0
2018122312_2913,2018,0
2018122312_2991,2018,0
2018122312_3128,2018,0
2018122312_3214,2018,0
2018122312_3243,2018,0
2018122312_3317,2018,0
2018122312_3402,2018,0
2018122312_3427,2018,0
2018122312_363,2018,0
2018122312_3832,2018,0
2018122312_3854,2018,0
2018122312_3900,2018,0
2018122312_3929,2018,0
2018122312_3955,2018,0
2018122312_415,2018,0
2018122312_459,2018,0
2018122312_508,2018,0
2018122312_538,2018,0
2018122312_560,2018,0
2018122312_691,2018,0
2018122312_762,2018,0
2018122312_81,2018,0
2018122312_900,2018,0
2018122312_962,2018,0
2018122313_1190,2018,0
2018122313_1212,2018,0
2018122313_1330,2018,1
2018122313_137,2018,0
2018122313_1409,2018,0
2018122313_1451,2018,0
2018122313_1518,2018,0
2018122313_1576,2018,0
2018122313_1724,2018,0
2018122313_1750,2018,0
2018122313_1775,2018,0
2018122313_1909,2018,0
2018122313_1934,2018,0
2018122313_2165,2018,0
2018122313_2190,2018,0
2018122313_2215,2018,0
2018122313_2480,2018,0
2018122313_2763,2018,0
2018122313_2880,2018,0
2018122313_2905,2018,0
2018122313_3043,2018,0
2018122313_3100,2018,0
2018122313_3162,2018,0
2018122313_3502,2018,0
2018122313_3527,2018,0
2018122313_355,2018,0
2018122313_3688,2018,0
2018122313_3832,2018,0
2018122313_3902,2018,0
2018122313_3972,2018,0
2018122313_4027,2018,0
2018122313_4081,2018,0
2018122313_415,2018,0
2018122313_4285,2018,0
2018122313_444,2018,0
2018122313_4501,2018,0
2018122313_4523,2018,0
2018122313_4545,2018,0
2018122313_4567,2018,0
2018122313_4603,2018,0
2018122313_4691,2018,0
2018122313_499,2018,0
2018122313_51,2018,0
2018122313_615,2018,0
2018122313_672,2018,0
2018122313_76,2018,0
2018122313_924,2018,0
2018122313_946,2018,0
2018122314_1039,2018,0
2018122314_1231,2018,0
2018122314_1408,2018,0
2018122314_1921,2018,0
2018122314_2141,2018,0
2018122314_2163,2018,0
2018122314_2331,2018,0
2018122314_2452,2018,0
2018122314_2638,2018,0
2018122314_2663,2018,0
2018122314_2713,2018,0
2018122314_2994,2018,0
2018122314_3099,2018,0
2018122314_3121,2018,0
2018122314_3236,2018,0
2018122314_3316,2018,0
2018122314_3363,2018,0
2018122314_3394,2018,0
2018122314_3482,2018,0
2018122314_3536,2018,0
2018122314_3558,2018,0
2018122314_3858,2018,0
2018122314_3883,2018,0
2018122314_3908,2018,0
2018122314_3937,2018,0
2018122314_4016,2018,0
2018122314_4038,2018,0
2018122314_4063,2018,0
2018122314_4412,2018,0
2018122314_4498,2018,0
2018122314_549,2018,0
2018122314_624,2018,0
2018122314_646,2018,0
2018122314_775,2018,0
2018122314_95,2018,0
2018122400_105,2018,0
2018122400_1088,2018,0
2018122400_1303,2018,0
2018122400_1524,2018,0
2018122400_1558,2018,0
2018122400_1706,2018,0
2018122400_1731,2018,0
2018122400_1773,2018,0
2018122400_1820,2018,0
2018122400_1842,2018,0
2018122400_1867,2018,0
2018122400_191,2018,0
2018122400_1913,2018,0
2018122400_1972,2018,0
2018122400_2029,2018,0
2018122400_2051,2018,0
2018122400_2073,2018,0
2018122400_216,2018,0
2018122400_2244,2018,0
2018122400_2269,2018,0
2018122400_2333,2018,0
2018122400_2445,2018,0
2018122400_2493,2018,0
2018122400_2614,2018,0
2018122400_2702,2018,0
2018122400_2749,2018,0
2018122400_2970,2018,0
2018122400_3360,2018,0
2018122400_3455,2018,0
2018122400_3480,2018,0
2018122400_3537,2018,0
2018122400_3559,2018,0
2018122400_3773,2018,0
2018122400_3795,2018,0
2018122400_390,2018,0
2018122400_3978,2018,0
2018122400_4003,2018,0
2018122400_4073,2018,0
2018122400_4129,2018,0
2018122400_466,2018,0
2018122400_562,2018,0
2018122400_642,2018,0
2018122400_761,2018,0
2018122400_794,2018,0
2018122400_865,2018,0
2018122400_887,2018,0
2018123000_1223,2018,0
2018123000_1245,2018,0
2018123000_1383,2018,0
2018123000_1491,2018,0
2018123000_1598,2018,0
2018123000_1676,2018,0
2018123000_1714,2018,0
2018123000_1739,2018,0
2018123000_181,2018,0
2018123000_1906,2018,0
2018123000_2016,2018,0
2018123000_2239,2018,0
2018123000_225,2018,0
2018123000_2458,2018,0
2018123000_2480,2018,0
2018123000_2528,2018,0
2018123000_2585,2018,0
2018123000_272,2018,0
2018123000_2953,2018,0
2018123000_3139,2018,0
2018123000_3236,2018,0
2018123000_3309,2018,0
2018123000_3427,2018,0
2018123000_3474,2018,0
2018123000_3766,2018,0
2018123000_3813,2018,0
2018123000_3838,2018,0
2018123000_4174,2018,0
2018123000_4196,2018,0
2018123000_436,2018,0
2018123000_522,2018,0
2018123000_587,2018,0
2018123000_662,2018,0
2018123000_739,2018,0
2018123000_912,2018,0
2018123001_1058,2018,0
2018123001_1126,2018,0
2018123001_1293,2018,0
2018123001_131,2018,0
2018123001_1352,2018,0
2018123001_1509,2018,0
2018123001_1603,2018,0
2018123001_165,2018,0
2018123001_1699,2018,0
2018123001_1742,2018,0
2018123001_1801,2018,0
2018123001_1902,2018,0
2018123001_2070,2018,0
2018123001_2343,2018,0
2018123001_2426,2018,0
2018123001_2448,2018,0
2018123001_2620,2018,0
2018123001_2704,2018,0
2018123001_2877,2018,0
2018123001_2950,2018,0
2018123001_3013,2018,0
2018123001_3064,2018,0
2018123001_3089,2018,0
2018123001_3115,2018,0
2018123001_3216,2018,0
2018123001_3393,2018,0
2018123001_3440,2018,0
2018123001_3620,2018,0
2018123001_3671,2018,0
2018123001_3704,2018,0
2018123001_3755,2018,0
2018123001_3819,2018,0
2018123001_3865,2018,0
2018123001_3931,2018,0
2018123001_472,2018,0
2018123001_592,2018,0
2018123001_684,2018,0
2018123001_732,2018,0
2018123001_769,2018,0
2018123001_820,2018,0
2018123001_871,2018,0
2018123002_1069,2018,0
2018123002_1358,2018,0
2018123002_1452,2018,0
2018123002_1635,2018,0
2018123002_189,2018,0
2018123002_1959,2018,0
2018123002_1981,2018,0
2018123002_2067,2018,0
2018123002_2092,2018,0
2018123002_2236,2018,0
2018123002_2523,2018,0
2018123002_2637,2018,0
2018123002_2758,2018,0
2018123002_2780,2018,0
2018123002_2866,2018,0
2018123002_2916,2018,0
2018123002_2994,2018,0
2018123002_3124,2018,0
2018123002_3222,2018,0
2018123002_3266,2018,0
2018123002_3507,2018,0
2018123002_3560,2018,0
2018123002_3625,2018,0
2018123002_420,2018,0
2018123002_445,2018,0
2018123002_615,2018,0
2018123002_646,2018,0
2018123002_668,2018,0
2018123002_690,2018,0
2018123002_811,2018,0
2018123002_924,2018,0
2018123002_969,2018,0
2018123003_1047,2018,0
2018123003_1315,2018,0
2018123003_1356,2018,0
2018123003_1381,2018,0
2018123003_1468,2018,0
2018123003_1538,2018,0
2018123003_159,2018,0
2018123003_1737,2018,0
2018123003_1762,2018,0
2018123003_1863,2018,0
2018123003_2230,2018,0
2018123003_2272,2018,0
2018123003_2319,2018,0
2018123003_2493,2018,0
2018123003_2505,2018,0
2018123003_2597,2018,0
2018123003_2934,2018,0
2018123003_3062,2018,0
2018123003_3141,2018,0
2018123003_3203,2018,0
2018123003_3335,2018,0
2018123003_345,2018,0
2018123003_3532,2018,0
2018123003_3569,2018,0
2018123003_3591,2018,0
2018123003_3638,2018,0
2018123003_3685,2018,0
2018123003_3804,2018,0
2018123003_3875,2018,0
2018123003_3906,2018,0
2018123003_522,2018,0
2018123003_73,2018,0
2018123003_750,2018,0
2018123003_871,2018,0
2018123003_896,2018,0
2018123004_1042,2018,0
2018123004_110,2018,0
2018123004_1126,2018,0
2018123004_1198,2018,0
2018123004_1229,2018,0
2018123004_1254,2018,0
2018123004_132,2018,0
2018123004_1474,2018,0
2018123004_1912,2018,0
2018123004_1968,2018,0
2018123004_1999,2018,0
2018123004_2030,2018,0
2018123004_2455,2018,0
2018123004_2544,2018,0
2018123004_2575,2018,0
2018123004_2597,2018,0
2018123004_2723,2018,0
2018123004_2815,2018,0
2018123004_2837,2018,0
2018123004_290,2018,0
2018123004_2914,2018,0
2018123004_3205,2018,0
2018123004_3283,2018,0
2018123004_385,2018,0
2018123004_413,2018,0
2018123004_442,2018,0
2018123004_810,2018,0
2018123004_866,2018,0
2018123005_1472,2018,0
2018123005_1541,2018,0
2018123005_1624,2018,0
2018123005_1774,2018,0
2018123005_1799,2018,0
2018123005_1870,2018,0
2018123005_1977,2018,0
2018123005_2495,2018,0
2018123005_2597,2018,0
2018123005_2666,2018,0
2018123005_2691,2018,0
2018123005_3384,2018,0
2018123005_3456,2018,0
2018123005_3578,2018,0
2018123005_3603,2018,0
2018123005_3647,2018,0
2018123005_3669,2018,0
2018123005_3830,2018,0
2018123005_3918,2018,0
2018123005_3986,2018,0
2018123005_4011,2018,0
2018123005_4036,2018,0
2018123005_51,2018,0
2018123005_589,2018,0
2018123005_614,2018,0
2018123005_76,2018,0
2018123005_826,2018,0
2018123005_937,2018,0
2018123006_117,2018,0
2018123006_1204,2018,0
2018123006_1370,2018,0
2018123006_1395,2018,0
2018123006_1422,2018,0
2018123006_1494,2018,0
2018123006_170,2018,0
2018123006_1805,2018,0
2018123006_2091,2018,0
2018123006_2113,2018,0
2018123006_2135,2018,0
2018123006_2494,2018,0
2018123006_3012,2018,0
2018123006_3068,2018,0
2018123006_3113,2018,0
2018123006_3463,2018,0
2018123006_3647,2018,0
2018123006_3672,2018,0
2018123006_407,2018,0
2018123006_845,2018,0
2018123006_867,2018,0
2018123006_892,2018,0
2018123006_986,2018,0
2018123007_1028,2018,0
2018123007_1140,2018,0
2018123007_1479,2018,0
2018123007_150,2018,0
2018123007_1792,2018,0
2018123007_1921,2018,0
2018123007_2195,2018,0
2018123007_2220,2018,0
2018123007_2332,2018,0
2018123007_2361,2018,0
2018123007_2446,2018,0
2018123007_245,2018,0
2018123007_2580,2018,0
2018123007_2624,2018,0
2018123007_2665,2018,0
2018123007_2823,2018,0
2018123007_2925,2018,0
2018123007_300,2018,0
2018123007_3089,2018,0
2018123007_3183,2018,0
2018123007_3493,2018,0
2018123007_3518,2018,0
2018123007_3571,2018,0
2018123007_458,2018,0
2018123007_487,2018,0
2018123007_531,2018,0
2018123007_837,2018,0
2018123007_942,2018,0
2018123007_967,2018,0
2018123007_99,2018,0
2018123008_1131,2018,0
2018123008_1206,2018,0
2018123008_1253,2018,0
2018123008_1369,2018,0
2018123008_1391,2018,0
2018123008_146,2018,0
2018123008_1474,2018,0
2018123008_1595,2018,0
2018123008_1687,2018,0
2018123008_171,2018,0
2018123008_1806,2018,0
2018123008_1902,2018,0
2018123008_1946,2018,0
2018123008_1988,2018,0
2018123008_199,2018,0
2018123008_2030,2018,0
2018123008_2094,2018,0
2018123008_2116,2018,0
2018123008_2294,2018,0
2018123008_2402,2018,0
2018123008_2474,2018,0
2018123008_2522,2018,0
2018123008_2589,2018,0
2018123008_2708,2018,0
2018123008_2755,2018,0
2018123008_2943,2018,0
2018123008_3045,2018,0
2018123008_3090,2018,0
2018123008_3112,2018,0
2018123008_3174,2018,0
2018123008_3227,2018,0
2018123008_3258,2018,0
2018123008_3280,2018,0
2018123008_3415,2018,0
2018123008_3462,2018,0
2018123008_3484,2018,1
2018123008_3673,2018,0
2018123008_372,2018,0
2018123008_3742,2018,0
2018123008_3767,2018,0
2018123008_3789,2018,0
2018123008_4023,2018,0
2018123008_414,2018,0
2018123008_4224,2018,0
2018123008_4246,2018,0
2018123008_4271,2018,0
2018123008_4368,2018,0
2018123008_4457,2018,0
2018123008_469,2018,0
2018123008_600,2018,0
2018123008_65,2018,0
2018123008_735,2018,0
2018123008_777,2018,1
2018123008_819,2018,0
2018123008_929,2018,0
2018123008_971,2018,0
2018123008_993,2018,0
2018123009_1016,2018,0
2018123009_1105,2018,0
2018123009_1131,2018,0
2018123009_1224,2018,0
2018123009_1271,2018,0
2018123009_1318,2018,0
2018123009_1476,2018,0
2018123009_1560,2018,0
2018123009_1586,2018,0
2018123009_1667,2018,0
2018123009_1692,2018,0
2018123009_1717,2018,0
2018123009_1739,2018,0
2018123009_1772,2018,0
2018123009_1887,2018,0
2018123009_2010,2018,0
2018123009_2227,2018,0
2018123009_2278,2018,0
2018123009_2385,2018,0
2018123009_2452,2018,0
2018123009_2503,2018,0
2018123009_2676,2018,0
2018123009_2727,2018,0
2018123009_2903,2018,0
2018123009_2928,2018,0
2018123009_2986,2018,0
2018123009_3108,2018,0
2018123009_3200,2018,0
2018123009_3308,2018,0
2018123009_3417,2018,0
2018123009_343,2018,0
2018123009_3855,2018,0
2018123009_432,2018,0
2018123009_536,2018,0
2018123009_699,2018,0
2018123009_782,2018,0
2018123009_807,2018,0
2018123009_81,2018,0
2018123009_849,2018,0
2018123009_880,2018,0
2018123010_1149,2018,0
2018123010_1240,2018,0
2018123010_1346,2018,0
2018123010_1371,2018,0
2018123010_1439,2018,0
2018123010_1475,2018,0
2018123010_1669,2018,0
2018123010_1739,2018,0
2018123010_1789,2018,0
2018123010_1814,2018,0
2018123010_1836,2018,0
2018123010_1861,2018,0
2018123010_1918,2018,0
2018123010_1949,2018,0
2018123010_1991,2018,0
2018123010_2022,2018,0
2018123010_2064,2018,0
2018123010_2231,2018,0
2018123010_226,2018,0
2018123010_2284,2018,0
2018123010_2306,2018,0
2018123010_2414,2018,0
2018123010_2489,2018,0
2018123010_2643,2018,0
2018123010_2782,2018,0
2018123010_2846,2018,0
2018123010_2871,2018,0
2018123010_2935,2018,0
2018123010_3004,2018,0
2018123010_312,2018,0
2018123010_3132,2018,0
2018123010_3163,2018,0
2018123010_3434,2018,0
2018123010_3481,2018,0
2018123010_3585,2018,0
2018123010_3638,2018,0
2018123010_3669,2018,0
2018123010_3719,2018,0
2018123010_3782,2018,0
2018123010_3851,2018,1
2018123010_3958,2018,0
2018123010_4124,2018,0
2018123010_4205,2018,0
2018123010_447,2018,0
2018123010_491,2018,0
2018123010_516,2018,0
2018123010_574,2018,0
2018123010_59,2018,0
2018123010_599,2018,0
2018123010_652,2018,0
2018123010_748,2018,0
2018123010_798,2018,0
2018123010_909,2018,0
2018123010_951,2018,0
2018123010_980,2018,0
2018123011_1005,2018,0
2018123011_110,2018,0
2018123011_1148,2018,0
2018123011_1230,2018,0
2018123011_1307,2018,0
2018123011_1388,2018,0
2018123011_1413,2018,0
2018123011_1509,2018,0
2018123011_1531,2018,0
2018123011_1573,2018,0
2018123011_1642,2018,0
2018123011_1734,2018,0
2018123011_1828,2018,0
2018123011_1926,2018,0
2018123011_1974,2018,0
2018123011_2016,2018,0
2018123011_2058,2018,0
2018123011_2109,2018,0
2018123011_2227,2018,0
2018123011_227,2018,0
2018123011_2416,2018,0
2018123011_2577,2018,0
2018123011_2727,2018,0
2018123011_2812,2018,0
2018123011_2959,2018,0
2018123011_3009,2018,0
2018123011_3196,2018,0
2018123011_3323,2018,0
2018123011_3387,2018,0
2018123011_3459,2018,0
2018123011_3490,2018,0
2018123011_3561,2018,0
2018123011_3588,2018,0
2018123011_3613,2018,0
2018123011_3883,2018,0
2018123011_3947,2018,0
2018123011_4044,2018,0
2018123011_4089,2018,0
2018123011_4219,2018,0
2018123011_4261,2018,0
2018123011_456,2018,0
2018123011_523,2018,0
2018123011_570,2018,0
2018123011_621,2018,0
2018123011_745,2018,0
2018123011_767,2018,0
2018123011_88,2018,0
2018123011_944,2018,0
2018123012_1233,2018,0
2018123012_1258,2018,0
2018123012_1283,2018,0
2018123012_1314,2018,0
2018123012_1359,2018,0
2018123012_1384,2018,0
2018123012_1453,2018,0
2018123012_1690,2018,0
2018123012_1811,2018,0
2018123012_182,2018,0
2018123012_1833,2018,0
2018123012_1987,2018,0
2018123012_2178,2018,0
2018123012_2241,2018,0
2018123012_2288,2018,0
2018123012_2319,2018,0
2018123012_2350,2018,0
2018123012_2403,2018,0
2018123012_2428,2018,0
2018123012_2522,2018,0
2018123012_258,2018,0
2018123012_2666,2018,0
2018123012_2713,2018,0
2018123012_2789,2018,0
2018123012_2811,2018,0
2018123012_283,2018,0
2018123012_2917,2018,0
2018123012_2965,2018,0
2018123012_3026,2018,0
2018123012_3048,2018,0
2018123012_3320,2018,0
2018123012_3387,2018,0
2018123012_3412,2018,0
2018123012_3443,2018,0
2018123012_3474,2018,0
2018123012_3505,2018,0
2018123012_352,2018,0
2018123012_378,2018,0
2018123012_400,2018,0
2018123012_586,2018,0
2018123012_709,2018,0
2018123012_738,2018,0
2018123012_769,2018,0
2018123012_847,2018,0
2018123012_878,2018,0
2018123012_993,2018,0
2018123013_1079,2018,0
2018123013_117,2018,0
2018123013_1199,2018,0
2018123013_1241,2018,0
2018123013_1266,2018,0
2018123013_1335,2018,0
2018123013_1399,2018,0
2018123013_1465,2018,0
2018123013_1490,2018,0
2018123013_1723,2018,0
2018123013_1795,2018,0
2018123013_1861,2018,0
2018123013_1886,2018,0
2018123013_1908,2018,0
2018123013_194,2018,0
2018123013_1978,2018,0
2018123013_2000,2018,0
2018123013_2064,2018,0
2018123013_2106,2018,0
2018123013_219,2018,0
2018123013_2304,2018,0
2018123013_2329,2018,0
2018123013_2411,2018,0
2018123013_2436,2018,0
2018123013_2586,2018,0
2018123013_2611,2018,0
2018123013_2655,2018,0
2018123013_273,2018,0
2018123013_295,2018,0
2018123013_3000,2018,0
2018123013_3049,2018,0
2018123013_3098,2018,0
2018123013_3286,2018,0
2018123013_3345,2018,0
2018123013_3392,2018,0
2018123013_3827,2018,0
2018123013_3852,2018,0
2018123013_3899,2018,0
2018123013_3958,2018,0
2018123013_4019,2018,0
2018123013_4052,2018,0
2018123013_4074,2018,0
2018123013_4102,2018,0
2018123013_458,2018,0
2018123013_563,2018,0
2018123013_653,2018,0
2018123013_700,2018,0
2018123013_725,2018,0
2018123013_752,2018,0
2018123013_818,2018,0
2018123013_876,2018,0
2018123014_1111,2018,0
2018123014_1133,2018,0
2018123014_1248,2018,0
2018123014_1273,2018,0
2018123014_1499,2018,0
2018123014_1577,2018,0
2018123014_1737,2018,0
2018123014_1759,2018,0
2018123014_1795,2018,0
2018123014_1889,2018,0
2018123014_1946,2018,0
2018123014_1975,2018,0
2018123014_2080,2018,0
2018123014_2148,2018,0
2018123014_2203,2018,0
2018123014_2264,2018,0
2018123014_2286,2018,0
2018123014_2350,2018,0
2018123014_2375,2018,0
2018123014_2400,2018,0
2018123014_2542,2018,0
2018123014_2564,2018,0
2018123014_2751,2018,0
2018123014_2776,2018,0
2018123014_2855,2018,0
2018123014_2935,2018,0
2018123014_307,2018,0
2018123014_329,2018,0
2018123014_3359,2018,0
2018123014_3396,2018,0
2018123014_3534,2018,0
2018123014_3687,2018,0
2018123014_3712,2018,0
2018123014_3737,2018,0
2018123014_3798,2018,0
2018123014_4181,2018,0
2018123014_4206,2018,0
2018123014_555,2018,0
2018123014_580,2018,0
2018123014_59,2018,0
2018123014_627,2018,0
2018123014_649,2018,0
2018123014_721,2018,0
2018123014_839,2018,0
2018123015_1135,2018,0
2018123015_1160,2018,0
2018123015_1275,2018,0
2018123015_1300,2018,0
2018123015_1322,2018,0
2018123015_1375,2018,0
2018123015_1585,2018,0
2018123015_1874,2018,0
2018123015_1896,2018,0
2018123015_1984,2018,0
2018123015_2009,2018,0
2018123015_2031,2018,0
2018123015_2073,2018,0
2018123015_2104,2018,0
2018123015_2223,2018,0
2018123015_2252,2018,0
2018123015_2348,2018,0
2018123015_2373,2018,0
2018123015_2425,2018,0
2018123015_2447,2018,0
2018123015_2557,2018,0
2018123015_2604,2018,0
2018123015_269,2018,0
2018123015_2976,2018,0
2018123015_3045,2018,0
2018123015_3180,2018,0
2018123015_3351,2018,0
2018123015_3576,2018,0
2018123015_3653,2018,0
2018123015_3819,2018,0
2018123015_4057,2018,0
2018123015_4104,2018,0
2018123015_61,2018,0
2018123015_662,2018,0
2018123015_709,2018,0
2018123015_804,2018,0
2018123015_848,2018,0
2021090900_1078,2021,0
2021090900_1203,2021,0
2021090900_1267,2021,0
2021090900_1368,2021,0
2021090900_137,2021,0
2021090900_1425,2021,0
2021090900_1506,2021,0
2021090900_1563,2021,0
2021090900_1687,2021,0
2021090900_187,2021,0
2021090900_1918,2021,0
2021090900_1940,2021,0
2021090900_2008,2021,0
2021090900_2088,2021,0
2021090900_2129,2021,0
2021090900_2169,2021,0
2021090900_2211,2021,0
2021090900_2233,2021,0
2021090900_2257,2021,0
2021090900_2530,2021,0
2021090900_2554,2021,0
2021090900_2656,2021,0
2021090900_2678,2021,0
2021090900_2735,2021,0
2021090900_282,2021,0
2021090900_2893,2021,0
2021090900_2915,2021,0
2021090900_3014,2021,0
2021090900_3110,2021,0
2021090900_3216,2021,0
2021090900_3261,2021,0
2021090900_3306,2021,0
2021090900_3364,2021,0
2021090900_3462,2021,0
2021090900_349,2021,0
2021090900_3588,2021,0
2021090900_3633,2021,0
2021090900_3655,2021,0
2021090900_3746,2021,0
2021090900_3793,2021,0
2021090900_3909,2021,0
2021090900_3933,2021,0
2021090900_4094,2021,0
2021090900_4141,2021,0
2021090900_4189,2021,0
2021090900_4211,2021,0
2021090900_4246,2021,0
2021090900_434,2021,0
2021090900_4393,2021,0
2021090900_4428,2021,0
2021090900_456,2021,0
2021090900_4560,2021,0
2021090900_4624,2021,0
2021090900_4653,2021,0
2021090900_480,2021,0
2021090900_509,2021,0
2021090900_559,2021,0
2021090900_735,2021,0
2021090900_764,2021,0
2021090900_869,2021,0
2021090900_947,2021,0
2021091200_1023,2021,0
2021091200_1153,2021,0
2021091200_1182,2021,0
2021091200_1206,2021,0
2021091200_122,2021,0
2021091200_1271,2021,0
2021091200_1326,2021,0
2021091200_1459,2021,0
2021091200_146,2021,0
2021091200_1494,2021,0
2021091200_1558,2021,0
2021091200_1582,2021,0
2021091200_1606,2021,0
2021091200_1630,2021,0
2021091200_1732,2021,0
2021091200_176,2021,0
2021091200_1792,2021,0
2021091200_1991,2021,0
2021091200_2020,2021,0
2021091200_2121,2021,0
2021091200_2275,2021,0
2021091200_231,2021,0
2021091200_2675,2021,0
2021091200_2720,2021,0
2021091200_2767,2021,0
2021091200_2906,2021,0
2021091200_2978,2021,0
2021091200_303,2021,0
2021091200_3045,2021,0
2021091200_3110,2021,0
2021091200_3145,2021,0
2021091200_3383,2021,0
2021091200_3416,2021,0
2021091200_3480,2021,0
2021091200_3502,2021,0
2021091200_3599,2021,0
2021091200_3659,2021,0
2021091200_3728,2021,0
2021091200_3752,2021,0
2021091200_3776,2021,0
2021091200_3798,2021,0
2021091200_3820,2021,0
2021091200_3928,2021,0
2021091200_3988,2021,0
2021091200_4017,2021,0
2021091200_4041,2021,0
2021091200_4240,2021,0
2021091200_4274,2021,0
2021091200_4317,2021,0
2021091200_56,2021,0
2021091200_705,2021,0
2021091200_750,2021,0
2021091200_821,2021,0
2021091200_864,2021,0
2021091201_1058,2021,0
2021091201_1087,2021,0
2021091201_1172,2021,0
2021091201_1234,2021,0
2021091201_1300,2021,0
2021091201_1367,2021,0
2021091201_1422,2021,0
2021091201_1486,2021,0
2021091201_1548,2021,0
2021091201_1605,2021,0
2021091201_1629,2021,0
2021091201_1746,2021,0
2021091201_1808,2021,0
2021091201_2126,2021,0
2021091201_2209,2021,0
2021091201_2392,2021,0
2021091201_2438,2021,0
2021091201_2483,2021,0
2021091201_2547,2021,0
2021091201_2590,2021,0
2021091201_2612,2021,0
2021091201_2731,2021,0
2021091201_2912,2021,0
2021091201_2936,2021,0
2021091201_3004,2021,0
2021091201_3049,2021,0
2021091201_3312,2021,0
2021091201_3431,2021,0
2021091201_3655,2021,0
2021091201_3967,2021,0
2021091201_3989,2021,0
2021091201_4011,2021,0
2021091201_4033,2021,0
2021091201_406,2021,0
2021091201_4074,2021,0
2021091201_4156,2021,0
2021091201_4180,2021,0
2021091201_4209,2021,0
2021091201_4233,2021,0
2021091201_4266,2021,0
2021091201_430,2021,0
2021091201_454,2021,0
2021091201_500,2021,0
2021091201_561,2021,0
2021091201_589,2021,0
2021091201_63,2021,0
2021091201_639,2021,0
2021091201_762,2021,0
2021091201_856,2021,0
2021091201_901,2021,0
2021091202_1021,2021,0
2021091202_1074,2021,0
2021091202_1113,2021,0
2021091202_1241,2021,0
2021091202_1297,2021,0
2021091202_1319,2021,0
2021091202_1350,2021,0
2021091202_1497,2021,0
2021091202_1519,2021,0
2021091202_1543,2021,0
2021091202_1596,2021,0
2021091202_1696,2021,0
2021091202_1752,2021,0
2021091202_1774,2021,0
2021091202_1909,2021,0
2021091202_1943,2021,0
2021091202_1967,2021,0
2021091202_1991,2021,0
2021091202_2261,2021,0
2021091202_2345,2021,0
2021091202_2367,2021,0
2021091202_2457,2021,0
2021091202_2586,2021,0
2021091202_2662,2021,0
2021091202_2797,2021,0
2021091202_2821,2021,0
2021091202_2949,2021,0
2021091202_3075,2021,0
2021091202_3376,2021,0
2021091202_3398,2021,0
2021091202_3512,2021,0
2021091202_3635,2021,0
2021091202_3675,2021,0
2021091202_3699,2021,0
2021091202_3723,2021,0
2021091202_3745,2021,0
2021091202_3767,2021,0
2021091202_3791,2021,0
2021091202_3843,2021,0
2021091202_467,2021,0
2021091202_664,2021,0
2021091202_815,2021,0
2021091202_837,2021,0
2021091202_88,2021,0
2021091202_935,2021,0
2021091203_1041,2021,0
2021091203_125,2021,0
2021091203_1485,2021,0
2021091203_1591,2021,0
2021091203_1723,2021,0
2021091203_1745,2021,0
2021091203_1780,2021,0
2021091203_1885,2021,0
2021091203_1909,2021,0
2021091203_1938,2021,0
2021091203_1967,2021,0
2021091203_2063,2021,0
2021091203_2104,2021,0
2021091203_2219,2021,0
2021091203_223,2021,0
2021091203_2376,2021,0
2021091203_2450,2021,0
2021091203_2472,2021,0
2021091203_258,2021,0
2021091203_2751,2021,0
2021091203_2773,2021,0
2021091203_280,2021,0
2021091203_2862,2021,0
2021091203_2909,2021,0
2021091203_3239,2021,0
2021091203_3320,2021,0
2021091203_3366,2021,0
2021091203_3405,2021,0
2021091203_3429,2021,0
2021091203_3453,2021,0
2021091203_3623,2021,0
2021091203_3682,2021,0
2021091203_3740,2021,0
2021091203_3977,2021,0
2021091203_4001,2021,0
2021091203_4284,2021,0
2021091203_4528,2021,0
2021091203_4629,2021,0
2021091203_620,2021,0
2021091203_672,2021,0
2021091203_845,2021,0
2021091203_924,2021,0
2021091204_1026,2021,0
2021091204_1054,2021,0
2021091204_1163,2021,0
2021091204_1187,2021,0
2021091204_1300,2021,0
2021091204_135,2021,0
2021091204_1365,2021,0
2021091204_1443,2021,0
2021091204_1488,2021,0
2021091204_157,2021,0
2021091204_1579,2021,0
2021091204_1670,2021,0
2021091204_1811,2021,0
2021091204_1916,2021,0
2021091204_1938,2021,0
2021091204_2196,2021,0
2021091204_2263,2021,0
2021091204_2345,2021,0
2021091204_2367,2021,0
2021091204_2421,2021,0
2021091204_2447,2021,0
2021091204_2742,2021,0
2021091204_2766,2021,0
2021091204_282,2021,0
2021091204_2876,2021,0
2021091204_3017,2021,0
2021091204_3060,2021,0
2021091204_3171,2021,0
2021091204_3195,2021,0
2021091204_328,2021,0
2021091204_3351,2021,0
2021091204_3375,2021,0
2021091204_3404,2021,0
2021091204_3444,2021,0
2021091204_3479,2021,0
2021091204_3504,2021,0
2021091204_3533,2021,0
2021091204_3597,2021,0
2021091204_3638,2021,0
2021091204_3662,2021,0
2021091204_3691,2021,0
2021091204_3719,2021,0
2021091204_3741,2021,0
2021091204_3774,2021,0
2021091204_3808,2021,0
2021091204_3832,2021,0
2021091204_3856,2021,0
2021091204_3880,2021,0
2021091204_3908,2021,0
2021091204_3973,2021,0
2021091204_4082,2021,0
2021091204_4106,2021,0
2021091204_4164,2021,0
2021091204_417,2021,0
2021091204_4401,2021,0
2021091204_4441,2021,0
2021091204_4463,2021,0
2021091204_4514,2021,0
2021091204_596,2021,0
2021091204_660,2021,0
2021091204_712,2021,0
2021091205_100,2021,0
2021091205_1050,2021,0
2021091205_1091,2021,0
2021091205_1157,2021,0
2021091205_1179,2021,0
2021091205_1212,2021,0
2021091205_1278,2021,0
2021091205_1494,2021,0
2021091205_151,2021,0
2021091205_1667,2021,0
2021091205_1711,2021,0
2021091205_1739,2021,0
2021091205_1808,2021,0
2021091205_1924,2021,0
2021091205_2183,2021,0
2021091205_2223,2021,0
2021091205_2245,2021,0
2021091205_2297,2021,0
2021091205_2325,2021,0
2021091205_2388,2021,0
2021091205_249,2021,0
2021091205_2581,2021,0
2021091205_2795,2021,0
2021091205_2838,2021,0
2021091205_2966,2021,0
2021091205_3127,2021,0
2021091205_3151,2021,0
2021091205_3175,2021,0
2021091205_3210,2021,0
2021091205_3310,2021,0
2021091205_3361,2021,0
2021091205_3383,2021,0
2021091205_3426,2021,0
2021091205_3687,2021,0
2021091205_3711,2021,0
2021091205_3735,2021,0
2021091205_3761,2021,0
2021091205_3783,2021,0
2021091205_3805,2021,0
2021091205_3886,2021,0
2021091205_4100,2021,0
2021091205_4141,2021,0
2021091205_423,2021,0
2021091205_4420,2021,0
2021091205_4489,2021,0
2021091205_4513,2021,0
2021091205_4535,2021,0
2021091205_4580,2021,0
2021091205_643,2021,0
2021091205_699,2021,0
2021091205_745,2021,0
2021091205_78,2021,0
2021091205_787,2021,0
2021091205_811,2021,0
2021091206_1040,2021,0
2021091206_1064,2021,0
2021091206_1130,2021,0
2021091206_1171,2021,0
2021091206_1246,2021,0
2021091206_128,2021,0
2021091206_1371,2021,0
2021091206_152,2021,0
2021091206_1583,2021,0
2021091206_1687,2021,0
2021091206_1745,2021,0
2021091206_1824,2021,0
2021091206_1921,2021,0
2021091206_1945,2021,0
2021091206_2058,2021,0
2021091206_2111,2021,0
2021091206_2229,2021,0
2021091206_2301,2021,0
2021091206_2419,2021,0
2021091206_245,2021,0
2021091206_2609,2021,0
2021091206_2676,2021,0
2021091206_2760,2021,0
2021091206_2868,2021,0
2021091206_2964,2021,0
2021091206_2988,2021,0
2021091206_3032,2021,0
2021091206_3060,2021,0
2021091206_3079,2021,0
2021091206_3132,2021,0
2021091206_3236,2021,0
2021091206_3287,2021,0
2021091206_3353,2021,0
2021091206_3382,2021,0
2021091206_3406,2021,0
2021091206_3439,2021,0
2021091206_3463,2021,0
2021091206_3803,2021,0
2021091206_3833,2021,0
2021091206_76,2021,0
2021091206_855,2021,0
2021091206_903,2021,0
2021091207_100,2021,0
2021091207_1344,2021,0
2021091207_1431,2021,0
2021091207_1476,2021,0
2021091207_152,2021,0
2021091207_1703,2021,0
2021091207_1725,2021,0
2021091207_1747,2021,0
2021091207_2095,2021,0
2021091207_218,2021,0
2021091207_2189,2021,0
2021091207_2244,2021,0
2021091207_2529,2021,0
2021091207_253,2021,0
2021091207_2654,2021,0
2021091207_2856,2021,0
2021091207_2927,2021,0
2021091207_3353,2021,0
2021091207_3398,2021,0
2021091207_3466,2021,0
2021091207_3488,2021,0
2021091207_3728,2021,0
2021091207_3804,2021,0
2021091207_3847,2021,0
2021091207_386,2021,0
2021091207_410,2021,0
2021091207_494,2021,0
2021091207_76,2021,0
2021091207_930,2021,0
2021091207_954,2021,0
2021091208_1095,2021,0
2021091208_1145,2021,0
2021091208_1190,2021,0
2021091208_1238,2021,0
2021091208_1304,2021,0
2021091208_1367,2021,0
2021091208_1453,2021,0
2021091208_1521,2021,0
2021091208_1710,2021,0
2021091208_1739,2021,0
2021091208_175,2021,0
2021091208_1784,2021,0
2021091208_2123,2021,0
2021091208_2156,2021,0
2021091208_2185,2021,0
2021091208_2348,2021,0
2021091208_2428,2021,0
2021091208_2482,2021,0
2021091208_2617,2021,0
2021091208_2670,2021,0
2021091208_2714,2021,0
2021091208_2761,2021,0
2021091208_3042,2021,0
2021091208_3166,2021,0
2021091208_3484,2021,0
2021091208_377,2021,0
2021091208_3850,2021,0
2021091208_3992,2021,0
2021091208_4055,2021,0
2021091208_4101,2021,0
2021091208_4125,2021,0
2021091208_56,2021,0
2021091208_620,2021,0
2021091208_764,2021,0
2021091208_85,2021,0
2021091208_974,2021,0
2021091208_996,2021,0
2021091209_1085,2021,0
2021091209_1166,2021,0
2021091209_1188,2021,0
2021091209_1212,2021,0
2021091209_1247,2021,0
2021091209_126,2021,0
2021091209_1387,2021,0
2021091209_1508,2021,0
2021091209_155,2021,0
2021091209_1601,2021,0
2021091209_1631,2021,0
2021091209_1672,2021,0
2021091209_1694,2021,0
2021091209_177,2021,0
2021091209_1853,2021,0
2021091209_2226,2021,0
2021091209_2250,2021,0
2021091209_2340,2021,0
2021091209_243,2021,0
2021091209_2587,2021,0
2021091209_265,2021,0
2021091209_2833,2021,0
2021091209_289,2021,0
2021091209_3093,2021,0
2021091209_3168,2021,0
2021091209_3390,2021,0
2021091209_3510,2021,0
2021091209_3534,2021,0
2021091209_3617,2021,0
2021091209_3704,2021,0
2021091209_3793,2021,0
2021091209_490,2021,0
2021091209_514,2021,0
2021091209_559,2021,0
2021091209_620,2021,0
2021091209_642,2021,0
2021091209_677,2021,0
2021091209_710,2021,0
2021091209_76,2021,0
2021091209_768,2021,0
2021091209_797,2021,0
2021091209_995,2021,0
2021091210_1081,2021,0
2021091210_1201,2021,0
2021091210_1225,2021,0
2021091210_1284,2021,0
2021091210_1323,2021,0
2021091210_1390,2021,0
2021091210_1442,2021,0
2021091210_146,2021,0
2021091210_1584,2021,0
2021091210_1630,2021,0
2021091210_2426,2021,0
2021091210_2483,2021,0
2021091210_2550,2021,0
2021091210_2662,2021,0
2021091210_2912,2021,0
2021091210_3016,2021,0
2021091210_3045,2021,0
2021091210_3093,2021,0
2021091210_3173,2021,0
2021091210_3345,2021,0
2021091210_352,2021,0
2021091210_3610,2021,0
2021091210_525,2021,0
2021091210_603,2021,0
2021091210_865,2021,0
2021091210_929,2021,0
2021091210_953,2021,0
2021091211_1493,2021,0
2021091211_1608,2021,0
2021091211_1698,2021,0
2021091211_184,2021,0
2021091211_2005,2021,0
2021091211_2118,2021,0
2021091211_2181,2021,0
2021091211_2259,2021,0
2021091211_2493,2021,0
2021091211_2536,2021,0
2021091211_2755,2021,0
2021091211_283,2021,0
2021091211_2893,2021,0
2021091211_2986,2021,0
2021091211_3060,2021,0
2021091211_393,2021,0
2021091211_421,2021,0
2021091211_528,2021,0
2021091211_573,2021,0
2021091211_597,2021,0
2021091211_76,2021,0
2021091211_921,2021,0
2021091211_945,2021,0
2021091212_1004,2021,0
2021091212_1081,2021,0
2021091212_1127,2021,0
2021091212_1175,2021,0
2021091212_1388,2021,0
2021091212_1437,2021,0
2021091212_1499,2021,0
2021091212_1776,2021,0
2021091212_1810,2021,0
2021091212_1855,2021,0
2021091212_186,2021,0
2021091212_1901,2021,0
2021091212_2008,2021,0
2021091212_2282,2021,0
2021091212_2349,2021,0
2021091212_2395,2021,0
2021091212_2532,2021,0
2021091212_2554,2021,0
2021091212_2630,2021,0
2021091212_2883,2021,0
2021091212_2947,2021,0
2021091212_3181,2021,0
2021091212_3294,2021,0
2021091212_3318,2021,0
2021091212_3342,2021,0
2021091212_3388,2021,0
2021091212_3446,2021,0
2021091212_3601,2021,0
2021091212_3625,2021,0
2021091212_3649,2021,0
2021091212_3673,2021,0
2021091212_3719,2021,0
2021091212_465,2021,0
2021091212_489,2021,0
2021091212_566,2021,0
2021091212_611,2021,0
2021091212_84,2021,0
2021091212_843,2021,0
2021091212_935,2021,0
2021091212_980,2021,0
2021091213_1141,2021,0
2021091213_1265,2021,0
2021091213_1421,2021,0
2021091213_1492,2021,0
2021091213_1554,2021,0
2021091213_1794,2021,0
2021091213_1818,2021,0
2021091213_1898,2021,0
2021091213_1943,2021,0
2021091213_1988,2021,0
2021091213_2012,2021,0
2021091213_2034,2021,0
2021091213_2063,2021,0
2021091213_2111,2021,0
2021091213_2243,2021,0
2021091213_2341,2021,0
2021091213_2387,2021,0
2021091213_2440,2021,0
2021091213_2560,2021,0
2021091213_2615,2021,0
2021091213_2733,2021,0
2021091213_2778,2021,0
2021091213_2847,2021,0
2021091213_2881,2021,0
2021091213_289,2021,0
2021091213_2905,2021,0
2021091213_3054,2021,0
2021091213_3154,2021,0
2021091213_3351,2021,0
2021091213_3375,2021,0
2021091213_3399,2021,0
2021091213_3421,2021,0
2021091213_3472,2021,0
2021091213_377,2021,0
2021091213_425,2021,0
2021091213_468,2021,0
2021091213_492,2021,0
2021091213_514,2021,0
2021091213_538,2021,0
2021091213_583,2021,0
2021091213_69,2021,0
2021091213_775,2021,0
2021091213_804,2021,0
2021091213_962,2021,0
2021091213_991,2021,0
2021091300_1013,2021,0
2021091300_1075,2021,0
2021091300_1174,2021,0
2021091300_1226,2021,0
2021091300_1250,2021,0
2021091300_1344,2021,0
2021091300_1368,2021,0
2021091300_1485,2021,0
2021091300_1507,2021,0
2021091300_1655,2021,0
2021091300_169,2021,0
2021091300_1744,2021,0
2021091300_1875,2021,0
2021091300_2180,2021,0
2021091300_2256,2021,0
2021091300_2278,2021,0
2021091300_2344,2021,0
2021091300_250,2021,0
2021091300_2504,2021,0
2021091300_2589,2021,0
2021091300_2676,2021,0
2021091300_2851,2021,0
2021091300_2951,2021,0
2021091300_3007,2021,0
2021091300_3168,2021,0
2021091300_3211,2021,0
2021091300_3312,2021,0
2021091300_3385,2021,0
2021091300_3478,2021,0
2021091300_3544,2021,0
2021091300_3619,2021,0
2021091300_3664,2021,0
2021091300_3734,2021,0
2021091300_3812,2021,0
2021091300_383,2021,0
2021091300_3914,2021,0
2021091300_428,2021,0
2021091300_4392,2021,0
2021091300_4454,2021,0
2021091300_4641,2021,0
2021091300_4691,2021,0
2021091300_4736,2021,0
2021091300_475,2021,0
2021091300_562,2021,0
2021091300_590,2021,0
2021091300_612,2021,0
2021091300_692,2021,0
2021091300_737,2021,0
2021091300_759,2021,0
2021091300_77,2021,0
2021091600_1037,2021,0
2021091600_1061,2021,0
2021091600_1117,2021,0
2021091600_1233,2021,0
2021091600_1255,2021,0
2021091600_1277,2021,0
2021091600_1343,2021,0
2021091600_1426,2021,0
2021091600_1682,2021,0
2021091600_1706,2021,0
2021091600_1759,2021,0
2021091600_187,2021,0
2021091600_1885,2021,0
2021091600_1909,2021,0
2021091600_2161,2021,0
2021091600_2185,2021,0
2021091600_2253,2021,0
2021091600_2354,2021,0
2021091600_2378,2021,0
2021091600_2517,2021,0
2021091600_2624,2021,0
2021091600_2678,2021,0
2021091600_280,2021,0
2021091600_2834,2021,0
2021091600_2873,2021,0
2021091600_3061,2021,0
2021091600_3085,2021,0
2021091600_3142,2021,0
2021091600_3316,2021,0
2021091600_3440,2021,0
2021091600_3509,2021,0
2021091600_3567,2021,0
2021091600_3654,2021,0
2021091600_375,2021,0
2021091600_3827,2021,0
2021091600_3905,2021,0
2021091600_3950,2021,0
2021091600_4254,2021,0
2021091600_4278,2021,0
2021091600_4300,2021,0
2021091600_4345,2021,0
2021091600_498,2021,0
2021091600_543,2021,0
2021091600_590,2021,0
2021091600_65,2021,0
2021091600_727,2021,0
2021091600_794,2021,0
2021091600_839,2021,0
2021091600_884,2021,0
2021091600_992,2021,0
2021091900_1155,2021,0
2021091900_1198,2021,0
2021091900_121,2021,0
2021091900_1224,2021,0
2021091900_1323,2021,0
2021091900_145,2021,0
2021091900_1459,2021,0
2021091900_1654,2021,0
2021091900_1671,2021,0
2021091900_1735,2021,0
2021091900_1757,2021,0
2021091900_1779,2021,0
2021091900_1810,2021,0
2021091900_2098,2021,0
2021091900_2214,2021,0
2021091900_2536,2021,0
2021091900_262,2021,0
2021091900_2720,2021,0
2021091900_2953,2021,0
2021091900_3310,2021,0
2021091900_3355,2021,0
2021091900_3444,2021,0
2021091900_3538,2021,0
2021091900_3562,2021,0
2021091900_3603,2021,0
2021091900_3689,2021,0
2021091900_3776,2021,0
2021091900_3800,2021,0
2021091900_571,2021,0
2021091900_635,2021,0
2021091900_76,2021,0
2021091900_940,2021,0
2021091900_975,2021,0
2021091901_102,2021,0
2021091901_1205,2021,0
2021091901_126,2021,0
2021091901_1313,2021,0
2021091901_1328,2021,0
2021091901_1409,2021,0
2021091901_1499,2021,0
2021091901_1551,2021,0
2021091901_1609,2021,0
2021091901_174,2021,0
2021091901_1815,2021,0
2021091901_1856,2021,0
2021091901_2113,2021,0
2021091901_2240,2021,0
2021091901_2281,2021,0
2021091901_248,2021,0
2021091901_2585,2021,0
2021091901_2714,2021,0
2021091901_293,2021,0
2021091901_3018,2021,0
2021091901_3112,2021,0
2021091901_3176,2021,0
2021091901_3233,2021,0
2021091901_3291,2021,0
2021091901_3441,2021,0
2021091901_3492,2021,0
2021091901_3535,2021,0
2021091901_3811,2021,0
2021091901_384,2021,0
2021091901_408,2021,0
2021091901_500,2021,0
2021091901_533,2021,0
2021091901_578,2021,0
2021091901_602,2021,0
2021091901_624,2021,0
2021091901_771,2021,0
2021091901_870,2021,0
2021091901_910,2021,0
2021091902_1005,2021,0
2021091902_1050,2021,0
2021091902_1116,2021,0
2021091902_1138,2021,0
2021091902_1210,2021,0
2021091902_1234,2021,0
2021091902_1366,2021,0
2021091902_1595,2021,0
2021091902_1751,2021,0
2021091902_2142,2021,0
2021091902_231,2021,0
2021091902_2444,2021,0
2021091902_2635,2021,0
2021091902_2713,2021,0
2021091902_2795,2021,0
2021091902_2965,2021,0
2021091902_3136,2021,0
2021091902_3392,2021,0
2021091902_3414,2021,0
2021091902_3447,2021,0
2021091902_3651,2021,0
2021091902_3675,2021,0
2021091902_3710,2021,0
2021091902_3732,2021,0
2021091902_3761,2021,0
2021091902_389,2021,0
2021091902_434,2021,0
2021091902_479,2021,0
2021091902_503,2021,0
2021091902_704,2021,0
2021091903_1199,2021,0
2021091903_1266,2021,0
2021091903_1352,2021,0
2021091903_1380,2021,0
2021091903_1404,2021,0
2021091903_1426,2021,0
2021091903_1539,2021,0
2021091903_1568,2021,0
2021091903_1613,2021,0
2021091903_1694,2021,0
2021091903_181,2021,0
2021091903_1988,2021,0
2021091903_2010,2021,0
2021091903_2148,2021,0
2021091903_2172,2021,0
2021091903_2387,2021,0
2021091903_2409,2021,0
2021091903_2449,2021,0
2021091903_2485,2021,0
2021091903_2509,2021,0
2021091903_2552,2021,0
2021091903_2657,2021,0
2021091903_2755,2021,0
2021091903_2800,2021,0
2021091903_3003,2021,0
2021091903_3086,2021,0
2021091903_3142,2021,0
2021091903_3164,2021,0
2021091903_3209,2021,0
2021091903_329,2021,0
2021091903_3479,2021,0
2021091903_3501,2021,0
2021091903_353,2021,0
2021091903_471,2021,0
2021091903_564,2021,0
2021091903_588,2021,0
2021091903_62,2021,0
2021091903_633,2021,0
2021091903_676,2021,0
2021091903_761,2021,0
2021091903_945,2021,0
2021091903_990,2021,0
2021091904_1058,2021,0
2021091904_107,2021,0
2021091904_1091,2021,0
2021091904_1136,2021,0
2021091904_1200,2021,0
2021091904_1222,2021,0
2021091904_1379,2021,0
2021091904_1403,2021,0
2021091904_1448,2021,0
2021091904_1586,2021,0
2021091904_1636,2021,0
2021091904_1660,2021,0
2021091904_1733,2021,0
2021091904_174,2021,0
2021091904_1854,2021,0
2021091904_1876,2021,0
2021091904_1898,2021,0
2021091904_1940,2021,0
2021091904_1962,2021,0
2021091904_1991,2021,0
2021091904_2120,2021,0
2021091904_2216,2021,0
2021091904_2382,2021,0
2021091904_2682,2021,0
2021091904_2841,2021,0
2021091904_2939,2021,0
2021091904_3049,2021,0
2021091904_3113,2021,0
2021091904_3215,2021,0
2021091904_3336,2021,0
2021091904_3533,2021,0
2021091904_420,2021,0
2021091904_498,2021,0
2021091904_522,2021,0
2021091904_594,2021,0
2021091904_682,2021,0
2021091904_740,2021,0
2021091904_783,2021,0
2021091904_805,2021,0
2021091904_846,2021,0
2021091904_912,2021,0
2021091905_1008,2021,0
2021091905_1054,2021,0
2021091905_1123,2021,0
2021091905_1189,2021,0
2021091905_1213,2021,0
2021091905_1235,2021,0
2021091905_1499,2021,0
2021091905_1587,2021,0
2021091905_1767,2021,0
2021091905_1791,2021,0
2021091905_1867,2021,0
2021091905_1934,2021,0
2021091905_1956,2021,0
2021091905_2438,2021,0
2021091905_247,2021,0
2021091905_2543,2021,0
2021091905_2598,2021,0
2021091905_2690,2021,0
2021091905_2826,2021,0
2021091905_3049,2021,0
2021091905_3074,2021,0
2021091905_3098,2021,0
2021091905_3122,2021,0
2021091905_3146,2021,0
2021091905_3281,2021,0
2021091905_350,2021,0
2021091905_3525,2021,0
2021091905_3616,2021,0
2021091905_3659,2021,0
2021091905_3730,2021,0
2021091905_378,2021,0
2021091905_3925,2021,0
2021091905_4151,2021,0
2021091905_4175,2021,0
2021091905_4203,2021,0
2021091905_876,2021,0
2021091906_126,2021,0
2021091906_1331,2021,0
2021091906_155,2021,0
2021091906_1616,2021,0
2021091906_1645,2021,0
2021091906_1710,2021,0
2021091906_1732,2021,0
2021091906_179,2021,0
2021091906_1911,2021,0
2021091906_1956,2021,0
2021091906_2098,2021,0
2021091906_2134,2021,0
2021091906_2298,2021,0
2021091906_2373,2021,0
2021091906_2512,2021,0
2021091906_2568,2021,0
2021091906_2671,2021,0
2021091906_2736,2021,0
2021091906_2876,2021,0
2021091906_2909,2021,0
2021091906_3134,2021,0
2021091906_3156,2021,0
2021091906_3243,2021,0
2021091906_3293,2021,0
2021091906_3500,2021,0
2021091906_3522,2021,0
2021091906_3807,2021,0
2021091906_3836,2021,0
2021091906_3942,2021,0
2021091906_3971,2021,0
2021091906_568,2021,0
2021091906_76,2021,0
2021091907_1134,2021,0
2021091907_1215,2021,0
2021091907_1270,2021,0
2021091907_1348,2021,0
2021091907_1374,2021,0
2021091907_1675,2021,0
2021091907_1812,2021,0
2021091907_1925,2021,0
2021091907_2115,2021,0
2021091907_2217,2021,0
2021091907_233,2021,0
2021091907_2527,2021,0
2021091907_2572,2021,0
2021091907_2594,2021,0
2021091907_2641,2021,0
2021091907_2731,2021,0
2021091907_2819,2021,0
2021091907_3156,2021,0
2021091907_3202,2021,0
2021091907_360,2021,0
2021091907_3603,2021,0
2021091907_3690,2021,0
2021091907_3804,2021,0
2021091907_418,2021,0
2021091907_463,2021,0
2021091907_711,2021,0
2021091907_735,2021,0
2021091907_757,2021,0
2021091907_821,2021,0
2021091907_869,2021,0
2021091907_98,2021,0
2021091908_107,2021,0
2021091908_1081,2021,0
2021091908_1231,2021,0
2021091908_1472,2021,0
2021091908_152,2021,0
2021091908_1554,2021,0
2021091908_1640,2021,0
2021091908_1686,2021,0
2021091908_176,2021,0
2021091908_1832,2021,0
2021091908_1991,2021,0
2021091908_2060,2021,0
2021091908_2103,2021,0
2021091908_2144,2021,0
2021091908_217,2021,0
2021091908_2259,2021,0
2021091908_2332,2021,0
2021091908_2375,2021,0
2021091908_2420,2021,0
2021091908_248,2021,0
2021091908_2531,2021,0
2021091908_2593,2021,0
2021091908_2706,2021,0
2021091908_2754,2021,0
2021091908_2803,2021,0
2021091908_2827,2021,0
2021091908_2932,2021,0
2021091908_3031,2021,0
2021091908_317,2021,0
2021091908_3203,2021,0
2021091908_3285,2021,0
2021091908_3336,2021,0
2021091908_3511,2021,0
2021091908_3535,2021,0
2021091908_3583,2021,0
2021091908_3667,2021,0
2021091908_409,2021,0
2021091908_473,2021,0
2021091908_497,2021,0
2021091908_523,2021,0
2021091908_62,2021,0
2021091908_630,2021,0
2021091908_695,2021,0
2021091908_754,2021,0
2021091908_918,2021,0
2021091908_959,2021,0
2021091908_985,2021,0
2021091909_1325,2021,0
2021091909_1351,2021,0
2021091909_1396,2021,0
2021091909_146,2021,0
2021091909_1460,2021,0
2021091909_1797,2021,0
2021091909_1868,2021,0
2021091909_1943,2021,0
2021091909_2152,2021,0
2021091909_2273,2021,0
2021091909_2392,2021,0
2021091909_2437,2021,0
2021091909_2482,2021,0
2021091909_2605,2021,0
2021091909_2747,2021,0
2021091909_2792,2021,0
2021091909_2847,2021,0
2021091909_3017,2021,0
2021091909_3249,2021,0
2021091909_3383,2021,0
2021091909_3517,2021,0
2021091909_3541,2021,0
2021091909_3589,2021,0
2021091909_3613,2021,0
2021091909_362,2021,0
2021091909_3822,2021,0
2021091909_3867,2021,0
2021091909_3970,2021,0
2021091909_4036,2021,0
2021091909_4127,2021,0
2021091909_4149,2021,0
2021091909_476,2021,0
2021091909_545,2021,0
2021091909_619,2021,0
2021091909_641,2021,0
2021091909_75,2021,0
2021091909_754,2021,0
2021091910_101,2021,0
2021091910_1125,2021,0
2021091910_1173,2021,0
2021091910_125,2021,0
2021091910_1290,2021,0
2021091910_1312,2021,0
2021091910_1362,2021,0
2021091910_1384,2021,0
2021091910_1408,2021,0
2021091910_1449,2021,0
2021091910_1488,2021,0
2021091910_1552,2021,0
2021091910_1597,2021,0
2021091910_1621,2021,0
2021091910_1671,2021,0
2021091910_168,2021,0
2021091910_1754,2021,0
2021091910_1799,2021,0
2021091910_1840,2021,0
2021091910_2009,2021,0
2021091910_2033,2021,0
2021091910_2074,2021,0
2021091910_2125,2021,0
2021091910_2158,2021,0
2021091910_2287,2021,0
2021091910_231,2021,0
2021091910_2335,2021,0
2021091910_2471,2021,0
2021091910_2519,2021,0
2021091910_2548,2021,0
2021091910_2582,2021,0
2021091910_2611,2021,0
2021091910_2661,2021,0
2021091910_2683,2021,0
2021091910_281,2021,0
2021091910_2885,2021,0
2021091910_3027,2021,0
2021091910_3049,2021,0
2021091910_3195,2021,0
2021091910_325,2021,0
2021091910_3427,2021,0
2021091910_3451,2021,0
2021091910_3514,2021,0
2021091910_3540,2021,0
2021091910_3644,2021,0
2021091910_3672,2021,0
2021091910_3730,2021,0
2021091910_3775,2021,0
2021091910_3804,2021,0
2021091910_3828,2021,0
2021091910_3871,2021,0
2021091910_3938,2021,0
2021091910_4078,2021,0
2021091910_4138,2021,0
2021091910_473,2021,0
2021091910_508,2021,0
2021091910_537,2021,0
2021091910_54,2021,0
2021091910_582,2021,0
2021091910_606,2021,0
2021091910_628,2021,0
2021091910_734,2021,0
2021091910_824,2021,0
2021091910_976,2021,0
2021091911_1021,2021,0
2021091911_1080,2021,0
2021091911_1143,2021,0
2021091911_1171,2021,0
2021091911_1238,2021,0
2021091911_1323,2021,0
2021091911_1433,2021,0
2021091911_1499,2021,0
2021091911_1544,2021,0
2021091911_1714,2021,0
2021091911_1794,2021,0
2021091911_1924,2021,0
2021091911_1948,2021,0
2021091911_1998,2021,0
2021091911_2062,2021,0
2021091911_2084,2021,0
2021091911_2271,2021,0
2021091911_2343,2021,0
2021091911_2417,2021,0
2021091911_2468,2021,0
2021091911_2513,2021,0
2021091911_2558,2021,0
2021091911_256,2021,0
2021091911_2635,2021,0
2021091911_2842,2021,0
2021091911_2966,2021,0
2021091911_3024,2021,0
2021091911_3066,2021,0
2021091911_3101,2021,0
2021091911_322,2021,0
2021091911_3323,2021,0
2021091911_3530,2021,0
2021091911_3758,2021,0
2021091911_3855,2021,0
2021091911_3879,2021,0
2021091911_3988,2021,0
2021091911_4012,2021,0
2021091911_492,2021,0
2021091911_547,2021,0
2021091911_597,2021,0
2021091911_652,2021,0
2021091911_807,2021,0
2021091911_82,2021,0
2021091911_857,2021,0
2021091911_881,2021,0
2021091912_1091,2021,0
2021091912_1115,2021,0
2021091912_1282,2021,0
2021091912_1411,2021,0
2021091912_1597,2021,0
2021091912_1642,2021,0
2021091912_1839,2021,0
2021091912_204,2021,0
2021091912_2243,2021,0
2021091912_2288,2021,0
2021091912_2333,2021,0
2021091912_2537,2021,0
2021091912_255,2021,0
2021091912_2561,2021,0
2021091912_2618,2021,0
2021091912_2740,2021,0
2021091912_2764,2021,0
2021091912_2830,2021,0
2021091912_2852,2021,0
2021091912_2874,2021,0
2021091912_2919,2021,0
2021091912_2943,2021,0
2021091912_3078,2021,0
2021091912_3102,2021,0
2021091912_3158,2021,0
2021091912_3261,2021,0
2021091912_3516,2021,0
2021091912_3540,2021,0
2021091912_3597,2021,0
2021091912_3619,2021,0
2021091912_3725,2021,0
2021091912_3773,2021,0
2021091912_3797,2021,0
2021091912_3842,2021,0
2021091912_391,2021,0
2021091912_3929,2021,0
2021091912_4126,2021,0
2021091912_4167,2021,0
2021091912_4335,2021,0
2021091912_4380,2021,0
2021091912_4445,2021,0
2021091912_4489,2021,0
2021091912_4530,2021,0
2021091912_465,2021,0
2021091912_508,2021,0
2021091912_532,2021,0
2021091912_577,2021,0
2021091912_601,2021,0
2021091912_673,2021,0
2021091912_76,2021,0
2021091912_796,2021,0
2021091912_841,2021,0
2021091913_1107,2021,0
2021091913_1152,2021,0
2021091913_1176,2021,0
2021091913_1198,2021,0
2021091913_1220,2021,0
2021091913_1328,2021,0
2021091913_1352,2021,0
2021091913_1453,2021,0
2021091913_1477,2021,0
2021091913_1606,2021,0
2021091913_1719,2021,0
2021091913_1866,2021,0
2021091913_2186,2021,0
2021091913_2210,2021,0
2021091913_2255,2021,0
2021091913_2537,2021,0
2021091913_2593,2021,0
2021091913_2615,2021,0
2021091913_2876,2021,0
2021091913_2933,2021,0
2021091913_3004,2021,0
2021091913_3211,2021,0
2021091913_3256,2021,0
2021091913_3676,2021,0
2021091913_3705,2021,0
2021091913_3729,2021,0
2021091913_397,2021,0
2021091913_421,2021,0
2021091913_523,2021,0
2021091913_77,2021,0
2021091913_780,2021,0
2021091913_806,2021,0
2021091913_865,2021,0
2021091913_952,2021,0
2021091913_99,2021,0
2021092000_1028,2021,0
2021092000_105,2021,0
2021092000_1147,2021,0
2021092000_134,2021,0
2021092000_1637,2021,0
2021092000_1873,2021,0
2021092000_2188,2021,0
2021092000_2248,2021,0
2021092000_2272,2021,0
2021092000_2294,2021,0
2021092000_2337,2021,0
2021092000_2404,2021,0
2021092000_2437,2021,0
2021092000_2483,2021,0
2021092000_2531,2021,0
2021092000_2959,2021,0
2021092000_2983,2021,0
2021092000_3030,2021,0
2021092000_3054,2021,0
2021092000_3157,2021,0
2021092000_3203,2021,0
2021092000_325,2021,0
2021092000_3343,2021,0
2021092000_3391,2021,0
2021092000_3546,2021,0
2021092000_3575,2021,0
2021092000_3623,2021,0
2021092000_3647,2021,0
2021092000_3669,2021,0
2021092000_3759,2021,0
2021092000_579,2021,0
2021092000_624,2021,0
2021092000_750,2021,0
2021092000_76,2021,0
2021092000_924,2021,0
2021092000_946,2021,0
2021092300_1023,2021,0
2021092300_1068,2021,0
2021092300_1213,2021,0
2021092300_1395,2021,0
2021092300_1530,2021,0
2021092300_1573,2021,0
2021092300_1595,2021,0
2021092300_1721,2021,0
2021092300_1766,2021,0
2021092300_1904,2021,0
2021092300_2015,2021,0
2021092300_2037,2021,0
2021092300_2084,2021,0
2021092300_2175,2021,0
2021092300_2233,2021,0
2021092300_2266,2021,0
2021092300_2377,2021,0
2021092300_2476,2021,0
2021092300_2750,2021,0
2021092300_2896,2021,0
2021092300_3049,2021,0
2021092300_3073,2021,0
2021092300_3097,2021,0
2021092300_3119,2021,0
2021092300_3143,2021,0
2021092300_3165,2021,0
2021092300_319,2021,0
2021092300_3329,2021,0
2021092300_3351,2021,0
2021092300_341,2021,0
2021092300_415,2021,0
2021092300_596,2021,0
2021092300_737,2021,0
2021092300_78,2021,0
2021092300_838,2021,0
2021092300_926,2021,0
2021092600_1127,2021,0
2021092600_1174,2021,0
2021092600_125,2021,0
2021092600_1394,2021,0
2021092600_1418,2021,0
2021092600_149,2021,0
2021092600_1497,2021,0
2021092600_1547,2021,0
2021092600_1571,2021,0
2021092600_1683,2021,0
2021092600_170,2021,0
2021092600_194,2021,0
2021092600_2022,2021,0
2021092600_2108,2021,0
2021092600_2130,2021,0
2021092600_2173,2021,0
2021092600_2202,2021,0
2021092600_223,2021,0
2021092600_2243,2021,0
2021092600_2289,2021,0
2021092600_2441,2021,0
2021092600_2531,2021,0
2021092600_2576,2021,0
2021092600_258,2021,0
2021092600_2690,2021,0
2021092600_2712,2021,0
2021092600_2736,2021,0
2021092600_3063,2021,0
2021092600_3089,2021,0
2021092600_3278,2021,0
2021092600_3449,2021,0
2021092600_3471,2021,0
2021092600_3516,2021,0
2021092600_3590,2021,0
2021092600_3793,2021,0
2021092600_3838,2021,0
2021092600_3875,2021,0
2021092600_4095,2021,0
2021092600_489,2021,0
2021092600_555,2021,0
2021092600_610,2021,0
2021092600_638,2021,0
2021092600_660,2021,0
2021092600_729,2021,0
2021092600_80,2021,0
2021092600_972,2021,0
2021092601_1205,2021,0
2021092601_1227,2021,0
2021092601_1255,2021,0
2021092601_1321,2021,0
2021092601_144,2021,0
2021092601_1467,2021,0
2021092601_1695,2021,0
2021092601_1742,2021,0
2021092601_1783,2021,0
2021092601_1824,2021,0
2021092601_1930,2021,0
2021092601_2063,2021,0
2021092601_2085,2021,0
2021092601_2382,2021,0
2021092601_2568,2021,0
2021092601_2612,2021,0
2021092601_2636,2021,0
2021092601_2726,2021,0
2021092601_2810,2021,0
2021092601_2889,2021,0
2021092601_2924,2021,0
2021092601_3011,2021,0
2021092601_3108,2021,0
2021092601_3163,2021,0
2021092601_3345,2021,0
2021092601_3469,2021,0
2021092601_3843,2021,0
2021092601_3887,2021,0
2021092601_473,2021,0
2021092601_506,2021,0
2021092601_55,2021,0
2021092601_553,2021,0
2021092601_603,2021,0
2021092601_627,2021,0
2021092601_733,2021,0
2021092601_77,2021,0
2021092601_799,2021,0
2021092602_1152,2021,0
2021092602_1174,2021,0
2021092602_1224,2021,0
2021092602_1384,2021,0
2021092602_140,2021,0
2021092602_1596,2021,0
2021092602_1677,2021,0
2021092602_1699,2021,0
2021092602_1755,2021,0
2021092602_1941,2021,0
2021092602_1975,2021,0
2021092602_2004,2021,0
2021092602_2030,2021,0
2021092602_2135,2021,0
2021092602_2164,2021,0
2021092602_2205,2021,0
2021092602_224,2021,0
2021092602_2305,2021,0
2021092602_2361,2021,0
2021092602_2390,2021,0
2021092602_2433,2021,0
2021092602_2570,2021,0
2021092602_2639,2021,0
2021092602_2699,2021,0
2021092602_2918,2021,0
2021092602_2942,2021,0
2021092602_2980,2021,0
2021092602_3009,2021,0
2021092602_3166,2021,0
2021092602_3192,2021,0
2021092602_3495,2021,0
2021092602_3651,2021,0
2021092602_3945,2021,0
2021092602_4003,2021,0
2021092602_4058,2021,0
2021092602_470,2021,0
2021092602_494,2021,0
2021092602_653,2021,0
2021092602_777,2021,0
2021092602_898,2021,0
2021092603_100,2021,0
2021092603_1029,2021,0
2021092603_1143,2021,0
2021092603_1167,2021,0
2021092603_1396,2021,0
2021092603_1600,2021,0
2021092603_1735,2021,0
2021092603_1759,2021,0
2021092603_1800,2021,0
2021092603_1934,2021,0
2021092603_2046,2021,0
2021092603_2147,2021,0
2021092603_2221,2021,0
2021092603_223,2021,0
2021092603_2283,2021,0
2021092603_2307,2021,0
2021092603_2456,2021,0
2021092603_2506,2021,0
2021092603_2845,2021,0
2021092603_3069,2021,0
2021092603_3104,2021,0
2021092603_3164,2021,0
2021092603_3209,2021,0
2021092603_3233,2021,0
2021092603_339,2021,0
2021092603_3457,2021,0
2021092603_3500,2021,0
2021092603_3582,2021,0
2021092603_3606,2021,0
2021092603_3732,2021,0
2021092603_389,2021,0
2021092603_3929,2021,0
2021092603_3997,2021,0
2021092603_4045,2021,0
2021092603_4116,2021,0
2021092603_413,2021,0
2021092603_4138,2021,0
2021092603_4162,2021,0
2021092603_437,2021,0
2021092603_580,2021,0
2021092603_719,2021,0
2021092603_781,2021,0
2021092603_889,2021,0
2021092603_953,2021,0
2021092604_100,2021,0
2021092604_1260,2021,0
2021092604_1305,2021,0
2021092604_1460,2021,0
2021092604_1484,2021,0
2021092604_1529,2021,0
2021092604_1553,2021,0
2021092604_1629,2021,0
2021092604_1653,2021,0
2021092604_1675,2021,0
2021092604_2045,2021,0
2021092604_2090,2021,0
2021092604_2428,2021,0
2021092604_3206,2021,0
2021092604_330,2021,0
2021092604_3344,2021,0
2021092604_3588,2021,0
2021092604_3897,2021,0
2021092604_399,2021,0
2021092604_425,2021,0
2021092604_521,2021,0
2021092604_673,2021,0
2021092604_788,2021,0
2021092604_854,2021,0
2021092604_876,2021,0
2021092605_1192,2021,0
2021092605_1307,2021,0
2021092605_1443,2021,0
2021092605_1580,2021,0
2021092605_1604,2021,0
2021092605_1626,2021,0
2021092605_2243,2021,0
2021092605_2381,2021,0
2021092605_2526,2021,0
2021092605_2550,2021,0
2021092605_2619,2021,0
2021092605_2690,2021,0
2021092605_2735,2021,0
2021092605_2759,2021,0
2021092605_3045,2021,0
2021092605_3069,2021,0
2021092605_3241,2021,0
2021092605_3263,2021,0
2021092605_342,2021,0
2021092605_3506,2021,0
2021092605_366,2021,0
2021092605_3769,2021,0
2021092605_3856,2021,0
2021092605_3878,2021,0
2021092605_3907,2021,0
2021092605_3974,2021,0
2021092605_4020,2021,0
2021092605_4061,2021,0
2021092605_4090,2021,0
2021092605_4112,2021,0
2021092605_4140,2021,0
2021092605_436,2021,0
2021092605_580,2021,0
2021092605_718,2021,0
2021092605_771,2021,0
2021092605_795,2021,0
2021092605_940,2021,0
2021092605_964,2021,0
2021092606_1017,2021,0
2021092606_1041,2021,0
2021092606_1108,2021,0
2021092606_1271,2021,0
2021092606_1339,2021,0
2021092606_1405,2021,0
2021092606_1488,2021,0
2021092606_1512,2021,0
2021092606_159,2021,0
2021092606_1653,2021,0
2021092606_1736,2021,0
2021092606_1838,2021,0
2021092606_1867,2021,0
2021092606_2043,2021,0
2021092606_2067,2021,0
2021092606_2115,2021,0
2021092606_232,2021,0
2021092606_2388,2021,0
2021092606_2488,2021,0
2021092606_2522,2021,0
2021092606_2622,2021,0
2021092606_2688,2021,0
2021092606_2875,2021,0
2021092606_3036,2021,0
2021092606_3121,2021,0
2021092606_3162,2021,0
2021092606_319,2021,0
2021092606_3298,2021,0
2021092606_3439,2021,0
2021092606_3511,2021,0
2021092606_3720,2021,0
2021092606_3770,2021,0
2021092606_3848,2021,0
2021092606_551,2021,0
2021092606_617,2021,0
2021092606_677,2021,0
2021092606_727,2021,0
2021092606_76,2021,0
2021092606_814,2021,0
2021092606_836,2021,0
2021092606_903,2021,0
2021092607_1099,2021,0
2021092607_1288,2021,0
2021092607_1312,2021,0
2021092607_1355,2021,0
2021092607_1477,2021,0
2021092607_1501,2021,0
2021092607_1684,2021,0
2021092607_1708,2021,0
2021092607_1752,2021,0
2021092607_1849,2021,0
2021092607_1871,2021,0
2021092607_1954,2021,0
2021092607_204,2021,0
2021092607_2151,2021,0
2021092607_2301,2021,0
2021092607_2325,2021,0
2021092607_2381,2021,0
2021092607_2427,2021,0
2021092607_2569,2021,0
2021092607_2614,2021,0
2021092607_2683,2021,0
2021092607_2705,2021,0
2021092607_2878,2021,0
2021092607_2923,2021,0
2021092607_3040,2021,0
2021092607_3070,2021,0
2021092607_3094,2021,0
2021092607_3118,2021,0
2021092607_3142,2021,0
2021092607_3182,2021,0
2021092607_3215,2021,0
2021092607_3237,2021,0
2021092607_3362,2021,0
2021092607_3386,2021,0
2021092607_3566,2021,0
2021092607_3588,2021,0
2021092607_3610,2021,0
2021092607_3634,2021,0
2021092607_3663,2021,0
2021092607_3687,2021,0
2021092607_3711,2021,0
2021092607_3738,2021,0
2021092607_3804,2021,0
2021092607_390,2021,0
2021092607_4054,2021,0
2021092607_4078,2021,0
2021092607_4100,2021,0
2021092607_4122,2021,0
2021092607_533,2021,0
2021092607_580,2021,0
2021092607_765,2021,0
2021092607_789,2021,0
2021092607_891,2021,0
2021092607_962,2021,0
2021092608_1144,2021,0
2021092608_1236,2021,0
2021092608_1281,2021,0
2021092608_1365,2021,0
2021092608_1572,2021,0
2021092608_1632,2021,0
2021092608_1727,2021,0
2021092608_178,2021,0
2021092608_1857,2021,0
2021092608_1998,2021,0
2021092608_2043,2021,0
2021092608_2332,2021,0
2021092608_2432,2021,0
2021092608_2456,2021,0
2021092608_2790,2021,0
2021092608_2868,2021,0
2021092608_288,2021,0
2021092608_2892,2021,0
2021092608_2914,2021,0
2021092608_2936,2021,0
2021092608_3174,2021,0
2021092608_3240,2021,0
2021092608_3482,2021,0
2021092608_3534,2021,0
2021092608_3563,2021,0
2021092608_3628,2021,0
2021092608_3652,2021,0
2021092608_532,2021,0
2021092608_565,2021,0
2021092608_657,2021,0
2021092608_702,2021,0
2021092608_748,2021,0
2021092608_823,2021,0
2021092609_1051,2021,0
2021092609_107,2021,0
2021092609_1142,2021,0
2021092609_1277,2021,0
2021092609_1413,2021,0
2021092609_1543,2021,0
2021092609_1649,2021,0
2021092609_1770,2021,0
2021092609_1835,2021,0
2021092609_1912,2021,0
2021092609_2122,2021,0
2021092609_2328,2021,0
2021092609_2452,2021,0
2021092609_2644,2021,0
2021092609_2790,2021,0
2021092609_2835,2021,0
2021092609_2875,2021,0
2021092609_2920,2021,0
2021092609_3044,2021,0
2021092609_3068,2021,0
2021092609_3119,2021,0
2021092609_327,2021,0
2021092609_3282,2021,0
2021092609_3575,2021,0
2021092609_3626,2021,0
2021092609_3655,2021,0
2021092609_409,2021,0
2021092609_497,2021,0
2021092609_54,2021,0
2021092609_712,2021,0
2021092609_910,2021,0
2021092610_1045,2021,0
2021092610_1169,2021,0
2021092610_1292,2021,0
2021092610_1465,2021,0
2021092610_1545,2021,0
2021092610_162,2021,0
2021092610_1927,2021,0
2021092610_1992,2021,0
2021092610_2033,2021,0
2021092610_2064,2021,0
2021092610_2244,2021,0
2021092610_229,2021,0
2021092610_2325,2021,0
2021092610_2526,2021,0
2021092610_2607,2021,0
2021092610_2688,2021,0
2021092610_2927,2021,0
2021092610_3128,2021,0
2021092610_3195,2021,0
2021092610_3306,2021,0
2021092610_342,2021,0
2021092610_3481,2021,0
2021092610_3505,2021,0
2021092610_3582,2021,0
2021092610_3806,2021,0
2021092610_3830,2021,0
2021092610_3854,2021,0
2021092610_3878,2021,0
2021092610_3990,2021,0
2021092610_4014,2021,0
2021092610_4038,2021,0
2021092610_4062,2021,0
2021092610_4358,2021,0
2021092610_4526,2021,0
2021092610_4548,2021,0
2021092610_4583,2021,0
2021092610_4631,2021,0
2021092610_4694,2021,0
2021092610_4767,2021,0
2021092610_4793,2021,0
2021092610_631,2021,0
2021092610_736,2021,0
2021092610_839,2021,0
2021092610_903,2021,0
2021092610_957,2021,0
2021092611_1020,2021,0
2021092611_1157,2021,0
2021092611_1179,2021,0
2021092611_1279,2021,0
2021092611_1338,2021,0
2021092611_1438,2021,0
2021092611_1596,2021,0
2021092611_171,2021,0
2021092611_1760,2021,0
2021092611_1782,2021,0
2021092611_1948,2021,0
2021092611_2011,2021,0
2021092611_2131,2021,0
2021092611_214,2021,0
2021092611_2359,2021,0
2021092611_2404,2021,0
2021092611_2428,2021,0
2021092611_2450,2021,0
2021092611_2479,2021,0
2021092611_2506,2021,0
2021092611_2663,2021,0
2021092611_2687,2021,0
2021092611_2709,2021,0
2021092611_275,2021,0
2021092611_2818,2021,0
2021092611_3048,2021,0
2021092611_3072,2021,0
2021092611_3094,2021,0
2021092611_3118,2021,0
2021092611_3319,2021,0
2021092611_3348,2021,0
2021092611_3627,2021,0
2021092611_3678,2021,0
2021092611_3728,2021,0
2021092611_3757,2021,0
2021092611_3908,2021,0
2021092611_3932,2021,0
2021092611_3956,2021,0
2021092611_397,2021,0
2021092611_4009,2021,0
2021092611_4033,2021,0
2021092611_4057,2021,0
2021092611_4225,2021,0
2021092611_453,2021,0
2021092611_505,2021,0
2021092611_553,2021,0
2021092611_582,2021,0
2021092611_748,2021,0
2021092611_75,2021,0
2021092611_780,2021,0
2021092611_996,2021,0
2021092612_1056,2021,0
2021092612_1197,2021,0
2021092612_1299,2021,0
2021092612_1394,2021,0
2021092612_141,2021,0
2021092612_1448,2021,0
2021092612_1470,2021,0
2021092612_1494,2021,0
2021092612_1655,2021,0
2021092612_1717,2021,0
2021092612_1741,2021,0
2021092612_186,2021,0
2021092612_1927,2021,0
2021092612_1968,2021,0
2021092612_2097,2021,0
2021092612_210,2021,0
2021092612_2211,2021,0
2021092612_2254,2021,0
2021092612_2304,2021,0
2021092612_232,2021,0
2021092612_2349,2021,0
2021092612_2617,2021,0
2021092612_2662,2021,0
2021092612_2729,2021,0
2021092612_2772,2021,0
2021092612_2904,2021,0
2021092612_3044,2021,0
2021092612_3411,2021,0
2021092612_3435,2021,0
2021092612_3508,2021,0
2021092612_3530,2021,0
2021092612_356,2021,0
2021092612_449,2021,0
2021092612_54,2021,0
2021092612_571,2021,0
2021092612_717,2021,0
2021092612_825,2021,0
2021092612_909,2021,0
2021092613_1007,2021,0
2021092613_1200,2021,0
2021092613_1226,2021,0
2021092613_1306,2021,0
2021092613_1355,2021,0
2021092613_1402,2021,0
2021092613_1497,2021,0
2021092613_1543,2021,0
2021092613_1862,2021,0
2021092613_1886,2021,0
2021092613_1921,2021,0
2021092613_2258,2021,0
2021092613_2453,2021,0
2021092613_2481,2021,0
2021092613_2675,2021,0
2021092613_2856,2021,0
2021092613_2906,2021,0
2021092613_3004,2021,0
2021092613_3119,2021,0
2021092613_3356,2021,0
2021092613_338,2021,0
2021092613_3380,2021,0
2021092613_3548,2021,0
2021092613_3613,2021,0
2021092613_3681,2021,0
2021092613_387,2021,0
2021092613_3902,2021,0
2021092613_3958,2021,0
2021092613_4002,2021,0
2021092613_4047,2021,0
2021092613_4091,2021,0
2021092613_4115,2021,0
2021092613_4212,2021,0
2021092613_4262,2021,0
2021092613_471,2021,0
2021092613_495,2021,0
2021092613_527,2021,0
2021092613_602,2021,0
2021092613_752,2021,0
2021092700_100,2021,0
2021092700_1011,2021,0
2021092700_1243,2021,0
2021092700_1403,2021,0
2021092700_145,2021,0
2021092700_1737,2021,0
2021092700_1759,2021,0
2021092700_1932,2021,0
2021092700_2178,2021,0
2021092700_2434,2021,0
2021092700_256,2021,0
2021092700_2742,2021,0
2021092700_2766,2021,0
2021092700_2906,2021,0
2021092700_2930,2021,0
2021092700_2993,2021,0
2021092700_3038,2021,0
2021092700_3482,2021,0
2021092700_356,2021,0
2021092700_3795,2021,0
2021092700_3857,2021,0
2021092700_3905,2021,0
2021092700_4105,2021,0
2021092700_443,2021,0
2021092700_544,2021,0
2021092700_55,2021,0
2021092700_577,2021,0
2021092700_620,2021,0
2021092700_783,2021,0
2021092700_805,2021,0
2021092700_829,2021,0
2021092700_943,2021,0
2021093000_1021,2021,0
2021093000_1060,2021,0
2021093000_1151,2021,0
2021093000_1217,2021,0
2021093000_1262,2021,0
2021093000_1452,2021,0
2021093000_1769,2021,0
2021093000_1791,2021,0
2021093000_2080,2021,0
2021093000_209,2021,0
2021093000_2193,2021,0
2021093000_2555,2021,0
2021093000_2579,2021,0
2021093000_276,2021,0
2021093000_2799,2021,0
2021093000_2867,2021,0
2021093000_2936,2021,0
2021093000_2982,2021,0
2021093000_3252,2021,0
2021093000_3384,2021,0
2021093000_3431,2021,0
2021093000_3504,2021,0
2021093000_351,2021,0
2021093000_549,2021,0
2021093000_599,2021,0
2021093000_766,2021,0
2021093000_788,2021,0
2021093000_893,2021,0
2021100300_1032,2021,0
2021100300_1056,2021,0
2021100300_1158,2021,0
2021100300_1246,2021,0
2021100300_142,2021,0
2021100300_1446,2021,0
2021100300_1632,2021,0
2021100300_1868,2021,0
2021100300_1890,2021,0
2021100300_1963,2021,0
2021100300_2014,2021,0
2021100300_2043,2021,0
2021100300_208,2021,0
2021100300_2316,2021,0
2021100300_2340,2021,0
2021100300_2394,2021,0
2021100300_2435,2021,0
2021100300_2483,2021,0
2021100300_2505,2021,0
2021100300_253,2021,0
2021100300_2562,2021,0
2021100300_2757,2021,0
2021100300_2921,2021,0
2021100300_2964,2021,0
2021100300_3009,2021,0
2021100300_3033,2021,0
2021100300_3114,2021,0
2021100300_3323,2021,0
2021100300_3373,2021,0
2021100300_3606,2021,0
2021100300_3642,2021,0
2021100300_3763,2021,0
2021100300_3787,2021,0
2021100300_3834,2021,0
2021100300_4070,2021,0
2021100300_4092,2021,0
2021100300_4116,2021,0
2021100300_4395,2021,0
2021100300_495,2021,0
2021100300_667,2021,0
2021100300_76,2021,0
2021100301_1171,2021,0
2021100301_1214,2021,0
2021100301_1366,2021,0
2021100301_1783,2021,0
2021100301_1812,2021,0
2021100301_198,2021,0
2021100301_2076,2021,0
2021100301_2194,2021,0
2021100301_2451,2021,0
2021100301_2496,2021,0
2021100301_2575,2021,0
2021100301_3027,2021,0
2021100301_3056,2021,0
2021100301_3274,2021,0
2021100301_3324,2021,0
2021100301_3369,2021,0
2021100301_3506,2021,0
2021100301_3636,2021,0
2021100301_3673,2021,0
2021100301_3697,2021,0
2021100301_3736,2021,0
2021100301_3777,2021,0
2021100301_471,2021,0
2021100301_518,2021,0
2021100301_698,2021,0
2021100302_1038,2021,0
2021100302_1469,2021,0
2021100302_1557,2021,0
2021100302_1701,2021,0
2021100302_1959,2021,0
2021100302_208,2021,0
2021100302_2336,2021,0
2021100302_2382,2021,0
2021100302_2471,2021,0
2021100302_2506,2021,0
2021100302_2561,2021,0
2021100302_2774,2021,0
2021100302_2940,2021,0
2021100302_2992,2021,0
2021100302_3191,2021,0
2021100302_3232,2021,0
2021100302_3288,2021,0
2021100302_3331,2021,0
2021100302_3360,2021,0
2021100302_3384,2021,0
2021100302_3752,2021,0
2021100302_3773,2021,0
2021100302_3860,2021,0
2021100302_3915,2021,0
2021100302_3946,2021,0
2021100302_401,2021,0
2021100302_467,2021,0
2021100302_580,2021,0
2021100302_97,2021,0
2021100302_972,2021,0
2021100303_1233,2021,0
2021100303_1257,2021,0
2021100303_1294,2021,0
2021100303_1339,2021,0
2021100303_1599,2021,0
2021100303_1751,2021,0
2021100303_1824,2021,0
2021100303_1951,2021,0
2021100303_2022,2021,0
2021100303_2046,2021,0
2021100303_2426,2021,0
2021100303_2587,2021,0
2021100303_2713,2021,0
2021100303_2881,2021,0
2021100303_3238,2021,0
2021100303_3335,2021,0
2021100303_3392,2021,0
2021100303_3416,2021,0
2021100303_3464,2021,0
2021100303_3678,2021,0
2021100303_370,2021,0
2021100303_3703,2021,0
2021100303_3823,2021,0
2021100303_3857,2021,0
2021100303_656,2021,0
2021100303_805,2021,0
2021100303_933,2021,0
2021100304_1021,2021,0
2021100304_1115,2021,0
2021100304_1137,2021,0
2021100304_1219,2021,0
2021100304_1243,2021,0
2021100304_1357,2021,0
2021100304_1381,2021,0
2021100304_1480,2021,0
2021100304_1547,2021,0
2021100304_171,2021,0
2021100304_2044,2021,0
2021100304_207,2021,0
2021100304_2265,2021,0
2021100304_2383,2021,0
2021100304_2515,2021,0
2021100304_258,2021,0
2021100304_2597,2021,0
2021100304_2619,2021,0
2021100304_2868,2021,0
2021100304_2892,2021,0
2021100304_2926,2021,0
2021100304_2948,2021,0
2021100304_3400,2021,0
2021100304_3424,2021,0
2021100304_484,2021,0
2021100304_602,2021,0
2021100304_679,2021,0
2021100304_703,2021,0
2021100304_748,2021,0
2021100304_76,2021,0
2021100304_965,2021,0
2021100305_1003,2021,0
2021100305_126,2021,0
2021100305_1262,2021,0
2021100305_1807,2021,0
2021100305_1859,2021,0
2021100305_1975,2021,0
2021100305_200,2021,0
2021100305_2023,2021,0
2021100305_2052,2021,0
2021100305_2096,2021,0
2021100305_2228,2021,0
2021100305_2451,2021,0
2021100305_251,2021,0
2021100305_2579,2021,0
2021100305_2633,2021,0
2021100305_2655,2021,0
2021100305_2884,2021,0
2021100305_2967,2021,0
2021100305_2991,2021,0
2021100305_317,2021,0
2021100305_3335,2021,0
2021100305_3497,2021,0
2021100305_3544,2021,0
2021100305_3853,2021,0
2021100305_3958,2021,0
2021100305_3998,2021,0
2021100305_4020,2021,0
2021100305_4042,2021,0
2021100305_4103,2021,0
2021100305_4125,2021,0
2021100305_4164,2021,0
2021100305_4205,2021,0
2021100305_4227,2021,0
2021100305_4273,2021,0
2021100305_463,2021,0
2021100305_511,2021,0
2021100305_533,2021,0
2021100305_555,2021,0
2021100305_888,2021,0
2021100305_936,2021,0
2021100306_104,2021,0
2021100306_1049,2021,0
2021100306_1192,2021,0
2021100306_1311,2021,0
2021100306_1340,2021,0
2021100306_1462,2021,0
2021100306_1735,2021,0
2021100306_1910,2021,0
2021100306_198,2021,0
2021100306_2033,2021,0
2021100306_2082,2021,0
2021100306_2139,2021,0
2021100306_2172,2021,0
2021100306_2384,2021,0
2021100306_2425,2021,0
2021100306_248,2021,0
2021100306_2570,2021,0
2021100306_2611,2021,0
2021100306_2835,2021,0
2021100306_2968,2021,0
2021100306_3067,2021,0
2021100306_3324,2021,0
2021100306_3529,2021,0
2021100306_3602,2021,0
2021100306_3624,2021,0
2021100306_3870,2021,0
2021100306_3947,2021,0
2021100306_4114,2021,0
2021100306_679,2021,0
2021100306_719,2021,0
2021100306_876,2021,0
2021100306_998,2021,0
2021100307_1010,2021,0
2021100307_1066,2021,0
2021100307_1150,2021,0
2021100307_1183,2021,0
2021100307_1283,2021,0
2021100307_1345,2021,0
2021100307_1702,2021,0
2021100307_1726,2021,0
2021100307_1779,2021,0
2021100307_1791,2021,0
2021100307_1828,2021,0
2021100307_1863,2021,0
2021100307_2082,2021,0
2021100307_2106,2021,0
2021100307_2203,2021,0
2021100307_222,2021,0
2021100307_2333,2021,0
2021100307_2412,2021,0
2021100307_2529,2021,0
2021100307_2553,2021,0
2021100307_2598,2021,0
2021100307_2724,2021,0
2021100307_3205,2021,0
2021100307_3261,2021,0
2021100307_3349,2021,0
2021100307_3371,2021,0
2021100307_3714,2021,0
2021100307_3920,2021,0
2021100307_3956,2021,0
2021100307_3978,2021,0
2021100307_4056,2021,0
2021100307_4085,2021,0
2021100307_4129,2021,0
2021100307_4158,2021,0
2021100307_4182,2021,0
2021100307_4206,2021,0
2021100307_4352,2021,0
2021100307_4843,2021,0
2021100307_4929,2021,0
2021100307_4953,2021,0
2021100307_5051,2021,0
2021100307_5073,2021,0
2021100307_5153,2021,0
2021100307_604,2021,0
2021100307_749,2021,0
2021100307_818,2021,0
2021100308_1284,2021,0
2021100308_1308,2021,0
2021100308_131,2021,0
2021100308_1343,2021,0
2021100308_1400,2021,0
2021100308_1562,2021,0
2021100308_1586,2021,0
2021100308_1653,2021,0
2021100308_176,2021,0
2021100308_1959,2021,0
2021100308_2021,2021,0
2021100308_2193,2021,0
2021100308_2251,2021,0
2021100308_2274,2021,0
2021100308_2483,2021,0
2021100308_2550,2021,0
2021100308_2645,2021,0
2021100308_2713,2021,0
2021100308_2927,2021,0
2021100308_3017,2021,0
2021100308_3062,2021,0
2021100308_3173,2021,0
2021100308_3309,2021,0
2021100308_3363,2021,0
2021100308_353,2021,0
2021100308_3532,2021,0
2021100308_3584,2021,0
2021100308_3781,2021,0
2021100308_3832,2021,0
2021100308_409,2021,0
2021100308_4246,2021,0
2021100308_4306,2021,0
2021100308_4419,2021,0
2021100308_465,2021,0
2021100308_667,2021,0
2021100308_800,2021,0
2021100309_1012,2021,0
2021100309_1066,2021,0
2021100309_1131,2021,0
2021100309_1200,2021,0
2021100309_1342,2021,0
2021100309_1476,2021,0
2021100309_149,2021,0
2021100309_1498,2021,0
2021100309_1520,2021,0
2021100309_1544,2021,0
2021100309_1577,2021,0
2021100309_1689,2021,0
2021100309_1839,2021,0
2021100309_1908,2021,0
2021100309_2054,2021,0
2021100309_2078,2021,0
2021100309_221,2021,0
2021100309_2280,2021,0
2021100309_2313,2021,0
2021100309_2342,2021,0
2021100309_255,2021,0
2021100309_2720,2021,0
2021100309_2786,2021,0
2021100309_2831,2021,0
2021100309_2985,2021,0
2021100309_311,2021,0
2021100309_3239,2021,0
2021100309_3390,2021,0
2021100309_3414,2021,0
2021100309_3443,2021,0
2021100309_3476,2021,0
2021100309_3498,2021,0
2021100309_3522,2021,0
2021100309_3567,2021,0
2021100309_3615,2021,0
2021100309_3658,2021,0
2021100309_4071,2021,0
2021100309_4095,2021,0
2021100309_427,2021,0
2021100309_4274,2021,0
2021100309_479,2021,0
2021100309_541,2021,0
2021100309_615,2021,0
2021100309_703,2021,0
2021100309_732,2021,0
2021100309_76,2021,0
2021100309_871,2021,0
2021100309_927,2021,0
2021100310_1129,2021,0
2021100310_1151,2021,0
2021100310_1173,2021,0
2021100310_149,2021,0
2021100310_1522,2021,0
2021100310_1731,2021,0
2021100310_198,2021,0
2021100310_2238,2021,0
2021100310_2281,2021,0
2021100310_2328,2021,0
2021100310_2584,2021,0
2021100310_2711,2021,0
2021100310_2803,2021,0
2021100310_282,2021,0
2021100310_2831,2021,0
2021100310_2920,2021,0
2021100310_3013,2021,0
2021100310_306,2021,0
2021100310_3208,2021,0
2021100310_3268,2021,0
2021100310_3338,2021,0
2021100310_3407,2021,0
2021100310_3478,2021,0
2021100310_3536,2021,0
2021100310_359,2021,0
2021100310_3700,2021,0
2021100310_3733,2021,0
2021100310_3815,2021,0
2021100310_3915,2021,0
2021100310_3937,2021,0
2021100310_3961,2021,0
2021100310_4025,2021,0
2021100310_4066,2021,0
2021100310_4094,2021,0
2021100310_4116,2021,0
2021100310_422,2021,0
2021100310_446,2021,0
2021100310_581,2021,0
2021100310_650,2021,0
2021100310_809,2021,0
2021100310_837,2021,0
2021100310_97,2021,0
2021100311_1039,2021,0
2021100311_1150,2021,0
2021100311_1174,2021,0
2021100311_121,2021,0
2021100311_1269,2021,0
2021100311_1423,2021,0
2021100311_1630,2021,0
2021100311_1680,2021,0
2021100311_1820,2021,0
2021100311_1916,2021,0
2021100311_2279,2021,0
2021100311_2368,2021,0
2021100311_2421,2021,0
2021100311_2569,2021,0
2021100311_2649,2021,0
2021100311_2695,2021,0
2021100311_2780,2021,0
2021100311_2900,2021,0
2021100311_2964,2021,0
2021100311_298,2021,0
2021100311_3023,2021,0
2021100311_3045,2021,0
2021100311_320,2021,0
2021100311_3309,2021,0
2021100311_3355,2021,0
2021100311_3419,2021,0
2021100311_3484,2021,0
2021100311_360,2021,0
2021100311_3906,2021,0
2021100311_3951,2021,0
2021100311_4033,2021,0
2021100311_405,2021,0
2021100311_466,2021,0
2021100311_641,2021,0
2021100311_686,2021,0
2021100311_795,2021,0
2021100312_1083,2021,0
2021100312_126,2021,0
2021100312_1307,2021,0
2021100312_1342,2021,0
2021100312_1395,2021,0
2021100312_1438,2021,0
2021100312_1522,2021,0
2021100312_1626,2021,0
2021100312_1665,2021,0
2021100312_1735,2021,0
2021100312_1757,2021,0
2021100312_1979,2021,0
2021100312_2113,2021,0
2021100312_216,2021,0
2021100312_2262,2021,0
2021100312_2286,2021,0
2021100312_2331,2021,0
2021100312_2353,2021,0
2021100312_2619,2021,0
2021100312_2680,2021,0
2021100312_2708,2021,0
2021100312_2769,2021,0
2021100312_2791,2021,0
2021100312_2860,2021,0
2021100312_290,2021,0
2021100312_2903,2021,0
2021100312_2993,2021,0
2021100312_3017,2021,0
2021100312_3058,2021,0
2021100312_3143,2021,0
2021100312_3189,2021,0
2021100312_3323,2021,0
2021100312_3362,2021,0
2021100312_3384,2021,0
2021100312_3442,2021,0
2021100312_3466,2021,0
2021100312_3488,2021,0
2021100312_3728,2021,0
2021100312_3865,2021,0
2021100312_3889,2021,0
2021100312_401,2021,0
2021100312_540,2021,0
2021100312_562,2021,0
2021100312_690,2021,0
2021100312_712,2021,0
2021100312_770,2021,0
2021100312_792,2021,0
2021100312_878,2021,0
2021100313_1036,2021,0
2021100313_1185,2021,0
2021100313_1295,2021,0
2021100313_1343,2021,0
2021100313_1475,2021,0
2021100313_1594,2021,0
2021100313_202,2021,0
2021100313_2135,2021,0
2021100313_2496,2021,0
2021100313_2541,2021,0
2021100313_2948,2021,0
2021100313_303,2021,0
2021100313_3110,2021,0
2021100313_3134,2021,0
2021100313_3158,2021,0
2021100313_3182,2021,0
2021100313_3367,2021,0
2021100313_3550,2021,0
2021100313_3572,2021,0
2021100313_3695,2021,0
2021100313_3719,2021,0
2021100313_3743,2021,0
2021100313_3822,2021,0
2021100313_399,2021,0
2021100313_4249,2021,0
2021100313_494,2021,0
2021100313_56,2021,0
2021100313_80,2021,0
2021100313_840,2021,0
2021100313_885,2021,0
2021100313_970,2021,0
2021100400_1077,2021,0
2021100400_1198,2021,0
2021100400_1222,2021,0
2021100400_1338,2021,0
2021100400_1362,2021,0
2021100400_1424,2021,0
2021100400_1446,2021,0
2021100400_1468,2021,0
2021100400_149,2021,0
2021100400_1522,2021,0
2021100400_1599,2021,0
2021100400_1650,2021,0
2021100400_1674,2021,0
2021100400_1891,2021,0
2021100400_196,2021,0
2021100400_1975,2021,0
2021100400_2023,2021,0
2021100400_2047,2021,0
2021100400_2278,2021,0
2021100400_2302,2021,0
2021100400_2386,2021,0
2021100400_2457,2021,0
2021100400_2524,2021,0
2021100400_262,2021,0
2021100400_2659,2021,0
2021100400_2747,2021,0
2021100400_2829,2021,0
2021100400_2858,2021,0
2021100400_2912,2021,0
2021100400_3047,2021,0
2021100400_3116,2021,0
2021100400_312,2021,0
2021100400_3231,2021,0
2021100400_3257,2021,0
2021100400_3337,2021,0
2021100400_3504,2021,0
2021100400_3711,2021,0
2021100400_3735,2021,0
2021100400_3757,2021,0
2021100400_3781,2021,0
2021100400_3805,2021,0
2021100400_485,2021,0
2021100400_532,2021,0
2021100400_644,2021,0
2021100400_666,2021,0
2021100400_81,2021,0
2021100400_841,2021,0
2021100400_964,2021,0
2021100700_1014,2021,0
2021100700_1036,2021,0
2021100700_1143,2021,0
2021100700_1336,2021,0
2021100700_1381,2021,0
2021100700_1405,2021,0
2021100700_1492,2021,0
2021100700_1649,2021,0
2021100700_1727,2021,0
2021100700_1775,2021,0
2021100700_1939,2021,0
2021100700_2051,2021,0
2021100700_2110,2021,0
2021100700_2139,2021,0
2021100700_2161,2021,0
2021100700_2185,2021,0
2021100700_2207,2021,0
2021100700_227,2021,0
2021100700_2353,2021,0
2021100700_2432,2021,0
2021100700_2466,2021,0
2021100700_2490,2021,0
2021100700_2617,2021,0
2021100700_2748,2021,0
2021100700_2906,2021,0
2021100700_2939,2021,0
2021100700_3029,2021,0
2021100700_3095,2021,0
2021100700_3206,2021,0
2021100700_3230,2021,0
2021100700_3373,2021,0
2021100700_3425,2021,0
2021100700_3447,2021,0
2021100700_3471,2021,0
2021100700_3562,2021,0
2021100700_3584,2021,0
2021100700_3606,2021,0
2021100700_372,2021,0
2021100700_3841,2021,0
2021100700_4003,2021,0
2021100700_4074,2021,0
2021100700_417,2021,0
2021100700_523,2021,0
2021100700_599,2021,0
2021100700_734,2021,0
2021100700_799,2021,0
2021100700_823,2021,0
2021100700_95,2021,0
2021100700_988,2021,0
2021101000_1112,2021,0
2021101000_1134,2021,0
2021101000_1190,2021,0
2021101000_121,2021,0
2021101000_1212,2021,0
2021101000_1238,2021,0
2021101000_1268,2021,0
2021101000_1374,2021,0
2021101000_1492,2021,0
2021101000_1516,2021,0
2021101000_1827,2021,0
2021101000_1872,2021,0
2021101000_1949,2021,0
2021101000_219,2021,0
2021101000_2283,2021,0
2021101000_2340,2021,0
2021101000_2402,2021,0
2021101000_2474,2021,0
2021101000_2648,2021,0
2021101000_2722,2021,0
2021101000_2837,2021,0
2021101000_2969,2021,0
2021101000_3035,2021,0
2021101000_3080,2021,0
2021101000_3120,2021,0
2021101000_3187,2021,0
2021101000_319,2021,0
2021101000_3211,2021,0
2021101000_3235,2021,0
2021101000_3270,2021,0
2021101000_3397,2021,0
2021101000_3442,2021,0
2021101000_3500,2021,0
2021101000_3545,2021,0
2021101000_364,2021,0
2021101000_3700,2021,0
2021101000_3765,2021,0
2021101000_3789,2021,0
2021101000_3814,2021,0
2021101000_3836,2021,0
2021101000_3860,2021,0
2021101000_3911,2021,0
2021101000_3952,2021,0
2021101000_486,2021,0
2021101000_55,2021,0
2021101000_715,2021,0
2021101000_739,2021,0
2021101000_828,2021,0
2021101000_888,2021,0
2021101000_982,2021,0
2021101001_1184,2021,0
2021101001_1229,2021,0
2021101001_1251,2021,0
2021101001_1313,2021,0
2021101001_1359,2021,0
2021101001_1429,2021,0
2021101001_1602,2021,0
2021101001_1679,2021,0
2021101001_1974,2021,0
2021101001_2019,2021,0
2021101001_206,2021,0
2021101001_2095,2021,0
2021101001_2135,2021,0
2021101001_2176,2021,0
2021101001_2209,2021,0
2021101001_2250,2021,0
2021101001_2330,2021,0
2021101001_2391,2021,0
2021101001_2415,2021,0
2021101001_2437,2021,0
2021101001_2660,2021,0
2021101001_2747,2021,0
2021101001_2773,2021,0
2021101001_2889,2021,0
2021101001_2934,2021,0
2021101001_2958,2021,0
2021101001_3095,2021,0
2021101001_311,2021,0
2021101001_3117,2021,0
2021101001_3316,2021,0
2021101001_3389,2021,0
2021101001_345,2021,0
2021101001_3597,2021,0
2021101001_3630,2021,0
2021101001_3707,2021,0
2021101001_3906,2021,0
2021101001_4003,2021,0
2021101001_4025,2021,0
2021101001_4070,2021,0
2021101001_4094,2021,0
2021101001_4116,2021,0
2021101001_539,2021,0
2021101001_62,2021,0
2021101001_735,2021,0
2021101001_806,2021,0
2021101001_828,2021,0
2021101001_973,2021,0
2021101002_1024,2021,0
2021101002_1112,2021,0
2021101002_1141,2021,0
2021101002_1315,2021,0
2021101002_1408,2021,0
2021101002_1437,2021,0
2021101002_1482,2021,0
2021101002_154,2021,0
2021101002_1575,2021,0
2021101002_1693,2021,0
2021101002_1717,2021,0
2021101002_1929,2021,0
2021101002_1957,2021,0
2021101002_2168,2021,0
2021101002_223,2021,0
2021101002_2273,2021,0
2021101002_2318,2021,0
2021101002_2340,2021,0
2021101002_2406,2021,0
2021101002_2452,2021,0
2021101002_247,2021,0
2021101002_2641,2021,0
2021101002_2866,2021,0
2021101002_2924,2021,0
2021101002_3011,2021,0
2021101002_3033,2021,0
2021101002_3227,2021,0
2021101002_3269,2021,0
2021101002_3331,2021,0
2021101002_3377,2021,0
2021101002_3401,2021,0
2021101002_341,2021,0
2021101002_367,2021,0
2021101002_422,2021,0
2021101002_506,2021,0
2021101002_567,2021,0
2021101002_589,2021,0
2021101002_656,2021,0
2021101002_680,2021,0
2021101002_704,2021,0
2021101002_728,2021,0
2021101002_896,2021,0
2021101002_920,2021,0
2021101003_1006,2021,0
2021101003_1051,2021,0
2021101003_1075,2021,0
2021101003_1459,2021,0
2021101003_1753,2021,0
2021101003_1777,2021,0
2021101003_1801,2021,0
2021101003_1829,2021,0
2021101003_1874,2021,0
2021101003_1896,2021,0
2021101003_1920,2021,0
2021101003_1966,2021,0
2021101003_2089,2021,0
2021101003_2229,2021,0
2021101003_2253,2021,0
2021101003_2523,2021,0
2021101003_2604,2021,0
2021101003_2679,2021,0
2021101003_2725,2021,0
2021101003_2972,2021,0
2021101003_3076,2021,0
2021101003_3184,2021,0
2021101003_3332,2021,0
2021101003_3420,2021,0
2021101003_3449,2021,0
2021101003_3525,2021,0
2021101003_3549,2021,0
2021101003_703,2021,0
2021101004_1059,2021,0
2021101004_1083,2021,0
2021101004_1233,2021,0
2021101004_1708,2021,0
2021101004_1794,2021,0
2021101004_1857,2021,0
2021101004_2552,2021,0
2021101004_2574,2021,0
2021101004_3129,2021,0
2021101004_3472,2021,0
2021101004_3515,2021,0
2021101004_3548,2021,0
2021101004_3885,2021,0
2021101004_391,2021,0
2021101004_3914,2021,0
2021101004_3956,2021,0
2021101004_436,2021,0
2021101004_479,2021,0
2021101004_503,2021,0
2021101004_538,2021,0
2021101004_727,2021,0
2021101004_77,2021,0
2021101004_99,2021,0
2021101005_101,2021,0
2021101005_1044,2021,0
2021101005_1106,2021,0
2021101005_1185,2021,0
2021101005_1256,2021,0
2021101005_1396,2021,0
2021101005_1420,2021,0
2021101005_1476,2021,0
2021101005_1532,2021,0
2021101005_1573,2021,0
2021101005_1669,2021,0
2021101005_167,2021,0
2021101005_1701,2021,0
2021101005_1723,2021,0
2021101005_1745,2021,0
2021101005_201,2021,0
2021101005_2132,2021,0
2021101005_2321,2021,0
2021101005_2434,2021,0
2021101005_2612,2021,0
2021101005_268,2021,0
2021101005_2746,2021,0
2021101005_2779,2021,0
2021101005_2910,2021,0
2021101005_2968,2021,0
2021101005_3029,2021,0
2021101005_3136,2021,0
2021101005_3194,2021,0
2021101005_3229,2021,0
2021101005_3253,2021,0
2021101005_330,2021,0
2021101005_3447,2021,0
2021101005_3489,2021,0
2021101005_3513,2021,0
2021101005_3542,2021,0
2021101005_3564,2021,0
2021101005_3890,2021,0
2021101005_3931,2021,0
2021101005_3972,2021,0
2021101005_402,2021,0
2021101005_445,2021,0
2021101005_495,2021,0
2021101005_519,2021,0
2021101005_575,2021,0
2021101005_716,2021,0
2021101005_918,2021,0
2021101006_115,2021,0
2021101006_1188,2021,0
2021101006_1480,2021,0
2021101006_1502,2021,0
2021101006_170,2021,0
2021101006_1703,2021,0
2021101006_1729,2021,0
2021101006_1774,2021,0
2021101006_1912,2021,0
2021101006_2076,2021,0
2021101006_2192,2021,0
2021101006_2328,2021,0
2021101006_2562,2021,0
2021101006_2631,2021,0
2021101006_2751,2021,0
2021101006_2864,2021,0
2021101006_2898,2021,0
2021101006_313,2021,0
2021101006_3297,2021,0
2021101006_3613,2021,0
2021101006_3639,2021,0
2021101006_3663,2021,0
2021101006_3704,2021,0
2021101006_3728,2021,0
2021101006_3752,2021,0
2021101006_3774,2021,0
2021101006_3798,2021,0
2021101006_425,2021,0
2021101006_653,2021,0
2021101006_878,2021,0
2021101006_900,2021,0
2021101006_992,2021,0
2021101007_106,2021,0
2021101007_1138,2021,0
2021101007_1183,2021,0
2021101007_1335,2021,0
2021101007_1359,2021,0
2021101007_1381,2021,0
2021101007_1434,2021,0
2021101007_1560,2021,0
2021101007_1589,2021,0
2021101007_1611,2021,0
2021101007_1657,2021,0
2021101007_1681,2021,0
2021101007_195,2021,0
2021101007_1994,2021,0
2021101007_2038,2021,0
2021101007_2330,2021,0
2021101007_2354,2021,0
2021101007_2395,2021,0
2021101007_2503,2021,0
2021101007_2575,2021,0
2021101007_2599,2021,0
2021101007_2623,2021,0
2021101007_2736,2021,0
2021101007_3096,2021,0
2021101007_3120,2021,0
2021101007_3239,2021,0
2021101007_3354,2021,0
2021101007_3383,2021,0
2021101007_3419,2021,0
2021101007_3544,2021,0
2021101007_3608,2021,0
2021101007_3630,2021,0
2021101007_418,2021,0
2021101007_470,2021,0
2021101007_600,2021,0
2021101007_669,2021,0
2021101007_767,2021,0
2021101007_77,2021,0
2021101007_791,2021,0
2021101007_864,2021,0
2021101007_957,2021,0
2021101008_1124,2021,0
2021101008_1165,2021,0
2021101008_1301,2021,0
2021101008_1330,2021,0
2021101008_1416,2021,0
2021101008_1512,2021,0
2021101008_155,2021,0
2021101008_1557,2021,0
2021101008_1617,2021,0
2021101008_1664,2021,0
2021101008_1686,2021,0
2021101008_1818,2021,0
2021101008_1840,2021,0
2021101008_186,2021,0
2021101008_2261,2021,0
2021101008_229,2021,0
2021101008_2394,2021,0
2021101008_2485,2021,0
2021101008_2514,2021,0
2021101008_2570,2021,0
2021101008_2600,2021,0
2021101008_2743,2021,0
2021101008_2809,2021,0
2021101008_3028,2021,0
2021101008_3131,2021,0
2021101008_327,2021,0
2021101008_3283,2021,0
2021101008_3305,2021,0
2021101008_3331,2021,0
2021101008_3376,2021,0
2021101008_3454,2021,0
2021101008_3487,2021,0
2021101008_3532,2021,0
2021101008_3573,2021,0
2021101008_3644,2021,0
2021101008_3770,2021,0
2021101008_3853,2021,0
2021101008_3923,2021,0
2021101008_3979,2021,0
2021101008_4008,2021,0
2021101008_458,2021,0
2021101008_840,2021,0
2021101008_85,2021,0
2021101008_899,2021,0
2021101009_105,2021,0
2021101009_1117,2021,0
2021101009_1180,2021,0
2021101009_1277,2021,0
2021101009_1301,2021,0
2021101009_1391,2021,0
2021101009_146,2021,0
2021101009_1615,2021,0
2021101009_1937,2021,0
2021101009_2034,2021,0
2021101009_2058,2021,0
2021101009_2208,2021,0
2021101009_2309,2021,0
2021101009_233,2021,0
2021101009_2409,2021,0
2021101009_2586,2021,0
2021101009_2689,2021,0
2021101009_2780,2021,0
2021101009_2823,2021,0
2021101009_2845,2021,0
2021101009_3000,2021,0
2021101009_3041,2021,0
2021101009_3096,2021,0
2021101009_3120,2021,0
2021101009_3183,2021,0
2021101009_3207,2021,0
2021101009_3277,2021,0
2021101009_3416,2021,0
2021101009_3525,2021,0
2021101009_3818,2021,0
2021101009_3901,2021,0
2021101009_4115,2021,0
2021101009_4427,2021,0
2021101009_4451,2021,0
2021101009_4496,2021,0
2021101009_4553,2021,0
2021101009_4597,2021,0
2021101009_495,2021,0
2021101009_519,2021,0
2021101009_569,2021,0
2021101009_666,2021,0
2021101009_810,2021,0
2021101009_900,2021,0
2021101010_1479,2021,0
2021101010_1552,2021,0
2021101010_1937,2021,0
2021101010_2130,2021,0
2021101010_2262,2021,0
2021101010_2284,2021,0
2021101010_2334,2021,0
2021101010_2484,2021,0
2021101010_2513,2021,0
2021101010_2577,2021,0
2021101010_2599,2021,0
2021101010_2668,2021,0
2021101010_282,2021,0
2021101010_2862,2021,0
2021101010_3298,2021,0
2021101010_3352,2021,0
2021101010_3406,2021,0
2021101010_3436,2021,0
2021101010_3640,2021,0
2021101010_3685,2021,0
2021101010_3909,2021,0
2021101010_3933,2021,0
2021101010_3957,2021,0
2021101010_835,2021,0
2021101010_874,2021,0
2021101010_943,2021,0
2021101011_1087,2021,0
2021101011_1235,2021,0
2021101011_1289,2021,0
2021101011_130,2021,0
2021101011_1501,2021,0
2021101011_1525,2021,0
2021101011_156,2021,0
2021101011_1625,2021,0
2021101011_1647,2021,0
2021101011_1858,2021,0
2021101011_1880,2021,0
2021101011_2069,2021,0
2021101011_2112,2021,0
2021101011_2141,2021,0
2021101011_222,2021,0
2021101011_2253,2021,0
2021101011_2355,2021,0
2021101011_2398,2021,0
2021101011_2460,2021,0
2021101011_2482,2021,0
2021101011_2565,2021,0
2021101011_2619,2021,0
2021101011_2817,2021,0
2021101011_2841,2021,0
2021101011_2903,2021,0
2021101011_2972,2021,0
2021101011_3124,2021,0
2021101011_3262,2021,0
2021101011_3423,2021,0
2021101011_3503,2021,0
2021101011_3527,2021,0
2021101011_3686,2021,0
2021101011_441,2021,0
2021101011_672,2021,0
2021101011_794,2021,0
2021101011_843,2021,0
2021101011_85,2021,0
2021101012_1157,2021,0
2021101012_130,2021,0
2021101012_1322,2021,0
2021101012_1455,2021,0
2021101012_1520,2021,0
2021101012_1611,2021,0
2021101012_1635,2021,0
2021101012_1778,2021,0
2021101012_1963,2021,0
2021101012_200,2021,0
2021101012_2048,2021,0
2021101012_2072,2021,0
2021101012_2096,2021,0
2021101012_2236,2021,0
2021101012_2492,2021,0
2021101012_2563,2021,0
2021101012_2743,2021,0
2021101012_2822,2021,0
2021101012_2961,2021,0
2021101012_3205,2021,0
2021101012_3379,2021,0
2021101012_344,2021,0
2021101012_3484,2021,0
2021101012_3636,2021,0
2021101012_3695,2021,0
2021101012_3757,2021,0
2021101012_3786,2021,0
2021101012_4089,2021,0
2021101012_428,2021,0
2021101012_4304,2021,0
2021101012_531,2021,0
2021101012_555,2021,0
2021101012_817,2021,0
2021101013_1068,2021,0
2021101013_1216,2021,0
2021101013_1240,2021,0
2021101013_137,2021,0
2021101013_1445,2021,0
2021101013_1512,2021,0
2021101013_1536,2021,0
2021101013_159,2021,0
2021101013_1738,2021,0
2021101013_1783,2021,0
2021101013_1805,2021,0
2021101013_1904,2021,0
2021101013_1938,2021,0
2021101013_1983,2021,0
2021101013_2126,2021,0
2021101013_213,2021,0
2021101013_2210,2021,0
2021101013_2318,2021,0
2021101013_2340,2021,0
2021101013_2403,2021,0
2021101013_256,2021,0
2021101013_2644,2021,0
2021101013_2668,2021,0
2021101013_2773,2021,0
2021101013_2818,2021,0
2021101013_2903,2021,0
2021101013_2987,2021,0
2021101013_3067,2021,0
2021101013_3089,2021,0
2021101013_3175,2021,0
2021101013_3220,2021,0
2021101013_3281,2021,0
2021101013_3429,2021,0
2021101013_3453,2021,0
2021101013_3477,2021,0
2021101013_3504,2021,0
2021101013_3537,2021,0
2021101013_3808,2021,0
2021101013_3958,2021,0
2021101013_4133,2021,0
2021101013_4155,2021,0
2021101013_4219,2021,0
2021101013_424,2021,0
2021101013_4291,2021,0
2021101013_666,2021,0
2021101013_933,2021,0
2021101100_114,2021,0
2021101100_1153,2021,0
2021101100_1394,2021,0
2021101100_1465,2021,0
2021101100_1516,2021,0
2021101100_1681,2021,0
2021101100_1716,2021,0
2021101100_1740,2021,0
2021101100_1762,2021,0
2021101100_1819,2021,0
2021101100_184,2021,0
2021101100_1887,2021,0
2021101100_2127,2021,0
2021101100_2172,2021,0
2021101100_2215,2021,0
2021101100_2284,2021,0
2021101100_2308,2021,0
2021101100_2343,2021,0
2021101100_2365,2021,0
2021101100_2422,2021,0
2021101100_2634,2021,0
2021101100_2720,2021,0
2021101100_2744,2021,0
2021101100_2813,2021,0
2021101100_291,2021,0
2021101100_2984,2021,0
2021101100_3034,2021,0
2021101100_3121,2021,0
2021101100_3148,2021,0
2021101100_3172,2021,0
2021101100_3196,2021,0
2021101100_3220,2021,0
2021101100_3336,2021,0
2021101100_336,2021,0
2021101100_3598,2021,0
2021101100_3620,2021,0
2021101100_3644,2021,0
2021101100_3668,2021,0
2021101100_3713,2021,0
2021101100_3735,2021,0
2021101100_3759,2021,0
2021101100_3896,2021,0
2021101100_3948,2021,0
2021101100_4016,2021,0
2021101100_4182,2021,0
2021101100_4236,2021,0
2021101100_4269,2021,0
2021101100_4314,2021,0
2021101100_484,2021,0
2021101100_574,2021,0
2021101100_62,2021,0
2021101100_965,2021,0
2021101400_100,2021,0
2021101400_1054,2021,0
2021101400_1171,2021,0
2021101400_1253,2021,0
2021101400_1425,2021,0
2021101400_1447,2021,0
2021101400_145,2021,0
2021101400_1516,2021,0
2021101400_169,2021,0
2021101400_1778,2021,0
2021101400_1879,2021,0
2021101400_1901,2021,0
2021101400_1923,2021,0
2021101400_2119,2021,0
2021101400_2217,2021,0
2021101400_2241,2021,0
2021101400_2312,2021,0
2021101400_2420,2021,0
2021101400_257,2021,0
2021101400_2578,2021,0
2021101400_2611,2021,0
2021101400_2797,2021,0
2021101400_2843,2021,0
2021101400_2951,2021,0
2021101400_3023,2021,0
2021101400_3045,2021,0
2021101400_3278,2021,0
2021101400_3302,2021,0
2021101400_3326,2021,0
2021101400_334,2021,0
2021101400_3390,2021,0
2021101400_419,2021,0
2021101400_441,2021,0
2021101400_500,2021,0
2021101400_627,2021,0
2021101400_651,2021,0
2021101400_675,2021,0
2021101400_686,2021,0
2021101400_76,2021,0
2021101400_836,2021,0
2021101400_938,2021,0
2021101400_962,2021,0
2021101700_1048,2021,0
2021101700_1077,2021,0
2021101700_1166,2021,0
2021101700_1337,2021,0
2021101700_1359,2021,0
2021101700_142,2021,0
2021101700_1592,2021,0
2021101700_1621,2021,0
2021101700_1693,2021,0
2021101700_1714,2021,0
2021101700_1765,2021,0
2021101700_1814,2021,0
2021101700_1853,2021,0
2021101700_1929,2021,0
2021101700_2008,2021,0
2021101700_2178,2021,0
2021101700_2275,2021,0
2021101700_2297,2021,0
2021101700_2326,2021,0
2021101700_2372,2021,0
2021101700_2467,2021,0
2021101700_2536,2021,0
2021101700_2560,2021,0
2021101700_259,2021,0
2021101700_2721,2021,0
2021101700_283,2021,0
2021101700_2904,2021,0
2021101700_2952,2021,0
2021101700_305,2021,0
2021101700_3056,2021,0
2021101700_3106,2021,0
2021101700_3151,2021,0
2021101700_3180,2021,0
2021101700_3206,2021,0
2021101700_3352,2021,0
2021101700_3479,2021,0
2021101700_3631,2021,0
2021101700_3700,2021,0
2021101700_3724,2021,0
2021101700_3815,2021,0
2021101700_3839,2021,0
2021101700_3951,2021,0
2021101700_3980,2021,0
2021101700_4025,2021,0
2021101700_4120,2021,0
2021101700_4176,2021,0
2021101700_4424,2021,0
2021101700_4498,2021,0
2021101700_499,2021,0
2021101700_544,2021,0
2021101700_632,2021,0
2021101700_695,2021,0
2021101700_874,2021,0
2021101700_95,2021,0
2021101701_1036,2021,0
2021101701_1104,2021,0
2021101701_1126,2021,0
2021101701_1184,2021,0
2021101701_1208,2021,0
2021101701_1230,2021,0
2021101701_1254,2021,0
2021101701_1276,2021,0
2021101701_1493,2021,0
2021101701_1517,2021,0
2021101701_161,2021,0
2021101701_1716,2021,0
2021101701_1822,2021,0
2021101701_2014,2021,0
2021101701_206,2021,0
2021101701_228,2021,0
2021101701_2338,2021,0
2021101701_2435,2021,0
2021101701_2457,2021,0
2021101701_2563,2021,0
2021101701_2631,2021,0
2021101701_2702,2021,0
2021101701_2747,2021,0
2021101701_2786,2021,0
2021101701_2923,2021,0
2021101701_2947,2021,0
2021101701_3032,2021,0
2021101701_3137,2021,0
2021101701_3172,2021,0
2021101701_3236,2021,0
2021101701_3326,2021,0
2021101701_336,2021,0
2021101701_3476,2021,0
2021101701_3500,2021,0
2021101701_379,2021,0
2021101701_403,2021,0
2021101701_459,2021,0
2021101701_642,2021,0
2021101701_713,2021,0
2021101701_807,2021,0
2021101701_914,2021,0
2021101702_1126,2021,0
2021101702_1224,2021,0
2021101702_123,2021,0
2021101702_173,2021,0
2021101702_1813,2021,0
2021101702_1869,2021,0
2021101702_1914,2021,0
2021101702_2108,2021,0
2021101702_2251,2021,0
2021101702_2292,2021,0
2021101702_2352,2021,0
2021101702_2393,2021,0
2021101702_2503,2021,0
2021101702_2601,2021,0
2021101702_2697,2021,0
2021101702_2869,2021,0
2021101702_2954,2021,0
2021101702_3130,2021,0
2021101702_3255,2021,0
2021101702_354,2021,0
2021101702_3902,2021,0
2021101702_3954,2021,0
2021101702_3976,2021,0
2021101702_4110,2021,0
2021101702_4134,2021,0
2021101702_4257,2021,0
2021101702_428,2021,0
2021101702_4412,2021,0
2021101702_4434,2021,0
2021101702_4477,2021,0
2021101702_4499,2021,0
2021101702_4523,2021,0
2021101702_4573,2021,0
2021101702_4624,2021,0
2021101702_4663,2021,0
2021101702_4746,2021,0
2021101702_5036,2021,0
2021101702_5087,2021,0
2021101702_5223,2021,0
2021101702_55,2021,0
2021101702_606,2021,0
2021101702_628,2021,0
2021101702_652,2021,0
2021101702_697,2021,0
2021101702_947,2021,0
2021101703_1208,2021,0
2021101703_1394,2021,0
2021101703_1612,2021,0
2021101703_1634,2021,0
2021101703_1872,2021,0
2021101703_1896,2021,0
2021101703_218,2021,0
2021101703_2306,2021,0
2021101703_2431,2021,0
2021101703_2485,2021,0
2021101703_2535,2021,0
2021101703_2656,2021,0
2021101703_2786,2021,0
2021101703_2810,2021,0
2021101703_2940,2021,0
2021101703_3059,2021,0
2021101703_3083,2021,0
2021101703_3189,2021,0
2021101703_3218,2021,0
2021101703_3403,2021,0
2021101703_343,2021,0
2021101703_3580,2021,0
2021101703_3669,2021,0
2021101703_393,2021,0
2021101703_422,2021,0
2021101703_451,2021,0
2021101703_627,2021,0
2021101703_802,2021,0
2021101703_841,2021,0
2021101703_993,2021,0
2021101704_1041,2021,0
2021101704_1138,2021,0
2021101704_1210,2021,0
2021101704_1264,2021,0
2021101704_1345,2021,0
2021101704_1369,2021,0
2021101704_1521,2021,0
2021101704_1613,2021,0
2021101704_162,2021,0
2021101704_1726,2021,0
2021101704_1843,2021,0
2021101704_1889,2021,0
2021101704_1913,2021,0
2021101704_1935,2021,0
2021101704_2029,2021,0
2021101704_2191,2021,0
2021101704_2327,2021,0
2021101704_2351,2021,0
2021101704_2440,2021,0
2021101704_252,2021,0
2021101704_2586,2021,0
2021101704_2631,2021,0
2021101704_2739,2021,0
2021101704_2787,2021,0
2021101704_2903,2021,0
2021101704_2948,2021,0
2021101704_3031,2021,0
2021101704_3111,2021,0
2021101704_3145,2021,0
2021101704_318,2021,0
2021101704_3190,2021,0
2021101704_3281,2021,0
2021101704_3350,2021,0
2021101704_3673,2021,0
2021101704_3697,2021,0
2021101704_3743,2021,0
2021101704_3767,2021,0
2021101704_3791,2021,0
2021101704_3813,2021,0
2021101704_3837,2021,0
2021101704_3861,2021,0
2021101704_3902,2021,0
2021101704_3928,2021,0
2021101704_3950,2021,0
2021101704_478,2021,0
2021101704_521,2021,0
2021101704_617,2021,0
2021101704_704,2021,0
2021101704_776,2021,0
2021101704_83,2021,0
2021101704_903,2021,0
2021101704_938,2021,0
2021101705_1079,2021,0
2021101705_111,2021,0
2021101705_1135,2021,0
2021101705_1180,2021,0
2021101705_1204,2021,0
2021101705_1401,2021,0
2021101705_1511,2021,0
2021101705_1563,2021,0
2021101705_1674,2021,0
2021101705_1757,2021,0
2021101705_182,2021,0
2021101705_1820,2021,0
2021101705_1849,2021,0
2021101705_2243,2021,0
2021101705_225,2021,0
2021101705_2290,2021,0
2021101705_2374,2021,0
2021101705_2396,2021,0
2021101705_2465,2021,0
2021101705_2673,2021,0
2021101705_2863,2021,0
2021101705_2947,2021,0
2021101705_3026,2021,0
2021101705_3077,2021,0
2021101705_3106,2021,0
2021101705_3233,2021,0
2021101705_3403,2021,0
2021101705_349,2021,0
2021101705_3533,2021,0
2021101705_3609,2021,0
2021101705_3631,2021,0
2021101705_3655,2021,0
2021101705_378,2021,0
2021101705_449,2021,0
2021101705_561,2021,0
2021101705_644,2021,0
2021101705_718,2021,0
2021101705_764,2021,0
2021101705_988,2021,0
2021101706_1094,2021,0
2021101706_123,2021,0
2021101706_1286,2021,0
2021101706_1394,2021,0
2021101706_152,2021,0
2021101706_1652,2021,0
2021101706_1695,2021,0
2021101706_1778,2021,0
2021101706_1861,2021,0
2021101706_2037,2021,0
2021101706_2082,2021,0
2021101706_2145,2021,0
2021101706_2293,2021,0
2021101706_2346,2021,0
2021101706_2436,2021,0
2021101706_2472,2021,0
2021101706_2513,2021,0
2021101706_259,2021,0
2021101706_2601,2021,0
2021101706_2743,2021,0
2021101706_2930,2021,0
2021101706_2975,2021,0
2021101706_3087,2021,0
2021101706_3139,2021,0
2021101706_3371,2021,0
2021101706_3412,2021,0
2021101706_3480,2021,0
2021101706_3502,2021,0
2021101706_3573,2021,0
2021101706_3606,2021,0
2021101706_3633,2021,0
2021101706_3672,2021,0
2021101706_3720,2021,0
2021101706_3744,2021,0
2021101706_3766,2021,0
2021101706_4114,2021,0
2021101706_4138,2021,0
2021101706_4162,2021,0
2021101706_4186,2021,0
2021101706_4227,2021,0
2021101706_4251,2021,0
2021101706_4275,2021,0
2021101706_4297,2021,0
2021101706_478,2021,0
2021101706_562,2021,0
2021101706_586,2021,0
2021101706_667,2021,0
2021101706_73,2021,0
2021101706_760,2021,0
2021101706_819,2021,0
2021101706_841,2021,0
2021101706_886,2021,0
2021101706_936,2021,0
2021101706_958,2021,0
2021101707_1019,2021,0
2021101707_1041,2021,0
2021101707_105,2021,0
2021101707_1063,2021,0
2021101707_1135,2021,0
2021101707_1277,2021,0
2021101707_1320,2021,0
2021101707_1405,2021,0
2021101707_1495,2021,0
2021101707_1536,2021,0
2021101707_1627,2021,0
2021101707_1649,2021,0
2021101707_166,2021,0
2021101707_1719,2021,0
2021101707_1741,2021,0
2021101707_1765,2021,0
2021101707_1789,2021,0
2021101707_1824,2021,0
2021101707_1853,2021,0
2021101707_190,2021,0
2021101707_1937,2021,0
2021101707_2013,2021,0
2021101707_2037,2021,0
2021101707_2066,2021,0
2021101707_2130,2021,0
2021101707_2152,2021,0
2021101707_2209,2021,0
2021101707_2362,2021,0
2021101707_2386,2021,0
2021101707_242,2021,0
2021101707_2466,2021,0
2021101707_2590,2021,0
2021101707_2714,2021,0
2021101707_2799,2021,0
2021101707_2882,2021,0
2021101707_2904,2021,0
2021101707_2938,2021,0
2021101707_306,2021,0
2021101707_3078,2021,0
2021101707_3488,2021,0
2021101707_3531,2021,0
2021101707_3555,2021,0
2021101707_3608,2021,0
2021101707_3770,2021,0
2021101707_3815,2021,0
2021101707_3877,2021,0
2021101707_3960,2021,0
2021101707_4039,2021,0
2021101707_4147,2021,0
2021101707_4171,2021,0
2021101707_470,2021,0
2021101707_520,2021,0
2021101707_615,2021,0
2021101707_637,2021,0
2021101707_661,2021,0
2021101707_809,2021,0
2021101707_833,2021,0
2021101708_102,2021,0
2021101708_1178,2021,0
2021101708_1367,2021,0
2021101708_1500,2021,0
2021101708_1545,2021,0
2021101708_1703,2021,0
2021101708_1835,2021,0
2021101708_198,2021,0
2021101708_2038,2021,0
2021101708_2319,2021,0
2021101708_2341,2021,0
2021101708_2365,2021,0
2021101708_2519,2021,0
2021101708_262,2021,0
2021101708_2737,2021,0
2021101708_2844,2021,0
2021101708_3027,2021,0
2021101708_3049,2021,0
2021101708_307,2021,0
2021101708_3094,2021,0
2021101708_3238,2021,0
2021101708_3260,2021,0
2021101708_3284,2021,0
2021101708_3308,2021,0
2021101708_3656,2021,0
2021101708_3756,2021,0
2021101708_3838,2021,0
2021101708_384,2021,0
2021101708_4059,2021,0
2021101708_4083,2021,0
2021101708_4122,2021,0
2021101708_500,2021,0
2021101708_56,2021,0
2021101708_824,2021,0
2021101708_869,2021,0
2021101708_902,2021,0
2021101709_1068,2021,0
2021101709_1332,2021,0
2021101709_1356,2021,0
2021101709_1422,2021,0
2021101709_1544,2021,0
2021101709_1590,2021,0
2021101709_1631,2021,0
2021101709_1655,2021,0
2021101709_1733,2021,0
2021101709_1757,2021,0
2021101709_1826,2021,0
2021101709_1886,2021,0
2021101709_1924,2021,0
2021101709_2016,2021,0
2021101709_2185,2021,0
2021101709_2263,2021,0
2021101709_2454,2021,0
2021101709_2756,2021,0
2021101709_2778,2021,0
2021101709_278,2021,0
2021101709_2823,2021,0
2021101709_2942,2021,0
2021101709_3091,2021,0
2021101709_3134,2021,0
2021101709_3179,2021,0
2021101709_3203,2021,0
2021101709_3248,2021,0
2021101709_3283,2021,0
2021101709_3305,2021,0
2021101709_3689,2021,0
2021101709_3739,2021,0
2021101709_374,2021,0
2021101709_3761,2021,0
2021101709_3906,2021,0
2021101709_3930,2021,0
2021101709_3954,2021,0
2021101709_398,2021,0
2021101709_4001,2021,0
2021101709_4063,2021,0
2021101709_4168,2021,0
2021101709_4233,2021,0
2021101709_4257,2021,0
2021101709_485,2021,0
2021101709_541,2021,0
2021101709_55,2021,0
2021101709_620,2021,0
2021101709_703,2021,0
2021101709_813,2021,0
2021101709_859,2021,0
2021101709_885,2021,0
2021101709_998,2021,0
2021101710_1146,2021,0
2021101710_118,2021,0
2021101710_1312,2021,0
2021101710_1604,2021,0
2021101710_1645,2021,0
2021101710_2113,2021,0
2021101710_2211,2021,0
2021101710_2400,2021,0
2021101710_2499,2021,0
2021101710_2540,2021,0
2021101710_2782,2021,0
2021101710_2919,2021,0
2021101710_3006,2021,0
2021101710_3167,2021,0
2021101710_3276,2021,0
2021101710_3319,2021,0
2021101710_3549,2021,0
2021101710_373,2021,0
2021101710_399,2021,0
2021101710_4092,2021,0
2021101710_4429,2021,0
2021101710_444,2021,0
2021101710_497,2021,0
2021101710_583,2021,0
2021101710_607,2021,0
2021101710_719,2021,0
2021101710_799,2021,0
2021101710_926,2021,0
2021101710_94,2021,0
2021101710_971,2021,0
2021101711_1032,2021,0
2021101711_1103,2021,0
2021101711_1229,2021,0
2021101711_1320,2021,0
2021101711_1428,2021,0
2021101711_1473,2021,0
2021101711_1529,2021,0
2021101711_1846,2021,0
2021101711_1868,2021,0
2021101711_1949,2021,0
2021101711_1978,2021,0
2021101711_2000,2021,0
2021101711_231,2021,0
2021101711_2436,2021,0
2021101711_2464,2021,0
2021101711_2555,2021,0
2021101711_2739,2021,0
2021101711_280,2021,0
2021101711_2879,2021,0
2021101711_2903,2021,0
2021101711_2985,2021,0
2021101711_328,2021,0
2021101711_3424,2021,0
2021101711_3472,2021,0
2021101711_3494,2021,0
2021101711_3653,2021,0
2021101711_378,2021,0
2021101711_3781,2021,0
2021101711_3814,2021,0
2021101711_3836,2021,0
2021101711_3917,2021,0
2021101711_3967,2021,0
2021101711_4008,2021,0
2021101711_4032,2021,0
2021101711_4056,2021,0
2021101711_4131,2021,0
2021101711_4327,2021,0
2021101711_4372,2021,0
2021101711_4485,2021,0
2021101711_471,2021,0
2021101711_493,2021,0
2021101711_517,2021,0
2021101711_594,2021,0
2021101711_660,2021,0
2021101711_747,2021,0
2021101711_792,2021,0
2021101711_921,2021,0
2021101800_1011,2021,0
2021101800_1368,2021,0
2021101800_1397,2021,0
2021101800_1421,2021,0
2021101800_1557,2021,0
2021101800_1590,2021,0
2021101800_1757,2021,0
2021101800_1902,2021,0
2021101800_1948,2021,0
2021101800_2010,2021,0
2021101800_2072,2021,0
2021101800_2117,2021,0
2021101800_2269,2021,0
2021101800_2322,2021,0
2021101800_2346,2021,0
2021101800_2412,2021,0
2021101800_2486,2021,0
2021101800_2531,2021,0
2021101800_2620,2021,0
2021101800_275,2021,0
2021101800_2901,2021,0
2021101800_2925,2021,0
2021101800_2954,2021,0
2021101800_2976,2021,0
2021101800_3207,2021,0
2021101800_3337,2021,0
2021101800_3361,2021,0
2021101800_3419,2021,0
2021101800_3524,2021,0
2021101800_3550,2021,0
2021101800_3612,2021,0
2021101800_3636,2021,0
2021101800_3705,2021,0
2021101800_3825,2021,0
2021101800_3849,2021,0
2021101800_3890,2021,0
2021101800_3914,2021,0
2021101800_691,2021,0
2021101800_73,2021,0
2021101800_807,2021,0
2021101800_897,2021,0
2021101800_923,2021,0
2021101800_987,2021,0
2021102100_1048,2021,0
2021102100_1070,2021,0
2021102100_1205,2021,0
2021102100_1383,2021,0
2021102100_1439,2021,0
2021102100_1673,2021,0
2021102100_1695,2021,0
2021102100_1794,2021,0
2021102100_1820,2021,0
2021102100_1871,2021,0
2021102100_1966,2021,0
2021102100_2011,2021,0
2021102100_2035,2021,0
2021102100_2106,2021,0
2021102100_2130,2021,0
2021102100_2175,2021,0
2021102100_2199,2021,0
2021102100_2357,2021,0
2021102100_2405,2021,0
2021102100_2450,2021,0
2021102100_2484,2021,0
2021102100_267,2021,0
2021102100_2755,2021,0
2021102100_3103,2021,0
2021102100_3125,2021,0
2021102100_3182,2021,0
2021102100_3233,2021,0
2021102100_3304,2021,0
2021102100_3329,2021,0
2021102100_3370,2021,0
2021102100_3394,2021,0
2021102100_3438,2021,0
2021102100_3539,2021,0
2021102100_401,2021,0
2021102100_486,2021,0
2021102100_535,2021,0
2021102100_56,2021,0
2021102100_631,2021,0
2021102100_890,2021,0
2021102400_1305,2021,0
2021102400_1420,2021,0
2021102400_1484,2021,0
2021102400_1708,2021,0
2021102400_1732,2021,0
2021102400_1849,2021,0
2021102400_2055,2021,0
2021102400_2079,2021,0
2021102400_2179,2021,0
2021102400_2273,2021,0
2021102400_2297,2021,0
2021102400_2690,2021,0
2021102400_2760,2021,0
2021102400_2810,2021,0
2021102400_2872,2021,0
2021102400_2979,2021,0
2021102400_299,2021,0
2021102400_3070,2021,0
2021102400_3152,2021,0
2021102400_3220,2021,0
2021102400_3368,2021,0
2021102400_3392,2021,0
2021102400_3414,2021,0
2021102400_342,2021,0
2021102400_3526,2021,0
2021102400_3649,2021,0
2021102400_3683,2021,0
2021102400_3705,2021,0
2021102400_3843,2021,0
2021102400_3873,2021,0
2021102400_3897,2021,0
2021102400_3925,2021,0
2021102400_3949,2021,0
2021102400_3971,2021,0
2021102400_3993,2021,0
2021102400_4015,2021,0
2021102400_540,2021,0
2021102400_56,2021,0
2021102400_641,2021,0
2021102400_78,2021,0
2021102400_851,2021,0
2021102400_875,2021,0
2021102400_924,2021,0
2021102401_1007,2021,0
2021102401_1140,2021,0
2021102401_124,2021,0
2021102401_1312,2021,0
2021102401_1383,2021,0
2021102401_1513,2021,0
2021102401_1899,2021,0
2021102401_1955,2021,0
2021102401_1984,2021,0
2021102401_2029,2021,0
2021102401_2074,2021,0
2021102401_2381,2021,0
2021102401_2403,2021,0
2021102401_2744,2021,0
2021102401_2837,2021,0
2021102401_2861,2021,0
2021102401_2989,2021,0
2021102401_300,2021,0
2021102401_3074,2021,0
2021102401_3098,2021,0
2021102401_3178,2021,0
2021102401_324,2021,0
2021102401_3245,2021,0
2021102401_3371,2021,0
2021102401_3432,2021,0
2021102401_3504,2021,0
2021102401_3743,2021,0
2021102401_3788,2021,0
2021102401_3839,2021,0
2021102401_3861,2021,0
2021102401_3951,2021,0
2021102401_425,2021,0
2021102401_538,2021,0
2021102401_55,2021,0
2021102401_827,2021,0
2021102401_914,2021,0
2021102401_959,2021,0
2021102401_983,2021,0
2021102402_1000,2021,0
2021102402_1145,2021,0
2021102402_1191,2021,0
2021102402_1215,2021,0
2021102402_1260,2021,0
2021102402_1511,2021,0
2021102402_1601,2021,0
2021102402_1646,2021,0
2021102402_1713,2021,0
2021102402_1754,2021,0
2021102402_1795,2021,0
2021102402_1824,2021,0
2021102402_2002,2021,0
2021102402_2140,2021,0
2021102402_2237,2021,0
2021102402_2259,2021,0
2021102402_2308,2021,0
2021102402_2375,2021,0
2021102402_2425,2021,0
2021102402_263,2021,0
2021102402_2707,2021,0
2021102402_2811,2021,0
2021102402_3034,2021,0
2021102402_3191,2021,0
2021102402_3220,2021,0
2021102402_3244,2021,0
2021102402_3289,2021,0
2021102402_3344,2021,0
2021102402_3512,2021,0
2021102402_3689,2021,0
2021102402_3842,2021,0
2021102402_3870,2021,0
2021102402_3993,2021,0
2021102402_459,2021,0
2021102402_535,2021,0
2021102402_557,2021,0
2021102402_581,2021,0
2021102402_624,2021,0
2021102402_648,2021,0
2021102402_741,2021,0
2021102402_852,2021,0
2021102402_910,2021,0
2021102403_1090,2021,0
2021102403_1141,2021,0
2021102403_1369,2021,0
2021102403_1436,2021,0
2021102403_1573,2021,0
2021102403_1712,2021,0
2021102403_1741,2021,0
2021102403_1791,2021,0
2021102403_1874,2021,0
2021102403_1898,2021,0
2021102403_1920,2021,0
2021102403_2074,2021,0
2021102403_2271,2021,0
2021102403_2357,2021,0
2021102403_2453,2021,0
2021102403_2598,2021,0
2021102403_2679,2021,0
2021102403_2839,2021,0
2021102403_2863,2021,0
2021102403_2909,2021,0
2021102403_2959,2021,0
2021102403_3125,2021,0
2021102403_3308,2021,0
2021102403_3332,2021,0
2021102403_351,2021,0
2021102403_3525,2021,0
2021102403_3559,2021,0
2021102403_3653,2021,0
2021102403_3777,2021,0
2021102403_3822,2021,0
2021102403_3868,2021,0
2021102403_4198,2021,0
2021102403_4222,2021,0
2021102403_515,2021,0
2021102403_559,2021,0
2021102403_797,2021,0
2021102403_94,2021,0
2021102403_948,2021,0
2021102403_970,2021,0
2021102404_108,2021,0
2021102404_1170,2021,0
2021102404_1278,2021,0
2021102404_1325,2021,0
2021102404_1370,2021,0
2021102404_1415,2021,0
2021102404_1515,2021,0
2021102404_1560,2021,0
2021102404_1584,2021,0
2021102404_1653,2021,0
2021102404_1731,2021,0
2021102404_1799,2021,0
2021102404_1823,2021,0
2021102404_2071,2021,0
2021102404_2095,2021,0
2021102404_2208,2021,0
2021102404_2321,2021,0
2021102404_2345,2021,0
2021102404_242,2021,0
2021102404_2470,2021,0
2021102404_2557,2021,0
2021102404_2602,2021,0
2021102404_2652,2021,0
2021102404_266,2021,0
2021102404_2705,2021,0
2021102404_2980,2021,0
2021102404_3102,2021,0
2021102404_3147,2021,0
2021102404_3173,2021,0
2021102404_328,2021,0
2021102404_3309,2021,0
2021102404_3344,2021,0
2021102404_3431,2021,0
2021102404_3529,2021,0
2021102404_3617,2021,0
2021102404_3694,2021,0
2021102404_3716,2021,0
2021102404_3856,2021,0
2021102404_3880,2021,0
2021102404_3902,2021,0
2021102404_3924,2021,0
2021102404_3967,2021,0
2021102404_3996,2021,0
2021102404_4018,2021,0
2021102404_4040,2021,0
2021102404_573,2021,0
2021102404_597,2021,0
2021102404_650,2021,0
2021102404_964,2021,0
2021102404_986,2021,0
2021102405_1050,2021,0
2021102405_1182,2021,0
2021102405_1333,2021,0
2021102405_1380,2021,0
2021102405_1404,2021,0
2021102405_1479,2021,0
2021102405_1625,2021,0
2021102405_1665,2021,0
2021102405_1801,2021,0
2021102405_1850,2021,0
2021102405_2070,2021,0
2021102405_2191,2021,0
2021102405_2215,2021,0
2021102405_2271,2021,0
2021102405_2391,2021,0
2021102405_2507,2021,0
2021102405_2531,2021,0
2021102405_2647,2021,0
2021102405_2697,2021,0
2021102405_2732,2021,0
2021102405_2754,2021,0
2021102405_2778,2021,0
2021102405_2881,2021,0
2021102405_3068,2021,0
2021102405_3090,2021,0
2021102405_3138,2021,0
2021102405_3162,2021,0
2021102405_3186,2021,0
2021102405_3210,2021,0
2021102405_3258,2021,0
2021102405_3312,2021,0
2021102405_3334,2021,0
2021102405_3421,2021,0
2021102405_360,2021,0
2021102405_3666,2021,0
2021102405_3690,2021,0
2021102405_3714,2021,0
2021102405_3736,2021,0
2021102405_3806,2021,0
2021102405_3845,2021,0
2021102405_389,2021,0
2021102405_3922,2021,0
2021102405_3996,2021,0
2021102405_4077,2021,0
2021102405_4123,2021,0
2021102405_4177,2021,0
2021102405_4201,2021,0
2021102405_457,2021,0
2021102405_661,2021,0
2021102405_903,2021,0
2021102405_965,2021,0
2021102406_1094,2021,0
2021102406_1140,2021,0
2021102406_1194,2021,0
2021102406_120,2021,0
2021102406_1239,2021,0
2021102406_1433,2021,0
2021102406_1587,2021,0
2021102406_1783,2021,0
2021102406_1997,2021,0
2021102406_2021,2021,0
2021102406_2062,2021,0
2021102406_2143,2021,0
2021102406_2165,2021,0
2021102406_2326,2021,0
2021102406_2359,2021,0
2021102406_2383,2021,0
2021102406_2412,2021,0
2021102406_2537,2021,0
2021102406_2679,2021,0
2021102406_2724,2021,0
2021102406_2790,2021,0
2021102406_2814,2021,0
2021102406_2931,2021,0
2021102406_3025,2021,0
2021102406_3075,2021,0
2021102406_3108,2021,0
2021102406_3187,2021,0
2021102406_325,2021,0
2021102406_3316,2021,0
2021102406_3350,2021,0
2021102406_3383,2021,0
2021102406_3462,2021,0
2021102406_3507,2021,0
2021102406_3553,2021,0
2021102406_3577,2021,0
2021102406_3659,2021,0
2021102406_3688,2021,0
2021102406_3792,2021,0
2021102406_4180,2021,0
2021102406_4226,2021,0
2021102406_4255,2021,0
2021102406_460,2021,0
2021102406_523,2021,0
2021102406_573,2021,0
2021102406_652,2021,0
2021102406_681,2021,0
2021102406_705,2021,0
2021102406_740,2021,0
2021102406_825,2021,0
2021102406_96,2021,0
2021102406_990,2021,0
2021102407_1177,2021,0
2021102407_1304,2021,0
2021102407_136,2021,0
2021102407_1448,2021,0
2021102407_1489,2021,0
2021102407_1644,2021,0
2021102407_1706,2021,0
2021102407_1730,2021,0
2021102407_1771,2021,0
2021102407_1795,2021,0
2021102407_1967,2021,0
2021102407_1991,2021,0
2021102407_2227,2021,0
2021102407_223,2021,0
2021102407_2288,2021,0
2021102407_2339,2021,0
2021102407_2482,2021,0
2021102407_2570,2021,0
2021102407_2592,2021,0
2021102407_2614,2021,0
2021102407_2890,2021,0
2021102407_3074,2021,0
2021102407_3161,2021,0
2021102407_319,2021,0
2021102407_3279,2021,0
2021102407_3301,2021,0
2021102407_3325,2021,0
2021102407_3354,2021,0
2021102407_3376,2021,0
2021102407_3421,2021,0
2021102407_3443,2021,0
2021102407_3467,2021,0
2021102407_3491,2021,0
2021102407_3513,2021,0
2021102407_3535,2021,0
2021102407_3719,2021,0
2021102407_3760,2021,0
2021102407_3784,2021,0
2021102407_3806,2021,0
2021102407_3830,2021,0
2021102407_3852,2021,0
2021102407_3900,2021,0
2021102407_427,2021,0
2021102407_462,2021,0
2021102407_510,2021,0
2021102407_545,2021,0
2021102407_61,2021,0
2021102407_617,2021,0
2021102407_728,2021,0
2021102407_801,2021,0
2021102407_825,2021,0
2021102407_868,2021,0
2021102407_979,2021,0
2021102408_1083,2021,0
2021102408_1105,2021,0
2021102408_1385,2021,0
2021102408_1521,2021,0
2021102408_1566,2021,0
2021102408_1749,2021,0
2021102408_1848,2021,0
2021102408_199,2021,0
2021102408_2075,2021,0
2021102408_2172,2021,0
2021102408_2215,2021,0
2021102408_223,2021,0
2021102408_2260,2021,0
2021102408_2293,2021,0
2021102408_2317,2021,0
2021102408_2406,2021,0
2021102408_2451,2021,0
2021102408_2496,2021,0
2021102408_2520,2021,0
2021102408_2576,2021,0
2021102408_2621,2021,0
2021102408_2683,2021,0
2021102408_2781,2021,0
2021102408_2831,2021,0
2021102408_2855,2021,0
2021102408_2969,2021,0
2021102408_3037,2021,0
2021102408_3313,2021,0
2021102408_3358,2021,0
2021102408_3585,2021,0
2021102408_3626,2021,0
2021102408_3698,2021,0
2021102408_3720,2021,0
2021102408_3744,2021,0
2021102408_439,2021,0
2021102408_484,2021,0
2021102408_679,2021,0
2021102408_761,2021,0
2021102408_785,2021,0
2021102408_85,2021,0
2021102408_900,2021,0
2021102408_922,2021,0
2021102408_967,2021,0
2021102409_1035,2021,0
2021102409_104,2021,0
2021102409_1064,2021,0
2021102409_1154,2021,0
2021102409_1266,2021,0
2021102409_1290,2021,0
2021102409_1365,2021,0
2021102409_158,2021,0
2021102409_1757,2021,0
2021102409_1882,2021,0
2021102409_1932,2021,0
2021102409_2016,2021,0
2021102409_2038,2021,0
2021102409_2423,2021,0
2021102409_2515,2021,0
2021102409_2627,2021,0
2021102409_2656,2021,0
2021102409_2804,2021,0
2021102409_2851,2021,0
2021102409_3205,2021,0
2021102409_3269,2021,0
2021102409_330,2021,0
2021102409_3413,2021,0
2021102409_3458,2021,0
2021102409_3507,2021,0
2021102409_3701,2021,0
2021102409_3908,2021,0
2021102409_3956,2021,0
2021102409_3997,2021,0
2021102409_403,2021,0
2021102409_498,2021,0
2021102409_520,2021,0
2021102409_551,2021,0
2021102409_769,2021,0
2021102409_843,2021,0
2021102410_1127,2021,0
2021102410_141,2021,0
2021102410_1524,2021,0
2021102410_1635,2021,0
2021102410_2126,2021,0
2021102410_2368,2021,0
2021102410_2485,2021,0
2021102410_2561,2021,0
2021102410_2596,2021,0
2021102410_2719,2021,0
2021102410_2754,2021,0
2021102410_2811,2021,0
2021102410_3041,2021,0
2021102410_3080,2021,0
2021102410_3108,2021,0
2021102410_3226,2021,0
2021102410_3287,2021,0
2021102410_3374,2021,0
2021102410_3434,2021,0
2021102410_3520,2021,0
2021102410_3548,2021,0
2021102410_371,2021,0
2021102410_3714,2021,0
2021102410_3781,2021,0
2021102410_3805,2021,0
2021102410_3882,2021,0
2021102410_477,2021,0
2021102410_503,2021,0
2021102410_62,2021,0
2021102410_679,2021,0
2021102410_810,2021,0
2021102410_854,2021,0
2021102410_995,2021,0
2021102500_1024,2021,0
2021102500_1069,2021,0
2021102500_1104,2021,0
2021102500_1240,2021,0
2021102500_1264,2021,0
2021102500_1347,2021,0
2021102500_1562,2021,0
2021102500_1597,2021,0
2021102500_1619,2021,0
2021102500_1701,2021,0
2021102500_1792,2021,0
2021102500_1855,2021,0
2021102500_1900,2021,0
2021102500_1924,2021,0
2021102500_1953,2021,0
2021102500_2047,2021,0
2021102500_210,2021,0
2021102500_2214,2021,0
2021102500_2243,2021,0
2021102500_2293,2021,0
2021102500_2348,2021,0
2021102500_253,2021,0
2021102500_2553,2021,0
2021102500_2625,2021,0
2021102500_2835,2021,0
2021102500_3099,2021,0
2021102500_326,2021,0
2021102500_3305,2021,0
2021102500_3350,2021,0
2021102500_3395,2021,0
2021102500_3484,2021,0
2021102500_3536,2021,0
2021102500_3735,2021,0
2021102500_3904,2021,0
2021102500_450,2021,0
2021102500_474,2021,0
2021102500_598,2021,0
2021102500_694,2021,0
2021102500_933,2021,0
2021102800_1133,2021,0
2021102800_1595,2021,0
2021102800_1651,2021,0
2021102800_1735,2021,0
2021102800_1860,2021,0
2021102800_2269,2021,0
2021102800_2319,2021,0
2021102800_2367,2021,0
2021102800_2389,2021,0
2021102800_2413,2021,0
2021102800_2506,2021,0
2021102800_2641,2021,0
2021102800_271,2021,0
2021102800_2755,2021,0
2021102800_2953,2021,0
2021102800_3052,2021,0
2021102800_3074,2021,0
2021102800_3096,2021,0
2021102800_3125,2021,0
2021102800_3202,2021,0
2021102800_3298,2021,0
2021102800_334,2021,0
2021102800_3346,2021,0
2021102800_368,2021,0
2021102800_3773,2021,0
2021102800_3797,2021,0
2021102800_3862,2021,0
2021102800_471,2021,0
2021102800_495,2021,0
2021102800_784,2021,0
2021102800_850,2021,0
2021102800_874,2021,0
2021102800_917,2021,0
2021103100_1032,2021,0
2021103100_1151,2021,0
2021103100_1307,2021,0
2021103100_132,2021,0
2021103100_1352,2021,0
2021103100_1550,2021,0
2021103100_1602,2021,0
2021103100_1700,2021,0
2021103100_1879,2021,0
2021103100_1908,2021,0
2021103100_2051,2021,0
2021103100_2096,2021,0
2021103100_2263,2021,0
2021103100_230,2021,0
2021103100_2374,2021,0
2021103100_2573,2021,0
2021103100_2602,2021,0
2021103100_2685,2021,0
2021103100_2959,2021,0
2021103100_3424,2021,0
2021103100_3448,2021,0
2021103100_3472,2021,0
2021103100_3539,2021,0
2021103100_3745,2021,0
2021103100_3769,2021,0
2021103100_422,2021,0
2021103100_587,2021,0
2021103100_637,2021,0
2021103100_722,2021,0
2021103100_744,2021,0
2021103100_798,2021,0
2021103100_843,2021,0
2021103100_923,2021,0
2021103100_947,2021,0
2021103101_1251,2021,0
2021103101_1299,2021,0
2021103101_1368,2021,0
2021103101_1435,2021,0
2021103101_1485,2021,0
2021103101_1530,2021,0
2021103101_1695,2021,0
2021103101_1834,2021,0
2021103101_184,2021,0
2021103101_210,2021,0
2021103101_2222,2021,0
2021103101_2330,2021,0
2021103101_2352,2021,0
2021103101_2501,2021,0
2021103101_255,2021,0
2021103101_2551,2021,0
2021103101_2616,2021,0
2021103101_2908,2021,0
2021103101_3350,2021,0
2021103101_338,2021,0
2021103101_3496,2021,0
2021103101_3520,2021,0
2021103101_3808,2021,0
2021103101_405,2021,0
2021103101_4284,2021,0
2021103101_4335,2021,0
2021103101_535,2021,0
2021103101_62,2021,0
2021103101_737,2021,0
2021103101_759,2021,0
2021103101_799,2021,0
2021103101_962,2021,0
2021103102_1200,2021,0
2021103102_1245,2021,0
2021103102_1716,2021,0
2021103102_1852,2021,0
2021103102_1934,2021,0
2021103102_2143,2021,0
2021103102_2186,2021,0
2021103102_2231,2021,0
2021103102_241,2021,0
2021103102_2757,2021,0
2021103102_2890,2021,0
2021103102_295,2021,0
2021103102_2954,2021,0
2021103102_3005,2021,0
2021103102_3256,2021,0
2021103102_3280,2021,0
2021103102_3323,2021,0
2021103102_3414,2021,0
2021103102_3480,2021,0
2021103102_3597,2021,0
2021103102_3651,2021,0
2021103102_3962,2021,0
2021103102_398,2021,0
2021103102_475,2021,0
2021103102_555,2021,0
2021103102_657,2021,0
2021103102_702,2021,0
2021103102_84,2021,0
2021103102_870,2021,0
2021103102_894,2021,0
2021103103_1010,2021,0
2021103103_105,2021,0
2021103103_1119,2021,0
2021103103_1233,2021,0
2021103103_1255,2021,0
2021103103_1313,2021,0
2021103103_1456,2021,0
2021103103_1641,2021,0
2021103103_1665,2021,0
2021103103_193,2021,0
2021103103_1955,2021,0
2021103103_217,2021,0
2021103103_2179,2021,0
2021103103_2201,2021,0
2021103103_2329,2021,0
2021103103_2353,2021,0
2021103103_2580,2021,0
2021103103_262,2021,0
2021103103_2630,2021,0
2021103103_2652,2021,0
2021103103_2742,2021,0
2021103103_2921,2021,0
2021103103_2955,2021,0
2021103103_3050,2021,0
2021103103_3100,2021,0
2021103103_3270,2021,0
2021103103_3476,2021,0
2021103103_3566,2021,0
2021103103_3636,2021,0
2021103103_3847,2021,0
2021103103_3876,2021,0
2021103103_3915,2021,0
2021103103_3948,2021,0
2021103103_4014,2021,0
2021103103_460,2021,0
2021103103_503,2021,0
2021103103_538,2021,0
2021103103_55,2021,0
2021103103_899,2021,0
2021103103_944,2021,0
2021103104_1167,2021,0
2021103104_1212,2021,0
2021103104_1372,2021,0
2021103104_1491,2021,0
2021103104_1661,2021,0
2021103104_169,2021,0
2021103104_1690,2021,0
2021103104_1725,2021,0
2021103104_1765,2021,0
2021103104_1791,2021,0
2021103104_1858,2021,0
2021103104_2033,2021,0
2021103104_2108,2021,0
2021103104_2174,2021,0
2021103104_2325,2021,0
2021103104_2399,2021,0
2021103104_2455,2021,0
2021103104_2509,2021,0
2021103104_268,2021,0
2021103104_2755,2021,0
2021103104_2827,2021,0
2021103104_2903,2021,0
2021103104_292,2021,0
2021103104_2927,2021,0
2021103104_3157,2021,0
2021103104_3181,2021,0
2021103104_3205,2021,0
2021103104_3229,2021,0
2021103104_3253,2021,0
2021103104_3275,2021,0
2021103104_3737,2021,0
2021103104_62,2021,0
2021103104_972,2021,0
2021103105_1032,2021,0
2021103105_1122,2021,0
2021103105_1156,2021,0
2021103105_1233,2021,0
2021103105_1267,2021,0
2021103105_1366,2021,0
2021103105_1399,2021,0
2021103105_1455,2021,0
2021103105_1513,2021,0
2021103105_166,2021,0
2021103105_1842,2021,0
2021103105_1864,2021,0
2021103105_188,2021,0
2021103105_1905,2021,0
2021103105_1976,2021,0
2021103105_2077,2021,0
2021103105_212,2021,0
2021103105_2309,2021,0
2021103105_2438,2021,0
2021103105_2596,2021,0
2021103105_2693,2021,0
2021103105_292,2021,0
2021103105_2931,2021,0
2021103105_2955,2021,0
2021103105_3102,2021,0
2021103105_3126,2021,0
2021103105_3214,2021,0
2021103105_3259,2021,0
2021103105_3288,2021,0
2021103105_3467,2021,0
2021103105_3512,2021,0
2021103105_3536,2021,0
2021103105_3593,2021,0
2021103105_3617,2021,0
2021103105_3686,2021,0
2021103105_3708,2021,0
2021103105_391,2021,0
2021103105_3972,2021,0
2021103105_3996,2021,0
2021103105_4020,2021,0
2021103105_4042,2021,0
2021103105_4066,2021,0
2021103105_4090,2021,0
2021103105_4114,2021,0
2021103105_597,2021,0
2021103105_626,2021,0
2021103105_76,2021,0
2021103105_930,2021,0
2021103105_965,2021,0
2021103105_986,2021,0
2021103106_1182,2021,0
2021103106_1207,2021,0
2021103106_1333,2021,0
2021103106_1394,2021,0
2021103106_1479,2021,0
2021103106_1641,2021,0
2021103106_1727,2021,0
2021103106_1773,2021,0
2021103106_1847,2021,0
2021103106_2199,2021,0
2021103106_2268,2021,0
2021103106_2290,2021,0
2021103106_2369,2021,0
2021103106_2518,2021,0
2021103106_2540,2021,0
2021103106_2622,2021,0
2021103106_2665,2021,0
2021103106_2799,2021,0
2021103106_2844,2021,0
2021103106_2954,2021,0
2021103106_3069,2021,0
2021103106_3091,2021,0
2021103106_3203,2021,0
2021103106_3261,2021,0
2021103106_3305,2021,0
2021103106_3370,2021,0
2021103106_3445,2021,0
2021103106_3617,2021,0
2021103106_3639,2021,0
2021103106_3691,2021,0
2021103106_4052,2021,0
2021103106_4076,2021,0
2021103106_4131,2021,0
2021103106_4166,2021,0
2021103106_4207,2021,0
2021103106_4229,2021,0
2021103106_434,2021,0
2021103106_4456,2021,0
2021103106_4478,2021,0
2021103106_4518,2021,0
2021103106_4561,2021,0
2021103106_4603,2021,0
2021103106_4625,2021,0
2021103106_4670,2021,0
2021103106_62,2021,0
2021103106_673,2021,0
2021103106_697,2021,0
2021103106_719,2021,0
2021103106_765,2021,0
2021103106_808,2021,0
2021103106_86,2021,0
2021103106_862,2021,0
2021103106_950,2021,0
2021103107_1013,2021,0
2021103107_1101,2021,0
2021103107_114,2021,0
2021103107_1146,2021,0
2021103107_1311,2021,0
2021103107_1354,2021,0
2021103107_138,2021,0
2021103107_1397,2021,0
2021103107_1470,2021,0
2021103107_1531,2021,0
2021103107_162,2021,0
2021103107_1686,2021,0
2021103107_1905,2021,0
2021103107_1929,2021,0
2021103107_2003,2021,0
2021103107_2323,2021,0
2021103107_2347,2021,0
2021103107_2397,2021,0
2021103107_2575,2021,0
2021103107_2620,2021,0
2021103107_2733,2021,0
2021103107_2865,2021,0
2021103107_2970,2021,0
2021103107_3015,2021,0
2021103107_3039,2021,0
2021103107_3220,2021,0
2021103107_3242,2021,0
2021103107_3332,2021,0
2021103107_3354,2021,0
2021103107_3445,2021,0
2021103107_3508,2021,0
2021103107_3554,2021,0
2021103107_3578,2021,0
2021103107_3611,2021,0
2021103107_3635,2021,0
2021103107_3659,2021,0
2021103107_3735,2021,0
2021103107_3869,2021,0
2021103107_399,2021,0
2021103107_4007,2021,0
2021103107_4200,2021,0
2021103107_421,2021,0
2021103107_488,2021,0
2021103107_554,2021,0
2021103107_595,2021,0
2021103107_787,2021,0
2021103107_79,2021,0
2021103108_1156,2021,0
2021103108_1332,2021,0
2021103108_1356,2021,0
2021103108_1651,2021,0
2021103108_1810,2021,0
2021103108_1860,2021,0
2021103108_2166,2021,0
2021103108_2211,2021,0
2021103108_2292,2021,0
2021103108_2354,2021,0
2021103108_2404,2021,0
2021103108_2794,2021,0
2021103108_2866,2021,0
2021103108_290,2021,0
2021103108_2922,2021,0
2021103108_3078,2021,0
2021103108_3185,2021,0
2021103108_3230,2021,0
2021103108_3332,2021,0
2021103108_3386,2021,0
2021103108_341,2021,0
2021103108_3671,2021,0
2021103108_3683,2021,0
2021103108_3758,2021,0
2021103108_3802,2021,0
2021103108_3831,2021,0
2021103108_3919,2021,0
2021103108_393,2021,0
2021103108_3960,2021,0
2021103108_3989,2021,0
2021103108_4019,2021,0
2021103108_4065,2021,0
2021103108_54,2021,0
2021103108_648,2021,0
2021103108_894,2021,0
2021103108_99,2021,0
2021103109_1034,2021,0
2021103109_1242,2021,0
2021103109_1316,2021,0
2021103109_1359,2021,0
2021103109_1381,2021,0
2021103109_141,2021,0
2021103109_1492,2021,0
2021103109_1609,2021,0
2021103109_165,2021,0
2021103109_1693,2021,0
2021103109_1766,2021,0
2021103109_1808,2021,0
2021103109_189,2021,0
2021103109_1944,2021,0
2021103109_2031,2021,0
2021103109_2095,2021,0
2021103109_2138,2021,0
2021103109_2193,2021,0
2021103109_2362,2021,0
2021103109_268,2021,0
2021103109_2688,2021,0
2021103109_2734,2021,0
2021103109_2891,2021,0
2021103109_2953,2021,0
2021103109_2977,2021,0
2021103109_3020,2021,0
2021103109_3044,2021,0
2021103109_3068,2021,0
2021103109_3176,2021,0
2021103109_3276,2021,0
2021103109_3473,2021,0
2021103109_3516,2021,0
2021103109_3540,2021,0
2021103109_3588,2021,0
2021103109_3634,2021,0
2021103109_3668,2021,0
2021103109_3692,2021,0
2021103109_3716,2021,0
2021103109_3905,2021,0
2021103109_3945,2021,0
2021103109_3991,2021,0
2021103109_4020,2021,0
2021103109_4066,2021,0
2021103109_4094,2021,0
2021103109_623,2021,0
2021103109_705,2021,0
2021103109_734,2021,0
2021103109_855,2021,0
2021103109_934,2021,0
2021103110_1111,2021,0
2021103110_1372,2021,0
2021103110_1459,2021,0
2021103110_1500,2021,0
2021103110_1524,2021,0
2021103110_1580,2021,0
2021103110_1604,2021,0
2021103110_1703,2021,0
2021103110_1883,2021,0
2021103110_1970,2021,0
2021103110_2082,2021,0
2021103110_2150,2021,0
2021103110_2325,2021,0
2021103110_252,2021,0
2021103110_2565,2021,0
2021103110_2626,2021,0
2021103110_2650,2021,0
2021103110_2729,2021,0
2021103110_2751,2021,0
2021103110_2927,2021,0
2021103110_3083,2021,0
2021103110_3167,2021,0
2021103110_3532,2021,0
2021103110_3597,2021,0
2021103110_362,2021,0
2021103110_530,2021,0
2021103110_653,2021,0
2021103110_783,2021,0
2021103110_957,2021,0
2021103111_1063,2021,0
2021103111_1089,2021,0
2021103111_1113,2021,0
2021103111_1220,2021,0
2021103111_1248,2021,0
2021103111_1372,2021,0
2021103111_1426,2021,0
2021103111_1477,2021,0
2021103111_1591,2021,0
2021103111_1615,2021,0
2021103111_1669,2021,0
2021103111_1774,2021,0
2021103111_2554,2021,0
2021103111_2664,2021,0
2021103111_3098,2021,0
2021103111_3198,2021,0
2021103111_3429,2021,0
2021103111_3629,2021,0
2021103111_3713,2021,0
2021103111_3777,2021,0
2021103111_3801,2021,0
2021103111_3854,2021,0
2021103111_3967,2021,0
2021103111_3991,2021,0
2021103111_4107,2021,0
2021103111_4178,2021,0
2021103111_4342,2021,0
2021103111_437,2021,0
2021103111_4465,2021,0
2021103111_4489,2021,0
2021103111_75,2021,0
2021103111_789,2021,0
2021103112_1021,2021,0
2021103112_1045,2021,0
2021103112_1113,2021,0
2021103112_1228,2021,0
2021103112_1298,2021,0
2021103112_1418,2021,0
2021103112_1469,2021,0
2021103112_1602,2021,0
2021103112_1695,2021,0
2021103112_1719,2021,0
2021103112_1831,2021,0
2021103112_184,2021,0
2021103112_1901,2021,0
2021103112_1952,2021,0
2021103112_2050,2021,0
2021103112_2072,2021,0
2021103112_2128,2021,0
2021103112_2423,2021,0
2021103112_2473,2021,0
2021103112_2545,2021,0
2021103112_2631,2021,0
2021103112_2722,2021,0
2021103112_2789,2021,0
2021103112_2813,2021,0
2021103112_3024,2021,0
2021103112_3091,2021,0
2021103112_3145,2021,0
2021103112_3169,2021,0
2021103112_3193,2021,0
2021103112_3221,2021,0
2021103112_3280,2021,0
2021103112_3325,2021,0
2021103112_3396,2021,0
2021103112_3529,2021,0
2021103112_3624,2021,0
2021103112_386,2021,0
2021103112_3878,2021,0
2021103112_3964,2021,0
2021103112_4003,2021,0
2021103112_4048,2021,0
2021103112_4109,2021,0
2021103112_4167,2021,0
2021103112_4288,2021,0
2021103112_4317,2021,0
2021103112_4362,2021,0
2021103112_4409,2021,0
2021103112_465,2021,0
2021103112_538,2021,0
2021103112_646,2021,0
2021103112_685,2021,0
2021103112_939,2021,0
2021110100_1160,2021,0
2021110100_1351,2021,0
2021110100_1396,2021,0
2021110100_1458,2021,0
2021110100_159,2021,0
2021110100_1664,2021,0
2021110100_1736,2021,0
2021110100_183,2021,0
2021110100_1896,2021,0
2021110100_1920,2021,0
2021110100_1942,2021,0
2021110100_1970,2021,0
2021110100_2032,2021,0
2021110100_2096,2021,0
2021110100_2120,2021,0
2021110100_241,2021,0
2021110100_2569,2021,0
2021110100_2643,2021,0
2021110100_2688,2021,0
2021110100_2761,2021,0
2021110100_2881,2021,0
2021110100_2954,2021,0
2021110100_2976,2021,0
2021110100_3089,2021,0
2021110100_3362,2021,0
2021110100_3392,2021,0
2021110100_3421,2021,0
2021110100_3529,2021,0
2021110100_3572,2021,0
2021110100_3796,2021,0
2021110100_3831,2021,0
2021110100_3909,2021,0
2021110100_4016,2021,0
2021110100_4049,2021,0
2021110100_4071,2021,0
2021110100_4113,2021,0
2021110100_4363,2021,0
2021110100_441,2021,0
2021110100_4411,2021,0
2021110100_587,2021,0
2021110100_724,2021,0
2021110100_753,2021,0
2021110100_79,2021,0
2021110100_797,2021,0
2021110100_917,2021,0
2022090800_1030,2022,0
2022090800_1102,2022,0
2022090800_1208,2022,0
2022090800_122,2022,0
2022090800_1230,2022,0
2022090800_1286,2022,0
2022090800_1334,2022,0
2022090800_1358,2022,0
2022090800_1427,2022,0
2022090800_1609,2022,0
2022090800_1635,2022,0
2022090800_1657,2022,0
2022090800_167,2022,0
2022090800_1712,2022,0
2022090800_1836,2022,0
2022090800_1967,2022,0
2022090800_2184,2022,0
2022090800_2208,2022,0
2022090800_2307,2022,0
2022090800_2336,2022,0
2022090800_236,2022,0
2022090800_2400,2022,0
2022090800_2527,2022,0
2022090800_2572,2022,0
2022090800_2599,2022,0
2022090800_2623,2022,0
2022090800_2688,2022,0
2022090800_2733,2022,0
2022090800_2815,2022,0
2022090800_2860,2022,0
2022090800_2908,2022,0
2022090800_2934,2022,0
2022090800_2979,2022,0
2022090800_3047,2022,0
2022090800_3092,2022,0
2022090800_3121,2022,0
2022090800_3166,2022,0
2022090800_3214,2022,0
2022090800_3407,2022,0
2022090800_3431,2022,0
2022090800_3455,2022,0
2022090800_3489,2022,0
2022090800_3513,2022,0
2022090800_3537,2022,0
2022090800_3576,2022,0
2022090800_364,2022,0
2022090800_3674,2022,0
2022090800_3696,2022,0
2022090800_414,2022,0
2022090800_438,2022,0
2022090800_486,2022,0
2022090800_56,2022,0
2022090800_569,2022,0
2022090800_593,2022,0
2022090800_617,2022,0
2022090800_646,2022,0
2022090800_692,2022,0
2022090800_721,2022,0
2022090800_775,2022,0
2022090800_818,2022,0
2022090800_867,2022,0
2022090800_954,2022,0
2022091100_1017,2022,0
2022091100_121,2022,0
2022091100_1281,2022,0
2022091100_1335,2022,0
2022091100_1359,2022,0
2022091100_1485,2022,0
2022091100_1552,2022,0
2022091100_166,2022,0
2022091100_1672,2022,0
2022091100_1713,2022,0
2022091100_1769,2022,0
2022091100_1793,2022,0
2022091100_1887,2022,0
2022091100_190,2022,0
2022091100_2135,2022,0
2022091100_2159,2022,0
2022091100_2204,2022,0
2022091100_2245,2022,0
2022091100_233,2022,0
2022091100_2374,2022,0
2022091100_2555,2022,0
2022091100_2616,2022,0
2022091100_3028,2022,0
2022091100_3050,2022,0
2022091100_3119,2022,0
2022091100_3148,2022,0
2022091100_3177,2022,0
2022091100_3267,2022,0
2022091100_3310,2022,0
2022091100_3355,2022,0
2022091100_3446,2022,0
2022091100_3475,2022,0
2022091100_3504,2022,0
2022091100_3578,2022,0
2022091100_3647,2022,0
2022091100_3671,2022,0
2022091100_4187,2022,0
2022091100_419,2022,0
2022091100_4210,2022,0
2022091100_4266,2022,0
2022091100_4307,2022,0
2022091100_458,2022,0
2022091100_522,2022,0
2022091100_679,2022,0
2022091100_719,2022,0
2022091100_99,2022,0
2022091101_1014,2022,0
2022091101_109,2022,0
2022091101_1144,2022,0
2022091101_1166,2022,0
2022091101_1276,2022,0
2022091101_1357,2022,0
2022091101_1384,2022,0
2022091101_1468,2022,0
2022091101_1669,2022,0
2022091101_1691,2022,0
2022091101_1744,2022,0
2022091101_1879,2022,0
2022091101_2027,2022,0
2022091101_2089,2022,0
2022091101_2199,2022,0
2022091101_2298,2022,0
2022091101_2341,2022,0
2022091101_2832,2022,0
2022091101_2951,2022,0
2022091101_3006,2022,0
2022091101_3101,2022,0
2022091101_3263,2022,0
2022091101_3454,2022,0
2022091101_3545,2022,0
2022091101_3750,2022,0
2022091101_3789,2022,0
2022091101_3862,2022,0
2022091101_4104,2022,0
2022091101_4242,2022,0
2022091101_542,2022,0
2022091101_63,2022,0
2022091101_708,2022,0
2022091101_748,2022,0
2022091101_85,2022,0
2022091101_850,2022,0
2022091102_1133,2022,0
2022091102_1384,2022,0
2022091102_1406,2022,0
2022091102_1609,2022,0
2022091102_1631,2022,0
2022091102_1815,2022,0
2022091102_189,2022,0
2022091102_1992,2022,0
2022091102_2103,2022,0
2022091102_2132,2022,0
2022091102_2173,2022,0
2022091102_2259,2022,0
2022091102_2302,2022,0
2022091102_239,2022,0
2022091102_2532,2022,0
2022091102_2639,2022,0
2022091102_2759,2022,0
2022091102_2804,2022,0
2022091102_2894,2022,0
2022091102_3096,2022,0
2022091102_3119,2022,0
2022091102_3231,2022,0
2022091102_3336,2022,0
2022091102_3628,2022,0
2022091102_364,2022,0
2022091102_3673,2022,0
2022091102_3695,2022,0
2022091102_3783,2022,0
2022091102_3828,2022,0
2022091102_3859,2022,0
2022091102_388,2022,0
2022091102_3899,2022,0
2022091102_3921,2022,0
2022091102_4080,2022,0
2022091102_4166,2022,0
2022091102_488,2022,0
2022091102_552,2022,0
2022091102_64,2022,0
2022091102_756,2022,0
2022091103_1058,2022,0
2022091103_1126,2022,0
2022091103_1249,2022,0
2022091103_1336,2022,0
2022091103_1405,2022,0
2022091103_1429,2022,0
2022091103_1471,2022,0
2022091103_1565,2022,0
2022091103_195,2022,0
2022091103_2008,2022,0
2022091103_2058,2022,0
2022091103_2103,2022,0
2022091103_2172,2022,0
2022091103_2243,2022,0
2022091103_2291,2022,0
2022091103_2433,2022,0
2022091103_2483,2022,0
2022091103_2569,2022,0
2022091103_2670,2022,0
2022091103_2807,2022,0
2022091103_2829,2022,0
2022091103_2907,2022,0
2022091103_2931,2022,0
2022091103_295,2022,0
2022091103_2976,2022,0
2022091103_3032,2022,0
2022091103_3079,2022,0
2022091103_3147,2022,0
2022091103_3227,2022,0
2022091103_3367,2022,0
2022091103_3389,2022,0
2022091103_340,2022,0
2022091103_3413,2022,0
2022091103_3755,2022,0
2022091103_3779,2022,0
2022091103_3803,2022,0
2022091103_3825,2022,0
2022091103_388,2022,0
2022091103_3890,2022,0
2022091103_412,2022,0
2022091103_4175,2022,0
2022091103_4300,2022,0
2022091103_4324,2022,0
2022091103_4434,2022,0
2022091103_4488,2022,0
2022091103_4710,2022,0
2022091103_4872,2022,0
2022091103_4921,2022,0
2022091103_5015,2022,0
2022091103_5039,2022,0
2022091103_58,2022,0
2022091103_719,2022,0
2022091103_82,2022,0
2022091103_852,2022,0
2022091103_902,2022,0
2022091104_1136,2022,0
2022091104_1183,2022,0
2022091104_1228,2022,0
2022091104_1325,2022,0
2022091104_1380,2022,0
2022091104_1502,2022,0
2022091104_1768,2022,0
2022091104_1847,2022,0
2022091104_1871,2022,0
2022091104_1895,2022,0
2022091104_1938,2022,0
2022091104_1962,2022,0
2022091104_2130,2022,0
2022091104_2307,2022,0
2022091104_2329,2022,0
2022091104_238,2022,0
2022091104_2492,2022,0
2022091104_2736,2022,0
2022091104_2829,2022,0
2022091104_2906,2022,0
2022091104_2928,2022,0
2022091104_2952,2022,0
2022091104_3148,2022,0
2022091104_3307,2022,0
2022091104_3369,2022,0
2022091104_3434,2022,0
2022091104_3572,2022,0
2022091104_3640,2022,0
2022091104_3730,2022,0
2022091104_3754,2022,0
2022091104_3842,2022,0
2022091104_3956,2022,0
2022091104_4001,2022,0
2022091104_4046,2022,0
2022091104_4075,2022,0
2022091104_4099,2022,0
2022091104_4197,2022,0
2022091104_580,2022,0
2022091104_689,2022,0
2022091104_713,2022,0
2022091104_803,2022,0
2022091104_865,2022,0
2022091104_910,2022,0
2022091105_1071,2022,0
2022091105_1114,2022,0
2022091105_1170,2022,0
2022091105_1259,2022,0
2022091105_1283,2022,0
2022091105_140,2022,0
2022091105_1405,2022,0
2022091105_1456,2022,0
2022091105_1518,2022,0
2022091105_1542,2022,0
2022091105_1589,2022,0
2022091105_1613,2022,0
2022091105_1701,2022,0
2022091105_1850,2022,0
2022091105_187,2022,0
2022091105_1891,2022,0
2022091105_1968,2022,0
2022091105_2042,2022,0
2022091105_2174,2022,0
2022091105_2281,2022,0
2022091105_2345,2022,0
2022091105_2369,2022,0
2022091105_2425,2022,0
2022091105_2476,2022,0
2022091105_249,2022,0
2022091105_2498,2022,0
2022091105_2544,2022,0
2022091105_2637,2022,0
2022091105_2718,2022,0
2022091105_2817,2022,0
2022091105_2865,2022,0
2022091105_2887,2022,0
2022091105_3000,2022,0
2022091105_3022,2022,0
2022091105_3046,2022,0
2022091105_3070,2022,0
2022091105_3094,2022,0
2022091105_3163,2022,0
2022091105_3185,2022,0
2022091105_3214,2022,0
2022091105_336,2022,0
2022091105_3387,2022,0
2022091105_3545,2022,0
2022091105_3603,2022,0
2022091105_3625,2022,0
2022091105_3750,2022,0
2022091105_3949,2022,0
2022091105_3971,2022,0
2022091105_3995,2022,0
2022091105_4019,2022,0
2022091105_4041,2022,0
2022091105_4135,2022,0
2022091105_4251,2022,0
2022091105_4394,2022,0
2022091105_4416,2022,0
2022091105_4438,2022,0
2022091105_445,2022,0
2022091105_4533,2022,0
2022091105_4655,2022,0
2022091105_4707,2022,0
2022091105_4858,2022,0
2022091105_4905,2022,0
2022091105_503,2022,0
2022091105_619,2022,0
2022091105_643,2022,0
2022091105_77,2022,0
2022091105_772,2022,0
2022091105_794,2022,0
2022091105_841,2022,0
2022091105_865,2022,0
2022091105_912,2022,0
2022091105_936,2022,0
2022091105_962,2022,0
2022091105_984,2022,0
2022091106_1040,2022,0
2022091106_1196,2022,0
2022091106_130,2022,0
2022091106_1401,2022,0
2022091106_1446,2022,0
2022091106_1568,2022,0
2022091106_1609,2022,0
2022091106_1774,2022,0
2022091106_1819,2022,0
2022091106_1895,2022,0
2022091106_196,2022,0
2022091106_1966,2022,0
2022091106_1995,2022,0
2022091106_2019,2022,0
2022091106_2066,2022,0
2022091106_2191,2022,0
2022091106_2215,2022,0
2022091106_2237,2022,0
2022091106_2261,2022,0
2022091106_2405,2022,0
2022091106_2450,2022,0
2022091106_2680,2022,0
2022091106_2721,2022,0
2022091106_2743,2022,0
2022091106_2818,2022,0
2022091106_2840,2022,0
2022091106_290,2022,0
2022091106_2902,2022,0
2022091106_2956,2022,0
2022091106_3023,2022,0
2022091106_3116,2022,0
2022091106_3138,2022,0
2022091106_3191,2022,0
2022091106_3213,2022,0
2022091106_3253,2022,0
2022091106_3298,2022,0
2022091106_3475,2022,0
2022091106_380,2022,0
2022091106_59,2022,0
2022091106_633,2022,0
2022091106_657,2022,0
2022091106_792,2022,0
2022091106_835,2022,0
2022091106_859,2022,0
2022091106_925,2022,0
2022091106_950,2022,0
2022091106_974,2022,0
2022091107_1051,2022,0
2022091107_1075,2022,0
2022091107_1120,2022,0
2022091107_1165,2022,0
2022091107_1236,2022,0
2022091107_1260,2022,0
2022091107_1337,2022,0
2022091107_136,2022,0
2022091107_1399,2022,0
2022091107_1596,2022,0
2022091107_1618,2022,0
2022091107_1738,2022,0
2022091107_1779,2022,0
2022091107_202,2022,0
2022091107_2070,2022,0
2022091107_2139,2022,0
2022091107_2161,2022,0
2022091107_2219,2022,0
2022091107_2243,2022,0
2022091107_2285,2022,0
2022091107_230,2022,0
2022091107_2406,2022,0
2022091107_2478,2022,0
2022091107_2613,2022,0
2022091107_2635,2022,0
2022091107_2712,2022,0
2022091107_2791,2022,0
2022091107_2803,2022,0
2022091107_2844,2022,0
2022091107_2891,2022,0
2022091107_2963,2022,0
2022091107_2987,2022,0
2022091107_301,2022,0
2022091107_3115,2022,0
2022091107_3184,2022,0
2022091107_3253,2022,0
2022091107_3277,2022,0
2022091107_3323,2022,0
2022091107_3352,2022,0
2022091107_3475,2022,0
2022091107_3503,2022,0
2022091107_3527,2022,0
2022091107_3551,2022,0
2022091107_3575,2022,0
2022091107_3601,2022,0
2022091107_3625,2022,0
2022091107_3718,2022,0
2022091107_3763,2022,0
2022091107_3789,2022,0
2022091107_3811,2022,0
2022091107_3835,2022,0
2022091107_3864,2022,0
2022091107_4047,2022,0
2022091107_4071,2022,0
2022091107_4115,2022,0
2022091107_412,2022,0
2022091107_552,2022,0
2022091107_636,2022,0
2022091107_697,2022,0
2022091107_744,2022,0
2022091107_824,2022,0
2022091107_868,2022,0
2022091107_911,2022,0
2022091107_935,2022,0
2022091107_999,2022,0
2022091108_1015,2022,0
2022091108_1110,2022,0
2022091108_1167,2022,0
2022091108_1222,2022,0
2022091108_1246,2022,0
2022091108_1309,2022,0
2022091108_1354,2022,0
2022091108_1461,2022,0
2022091108_1595,2022,0
2022091108_171,2022,0
2022091108_1737,2022,0
2022091108_1778,2022,0
2022091108_2140,2022,0
2022091108_2426,2022,0
2022091108_2559,2022,0
2022091108_2867,2022,0
2022091108_2914,2022,0
2022091108_296,2022,0
2022091108_3153,2022,0
2022091108_318,2022,0
2022091108_3227,2022,0
2022091108_3318,2022,0
2022091108_3342,2022,0
2022091108_3396,2022,0
2022091108_347,2022,0
2022091108_445,2022,0
2022091108_633,2022,0
2022091108_705,2022,0
2022091108_729,2022,0
2022091108_815,2022,0
2022091108_860,2022,0
2022091108_882,2022,0
2022091109_1002,2022,0
2022091109_1041,2022,0
2022091109_1096,2022,0
2022091109_1120,2022,0
2022091109_1176,2022,0
2022091109_1287,2022,0
2022091109_1309,2022,0
2022091109_1390,2022,0
2022091109_1475,2022,0
2022091109_1614,2022,0
2022091109_1657,2022,0
2022091109_1681,2022,0
2022091109_1705,2022,0
2022091109_1805,2022,0
2022091109_1864,2022,0
2022091109_1886,2022,0
2022091109_1968,2022,0
2022091109_1997,2022,0
2022091109_2142,2022,0
2022091109_2245,2022,0
2022091109_229,2022,0
2022091109_2425,2022,0
2022091109_2452,2022,0
2022091109_2502,2022,0
2022091109_251,2022,0
2022091109_2776,2022,0
2022091109_2824,2022,0
2022091109_2848,2022,0
2022091109_2991,2022,0
2022091109_3087,2022,0
2022091109_316,2022,0
2022091109_3177,2022,0
2022091109_3229,2022,0
2022091109_3253,2022,0
2022091109_3357,2022,0
2022091109_3381,2022,0
2022091109_3544,2022,0
2022091109_3568,2022,0
2022091109_359,2022,0
2022091109_3597,2022,0
2022091109_3773,2022,0
2022091109_383,2022,0
2022091109_3909,2022,0
2022091109_3938,2022,0
2022091109_3962,2022,0
2022091109_4029,2022,0
2022091109_4286,2022,0
2022091109_433,2022,0
2022091109_4387,2022,0
2022091109_4409,2022,0
2022091109_4443,2022,0
2022091109_483,2022,0
2022091109_611,2022,0
2022091109_721,2022,0
2022091109_743,2022,0
2022091109_792,2022,0
2022091109_978,2022,0
2022091110_1068,2022,0
2022091110_1113,2022,0
2022091110_1203,2022,0
2022091110_1256,2022,0
2022091110_1394,2022,0
2022091110_1418,2022,0
2022091110_1442,2022,0
2022091110_149,2022,0
2022091110_1560,2022,0
2022091110_1649,2022,0
2022091110_171,2022,0
2022091110_1821,2022,0
2022091110_1868,2022,0
2022091110_1937,2022,0
2022091110_195,2022,0
2022091110_1959,2022,0
2022091110_2085,2022,0
2022091110_2148,2022,0
2022091110_2334,2022,0
2022091110_2356,2022,0
2022091110_2424,2022,0
2022091110_2474,2022,0
2022091110_2587,2022,0
2022091110_2786,2022,0
2022091110_2845,2022,0
2022091110_2925,2022,0
2022091110_2949,2022,0
2022091110_2978,2022,0
2022091110_3002,2022,0
2022091110_3026,2022,0
2022091110_3092,2022,0
2022091110_3161,2022,0
2022091110_3231,2022,0
2022091110_3449,2022,0
2022091110_3492,2022,0
2022091110_3599,2022,0
2022091110_3623,2022,0
2022091110_4008,2022,0
2022091110_4099,2022,0
2022091110_4137,2022,0
2022091110_514,2022,0
2022091110_569,2022,0
2022091110_593,2022,0
2022091110_750,2022,0
2022091110_774,2022,0
2022091110_799,2022,0
2022091110_870,2022,0
2022091111_1038,2022,0
2022091111_1124,2022,0
2022091111_1148,2022,0
2022091111_1368,2022,0
2022091111_1416,2022,0
2022091111_142,2022,0
2022091111_1586,2022,0
2022091111_1650,2022,0
2022091111_1790,2022,0
2022091111_1840,2022,0
2022091111_1946,2022,0
2022091111_1975,2022,0
2022091111_2020,2022,0
2022091111_2089,2022,0
2022091111_2134,2022,0
2022091111_2212,2022,0
2022091111_2299,2022,0
2022091111_232,2022,0
2022091111_2321,2022,0
2022091111_2360,2022,0
2022091111_2442,2022,0
2022091111_2464,2022,0
2022091111_256,2022,0
2022091111_2633,2022,0
2022091111_2657,2022,0
2022091111_2681,2022,0
2022091111_2746,2022,0
2022091111_280,2022,0
2022091111_2806,2022,0
2022091111_2875,2022,0
2022091111_2922,2022,0
2022091111_3009,2022,0
2022091111_3051,2022,0
2022091111_3075,2022,0
2022091111_3123,2022,0
2022091111_3171,2022,0
2022091111_336,2022,0
2022091111_3457,2022,0
2022091111_379,2022,0
2022091111_401,2022,0
2022091111_451,2022,0
2022091111_520,2022,0
2022091111_542,2022,0
2022091111_587,2022,0
2022091111_665,2022,0
2022091111_694,2022,0
2022091111_76,2022,0
2022091111_770,2022,0
2022091111_899,2022,0
2022091111_923,2022,0
2022091111_973,2022,0
2022091112_1058,2022,0
2022091112_1082,2022,0
2022091112_1236,2022,0
2022091112_1360,2022,0
2022091112_1382,2022,0
2022091112_1406,2022,0
2022091112_1479,2022,0
2022091112_157,2022,0
2022091112_1584,2022,0
2022091112_1613,2022,0
2022091112_1674,2022,0
2022091112_1700,2022,0
2022091112_1741,2022,0
2022091112_181,2022,0
2022091112_1832,2022,0
2022091112_1946,2022,0
2022091112_1970,2022,0
2022091112_2093,2022,0
2022091112_2167,2022,0
2022091112_2267,2022,0
2022091112_227,2022,0
2022091112_2428,2022,0
2022091112_251,2022,0
2022091112_2612,2022,0
2022091112_2699,2022,0
2022091112_2723,2022,0
2022091112_275,2022,0
2022091112_2757,2022,0
2022091112_2840,2022,0
2022091112_2864,2022,0
2022091112_2907,2022,0
2022091112_2952,2022,0
2022091112_3050,2022,0
2022091112_3072,2022,0
2022091112_3128,2022,0
2022091112_3152,2022,0
2022091112_3176,2022,0
2022091112_3200,2022,0
2022091112_3224,2022,0
2022091112_3246,2022,0
2022091112_3310,2022,0
2022091112_3332,2022,0
2022091112_336,2022,0
2022091112_3361,2022,0
2022091112_3383,2022,0
2022091112_3672,2022,0
2022091112_3696,2022,0
2022091112_3720,2022,0
2022091112_3766,2022,0
2022091112_379,2022,0
2022091112_422,2022,0
2022091112_484,2022,0
2022091112_611,2022,0
2022091112_62,2022,0
2022091112_736,2022,0
2022091112_862,2022,0
2022091112_917,2022,0
2022091112_941,2022,0
2022091112_991,2022,0
2022091113_1146,2022,0
2022091113_1217,2022,0
2022091113_1339,2022,0
2022091113_1363,2022,0
2022091113_1609,2022,0
2022091113_1631,2022,0
2022091113_1718,2022,0
2022091113_1742,2022,0
2022091113_1834,2022,0
2022091113_2030,2022,0
2022091113_2077,2022,0
2022091113_2283,2022,0
2022091113_2424,2022,0
2022091113_2446,2022,0
2022091113_2598,2022,0
2022091113_267,2022,0
2022091113_2672,2022,0
2022091113_2743,2022,0
2022091113_2866,2022,0
2022091113_2911,2022,0
2022091113_2954,2022,0
2022091113_3057,2022,0
2022091113_3355,2022,0
2022091113_3407,2022,0
2022091113_3431,2022,0
2022091113_3455,2022,0
2022091113_3531,2022,0
2022091113_3555,2022,0
2022091113_3577,2022,0
2022091113_3620,2022,0
2022091113_3785,2022,0
2022091113_3807,2022,0
2022091113_3831,2022,0
2022091113_3894,2022,0
2022091113_3947,2022,0
2022091113_3971,2022,0
2022091113_413,2022,0
2022091113_465,2022,0
2022091113_630,2022,0
2022091113_65,2022,0
2022091113_652,2022,0
2022091113_708,2022,0
2022091113_732,2022,0
2022091113_923,2022,0
2022091200_1004,2022,0
2022091200_1028,2022,0
2022091200_1057,2022,0
2022091200_109,2022,0
2022091200_1217,2022,0
2022091200_1241,2022,0
2022091200_1320,2022,0
2022091200_1409,2022,0
2022091200_1465,2022,0
2022091200_1487,2022,0
2022091200_1521,2022,0
2022091200_1550,2022,0
2022091200_156,2022,0
2022091200_1579,2022,0
2022091200_1680,2022,0
2022091200_1725,2022,0
2022091200_1764,2022,0
2022091200_1793,2022,0
2022091200_1851,2022,0
2022091200_2009,2022,0
2022091200_2038,2022,0
2022091200_2093,2022,0
2022091200_2188,2022,0
2022091200_2244,2022,0
2022091200_2268,2022,0
2022091200_2500,2022,0
2022091200_2546,2022,0
2022091200_2591,2022,0
2022091200_264,2022,0
2022091200_2688,2022,0
2022091200_2779,2022,0
2022091200_286,2022,0
2022091200_3001,2022,0
2022091200_3048,2022,0
2022091200_3101,2022,0
2022091200_3125,2022,0
2022091200_3149,2022,0
2022091200_3194,2022,0
2022091200_3216,2022,0
2022091200_3245,2022,0
2022091200_3267,2022,0
2022091200_3296,2022,0
2022091200_3325,2022,0
2022091200_3382,2022,0
2022091200_3404,2022,0
2022091200_346,2022,0
2022091200_3467,2022,0
2022091200_3491,2022,0
2022091200_3574,2022,0
2022091200_3596,2022,0
2022091200_3628,2022,0
2022091200_3723,2022,0
2022091200_3747,2022,0
2022091200_3795,2022,0
2022091200_3826,2022,0
2022091200_401,2022,0
2022091200_467,2022,0
2022091200_565,2022,0
2022091200_664,2022,0
2022091200_688,2022,0
2022091200_762,2022,0
2022091200_786,2022,0
2022091200_85,2022,0
2022091200_931,2022,0
2022091500_1041,2022,0
2022091500_1191,2022,0
2022091500_1386,2022,0
2022091500_142,2022,0
2022091500_1482,2022,0
2022091500_1532,2022,0
2022091500_1741,2022,0
2022091500_1863,2022,0
2022091500_1908,2022,0
2022091500_1937,2022,0
2022091500_2067,2022,0
2022091500_2160,2022,0
2022091500_2257,2022,0
2022091500_2286,2022,0
2022091500_2436,2022,0
2022091500_2460,2022,0
2022091500_2501,2022,0
2022091500_2562,2022,0
2022091500_257,2022,0
2022091500_2603,2022,0
2022091500_2625,2022,0
2022091500_2707,2022,0
2022091500_281,2022,0
2022091500_2951,2022,0
2022091500_2987,2022,0
2022091500_3032,2022,0
2022091500_3061,2022,0
2022091500_3090,2022,0
2022091500_3114,2022,0
2022091500_3200,2022,0
2022091500_324,2022,0
2022091500_3350,2022,0
2022091500_3458,2022,0
2022091500_3480,2022,0
2022091500_3504,2022,0
2022091500_3557,2022,0
2022091500_3579,2022,0
2022091500_369,2022,0
2022091500_3708,2022,0
2022091500_3780,2022,0
2022091500_3833,2022,0
2022091500_3857,2022,0
2022091500_446,2022,0
2022091500_475,2022,0
2022091500_578,2022,0
2022091500_627,2022,0
2022091500_816,2022,0
2022091500_872,2022,0
2022091800_1018,2022,0
2022091800_1164,2022,0
2022091800_117,2022,0
2022091800_1256,2022,0
2022091800_1297,2022,0
2022091800_141,2022,0
2022091800_1459,2022,0
2022091800_1513,2022,0
2022091800_1575,2022,0
2022091800_1597,2022,0
2022091800_1642,2022,0
2022091800_1664,2022,0
2022091800_1722,2022,0
2022091800_1744,2022,0
2022091800_1828,2022,0
2022091800_195,2022,0
2022091800_2098,2022,0
2022091800_2270,2022,0
2022091800_2294,2022,0
2022091800_2329,2022,0
2022091800_2358,2022,0
2022091800_2382,2022,0
2022091800_2404,2022,0
2022091800_2460,2022,0
2022091800_2482,2022,0
2022091800_2682,2022,0
2022091800_2715,2022,0
2022091800_281,2022,0
2022091800_2858,2022,0
2022091800_2901,2022,0
2022091800_3089,2022,0
2022091800_3207,2022,0
2022091800_3236,2022,0
2022091800_3260,2022,0
2022091800_3282,2022,0
2022091800_3309,2022,0
2022091800_3441,2022,0
2022091800_3523,2022,0
2022091800_3547,2022,0
2022091800_3803,2022,0
2022091800_4105,2022,0
2022091800_913,2022,0
2022091800_937,2022,0
2022091800_966,2022,0
2022091801_1024,2022,0
2022091801_1048,2022,0
2022091801_105,2022,0
2022091801_1072,2022,0
2022091801_1367,2022,0
2022091801_1509,2022,0
2022091801_1626,2022,0
2022091801_1650,2022,0
2022091801_1732,2022,0
2022091801_1761,2022,0
2022091801_1783,2022,0
2022091801_1838,2022,0
2022091801_1867,2022,0
2022091801_2043,2022,0
2022091801_2090,2022,0
2022091801_2114,2022,0
2022091801_2162,2022,0
2022091801_218,2022,0
2022091801_2344,2022,0
2022091801_2368,2022,0
2022091801_2390,2022,0
2022091801_247,2022,0
2022091801_2481,2022,0
2022091801_2521,2022,0
2022091801_2571,2022,0
2022091801_2593,2022,0
2022091801_2656,2022,0
2022091801_2737,2022,0
2022091801_2761,2022,0
2022091801_2916,2022,0
2022091801_3103,2022,0
2022091801_3271,2022,0
2022091801_3295,2022,0
2022091801_3319,2022,0
2022091801_336,2022,0
2022091801_3366,2022,0
2022091801_3533,2022,0
2022091801_3557,2022,0
2022091801_360,2022,0
2022091801_3601,2022,0
2022091801_3866,2022,0
2022091801_3956,2022,0
2022091801_3994,2022,0
2022091801_4046,2022,0
2022091801_4075,2022,0
2022091801_4104,2022,0
2022091801_4131,2022,0
2022091801_4155,2022,0
2022091801_4177,2022,0
2022091801_4199,2022,0
2022091801_598,2022,0
2022091801_666,2022,0
2022091801_709,2022,0
2022091801_811,2022,0
2022091801_906,2022,0
2022091802_1010,2022,0
2022091802_108,2022,0
2022091802_1166,2022,0
2022091802_1209,2022,0
2022091802_1256,2022,0
2022091802_1303,2022,0
2022091802_1369,2022,0
2022091802_1393,2022,0
2022091802_1456,2022,0
2022091802_1502,2022,0
2022091802_1526,2022,0
2022091802_1555,2022,0
2022091802_1646,2022,0
2022091802_1691,2022,0
2022091802_174,2022,0
2022091802_1849,2022,0
2022091802_1910,2022,0
2022091802_1932,2022,0
2022091802_1954,2022,0
2022091802_2001,2022,0
2022091802_2085,2022,0
2022091802_2109,2022,0
2022091802_2259,2022,0
2022091802_2351,2022,0
2022091802_2377,2022,0
2022091802_2473,2022,0
2022091802_2561,2022,0
2022091802_2606,2022,0
2022091802_2656,2022,0
2022091802_2750,2022,0
2022091802_2772,2022,0
2022091802_2835,2022,0
2022091802_2857,2022,0
2022091802_2945,2022,0
2022091802_3066,2022,0
2022091802_3090,2022,0
2022091802_3215,2022,0
2022091802_3262,2022,0
2022091802_3286,2022,0
2022091802_3310,2022,0
2022091802_3373,2022,0
2022091802_3395,2022,0
2022091802_3440,2022,0
2022091802_3464,2022,0
2022091802_3509,2022,0
2022091802_3533,2022,0
2022091802_368,2022,0
2022091802_3869,2022,0
2022091802_3891,2022,0
2022091802_390,2022,0
2022091802_3915,2022,0
2022091802_518,2022,0
2022091802_56,2022,0
2022091802_750,2022,0
2022091802_774,2022,0
2022091803_102,2022,0
2022091803_1070,2022,0
2022091803_1198,2022,0
2022091803_1276,2022,0
2022091803_1300,2022,0
2022091803_1366,2022,0
2022091803_1433,2022,0
2022091803_1462,2022,0
2022091803_150,2022,0
2022091803_1527,2022,0
2022091803_1551,2022,0
2022091803_1621,2022,0
2022091803_1645,2022,0
2022091803_1787,2022,0
2022091803_1816,2022,0
2022091803_1861,2022,0
2022091803_1997,2022,0
2022091803_2064,2022,0
2022091803_2129,2022,0
2022091803_2174,2022,0
2022091803_2219,2022,0
2022091803_2243,2022,0
2022091803_2437,2022,0
2022091803_2568,2022,0
2022091803_2721,2022,0
2022091803_2804,2022,0
2022091803_2831,2022,0
2022091803_2874,2022,0
2022091803_2898,2022,0
2022091803_2947,2022,0
2022091803_296,2022,0
2022091803_2993,2022,0
2022091803_3038,2022,0
2022091803_3060,2022,0
2022091803_3082,2022,0
2022091803_3146,2022,0
2022091803_3221,2022,0
2022091803_3346,2022,0
2022091803_341,2022,0
2022091803_568,2022,0
2022091803_592,2022,0
2022091803_676,2022,0
2022091803_948,2022,0
2022091803_993,2022,0
2022091804_1017,2022,0
2022091804_1041,2022,0
2022091804_1097,2022,0
2022091804_1221,2022,0
2022091804_1243,2022,0
2022091804_1265,2022,0
2022091804_1349,2022,0
2022091804_140,2022,0
2022091804_1400,2022,0
2022091804_1424,2022,0
2022091804_169,2022,0
2022091804_1712,2022,0
2022091804_1741,2022,0
2022091804_1774,2022,0
2022091804_1809,2022,0
2022091804_1842,2022,0
2022091804_2066,2022,0
2022091804_2135,2022,0
2022091804_2192,2022,0
2022091804_2297,2022,0
2022091804_2319,2022,0
2022091804_2392,2022,0
2022091804_2518,2022,0
2022091804_2572,2022,0
2022091804_2594,2022,0
2022091804_2656,2022,0
2022091804_2714,2022,0
2022091804_2767,2022,0
2022091804_280,2022,0
2022091804_3075,2022,0
2022091804_313,2022,0
2022091804_3147,2022,0
2022091804_3201,2022,0
2022091804_3229,2022,0
2022091804_3251,2022,0
2022091804_3273,2022,0
2022091804_3495,2022,0
2022091804_3581,2022,0
2022091804_3668,2022,0
2022091804_3692,2022,0
2022091804_3718,2022,0
2022091804_3742,2022,0
2022091804_3804,2022,0
2022091804_3826,2022,0
2022091804_3887,2022,0
2022091804_3938,2022,0
2022091804_3971,2022,0
2022091804_399,2022,0
2022091804_3993,2022,0
2022091804_4190,2022,0
2022091804_421,2022,0
2022091804_4345,2022,0
2022091804_4386,2022,0
2022091804_4410,2022,0
2022091804_475,2022,0
2022091804_499,2022,0
2022091804_552,2022,0
2022091804_56,2022,0
2022091804_902,2022,0
2022091804_936,2022,0
2022091805_1001,2022,0
2022091805_1078,2022,0
2022091805_1158,2022,0
2022091805_1182,2022,0
2022091805_1221,2022,0
2022091805_124,2022,0
2022091805_1272,2022,0
2022091805_1423,2022,0
2022091805_1445,2022,0
2022091805_1518,2022,0
2022091805_1605,2022,0
2022091805_1709,2022,0
2022091805_1765,2022,0
2022091805_1789,2022,0
2022091805_1811,2022,0
2022091805_1909,2022,0
2022091805_2066,2022,0
2022091805_2109,2022,0
2022091805_2183,2022,0
2022091805_2207,2022,0
2022091805_2229,2022,0
2022091805_2390,2022,0
2022091805_2433,2022,0
2022091805_2507,2022,0
2022091805_2552,2022,0
2022091805_257,2022,0
2022091805_2761,2022,0
2022091805_2783,2022,0
2022091805_2954,2022,0
2022091805_2976,2022,0
2022091805_2998,2022,0
2022091805_3022,2022,0
2022091805_3235,2022,0
2022091805_327,2022,0
2022091805_3355,2022,0
2022091805_3400,2022,0
2022091805_3540,2022,0
2022091805_367,2022,0
2022091805_3677,2022,0
2022091805_391,2022,0
2022091805_415,2022,0
2022091805_486,2022,0
2022091805_534,2022,0
2022091805_556,2022,0
2022091805_773,2022,0
2022091805_880,2022,0
2022091805_902,2022,0
2022091805_926,2022,0
2022091806_1004,2022,0
2022091806_1074,2022,0
2022091806_1189,2022,0
2022091806_1211,2022,0
2022091806_1324,2022,0
2022091806_1401,2022,0
2022091806_1442,2022,0
2022091806_1645,2022,0
2022091806_1667,2022,0
2022091806_1771,2022,0
2022091806_1793,2022,0
2022091806_182,2022,0
2022091806_1873,2022,0
2022091806_1943,2022,0
2022091806_2079,2022,0
2022091806_2211,2022,0
2022091806_229,2022,0
2022091806_2299,2022,0
2022091806_2368,2022,0
2022091806_2390,2022,0
2022091806_2533,2022,0
2022091806_2743,2022,0
2022091806_2831,2022,0
2022091806_2855,2022,0
2022091806_3006,2022,0
2022091806_3265,2022,0
2022091806_3419,2022,0
2022091806_3543,2022,0
2022091806_454,2022,0
2022091806_640,2022,0
2022091806_706,2022,0
2022091806_758,2022,0
2022091806_832,2022,0
2022091807_1104,2022,0
2022091807_1217,2022,0
2022091807_122,2022,0
2022091807_1294,2022,0
2022091807_1318,2022,0
2022091807_1399,2022,0
2022091807_1430,2022,0
2022091807_1459,2022,0
2022091807_148,2022,0
2022091807_1483,2022,0
2022091807_1512,2022,0
2022091807_1572,2022,0
2022091807_1594,2022,0
2022091807_1616,2022,0
2022091807_1642,2022,0
2022091807_1699,2022,0
2022091807_1777,2022,0
2022091807_1801,2022,0
2022091807_1902,2022,0
2022091807_1947,2022,0
2022091807_1971,2022,0
2022091807_2039,2022,0
2022091807_2089,2022,0
2022091807_2111,2022,0
2022091807_2207,2022,0
2022091807_233,2022,0
2022091807_2351,2022,0
2022091807_2501,2022,0
2022091807_2580,2022,0
2022091807_2639,2022,0
2022091807_2727,2022,0
2022091807_2751,2022,0
2022091807_2818,2022,0
2022091807_283,2022,0
2022091807_2923,2022,0
2022091807_2947,2022,0
2022091807_2993,2022,0
2022091807_3043,2022,0
2022091807_3120,2022,0
2022091807_3210,2022,0
2022091807_3378,2022,0
2022091807_3402,2022,0
2022091807_3480,2022,0
2022091807_401,2022,0
2022091807_428,2022,0
2022091807_554,2022,0
2022091807_56,2022,0
2022091807_578,2022,0
2022091807_634,2022,0
2022091807_839,2022,0
2022091807_863,2022,0
2022091807_897,2022,0
2022091808_1117,2022,0
2022091808_1194,2022,0
2022091808_1223,2022,0
2022091808_152,2022,0
2022091808_1557,2022,0
2022091808_1621,2022,0
2022091808_1643,2022,0
2022091808_2234,2022,0
2022091808_2546,2022,0
2022091808_2646,2022,0
2022091808_2695,2022,0
2022091808_2717,2022,0
2022091808_2882,2022,0
2022091808_2991,2022,0
2022091808_3311,2022,0
2022091808_928,2022,0
2022091808_952,2022,0
2022091808_98,2022,0
2022091808_980,2022,0
2022091809_1310,2022,0
2022091809_143,2022,0
2022091809_1513,2022,0
2022091809_165,2022,0
2022091809_1763,2022,0
2022091809_1787,2022,0
2022091809_1816,2022,0
2022091809_1845,2022,0
2022091809_193,2022,0
2022091809_1998,2022,0
2022091809_2121,2022,0
2022091809_2145,2022,0
2022091809_2190,2022,0
2022091809_2235,2022,0
2022091809_2337,2022,0
2022091809_2389,2022,0
2022091809_2568,2022,0
2022091809_2592,2022,0
2022091809_2769,2022,0
2022091809_2875,2022,0
2022091809_2993,2022,0
2022091809_3058,2022,0
2022091809_3080,2022,0
2022091809_3102,2022,0
2022091809_3179,2022,0
2022091809_3307,2022,0
2022091809_3331,2022,0
2022091809_3383,2022,0
2022091809_3472,2022,0
2022091809_3576,2022,0
2022091809_3600,2022,0
2022091809_3628,2022,0
2022091809_3653,2022,0
2022091809_3698,2022,0
2022091809_3722,2022,0
2022091809_719,2022,0
2022091809_741,2022,0
2022091809_98,2022,0
2022091810_1018,2022,0
2022091810_1040,2022,0
2022091810_1359,2022,0
2022091810_1400,2022,0
2022091810_1491,2022,0
2022091810_1536,2022,0
2022091810_1565,2022,0
2022091810_1655,2022,0
2022091810_1677,2022,0
2022091810_1749,2022,0
2022091810_1771,2022,0
2022091810_1843,2022,0
2022091810_1905,2022,0
2022091810_2435,2022,0
2022091810_2468,2022,0
2022091810_2532,2022,0
2022091810_2581,2022,0
2022091810_2708,2022,0
2022091810_2862,2022,0
2022091810_2919,2022,0
2022091810_3189,2022,0
2022091810_3232,2022,0
2022091810_3354,2022,0
2022091810_3378,2022,0
2022091810_342,2022,0
2022091810_3456,2022,0
2022091810_3622,2022,0
2022091810_3853,2022,0
2022091810_3877,2022,0
2022091810_3934,2022,0
2022091810_3965,2022,0
2022091810_3987,2022,0
2022091810_400,2022,0
2022091810_4141,2022,0
2022091810_4165,2022,0
2022091810_4187,2022,0
2022091810_4209,2022,0
2022091810_451,2022,0
2022091810_521,2022,0
2022091810_56,2022,0
2022091810_618,2022,0
2022091810_762,2022,0
2022091810_883,2022,0
2022091810_905,2022,0
2022091810_955,2022,0
2022091811_1052,2022,0
2022091811_1097,2022,0
2022091811_1130,2022,0
2022091811_1183,2022,0
2022091811_1205,2022,0
2022091811_1229,2022,0
2022091811_1253,2022,0
2022091811_1275,2022,0
2022091811_1321,2022,0
2022091811_1491,2022,0
2022091811_1623,2022,0
2022091811_1709,2022,0
2022091811_1848,2022,0
2022091811_1875,2022,0
2022091811_2023,2022,0
2022091811_2108,2022,0
2022091811_2130,2022,0
2022091811_2213,2022,0
2022091811_2238,2022,0
2022091811_2348,2022,0
2022091811_2372,2022,0
2022091811_2461,2022,0
2022091811_2775,2022,0
2022091811_281,2022,0
2022091811_2849,2022,0
2022091811_2913,2022,0
2022091811_3009,2022,0
2022091811_3031,2022,0
2022091811_305,2022,0
2022091811_3053,2022,0
2022091811_3121,2022,0
2022091811_3145,2022,0
2022091811_3190,2022,0
2022091811_3253,2022,0
2022091811_3491,2022,0
2022091811_3515,2022,0
2022091811_3558,2022,0
2022091811_3582,2022,0
2022091811_3606,2022,0
2022091811_3753,2022,0
2022091811_3805,2022,0
2022091811_3834,2022,0
2022091811_4177,2022,0
2022091811_4297,2022,0
2022091811_4321,2022,0
2022091811_4397,2022,0
2022091811_4419,2022,0
2022091811_4443,2022,0
2022091811_4497,2022,0
2022091811_635,2022,0
2022091811_713,2022,0
2022091811_769,2022,0
2022091811_835,2022,0
2022091811_859,2022,0
2022091811_915,2022,0
2022091811_939,2022,0
2022091811_96,2022,0
2022091811_968,2022,0
2022091812_1128,2022,0
2022091812_1210,2022,0
2022091812_1353,2022,0
2022091812_1485,2022,0
2022091812_1528,2022,0
2022091812_154,2022,0
2022091812_1645,2022,0
2022091812_1732,2022,0
2022091812_1819,2022,0
2022091812_2059,2022,0
2022091812_2171,2022,0
2022091812_2299,2022,0
2022091812_2471,2022,0
2022091812_2558,2022,0
2022091812_296,2022,0
2022091812_318,2022,0
2022091812_3224,2022,0
2022091812_3246,2022,0
2022091812_641,2022,0
2022091812_700,2022,0
2022091812_745,2022,0
2022091812_904,2022,0
2022091812_928,2022,0
2022091812_976,2022,0
2022091900_1087,2022,0
2022091900_1172,2022,0
2022091900_1196,2022,0
2022091900_1268,2022,0
2022091900_1292,2022,0
2022091900_137,2022,0
2022091900_1400,2022,0
2022091900_1424,2022,0
2022091900_1549,2022,0
2022091900_1613,2022,0
2022091900_1637,2022,0
2022091900_1663,2022,0
2022091900_1905,2022,0
2022091900_2022,2022,0
2022091900_2170,2022,0
2022091900_2236,2022,0
2022091900_2260,2022,0
2022091900_2289,2022,0
2022091900_2318,2022,0
2022091900_2340,2022,0
2022091900_2403,2022,0
2022091900_2446,2022,0
2022091900_2519,2022,0
2022091900_2541,2022,0
2022091900_256,2022,0
2022091900_2644,2022,0
2022091900_2670,2022,0
2022091900_2802,2022,0
2022091900_2849,2022,0
2022091900_285,2022,0
2022091900_2972,2022,0
2022091900_3210,2022,0
2022091900_3350,2022,0
2022091900_344,2022,0
2022091900_3555,2022,0
2022091900_3774,2022,0
2022091900_411,2022,0
2022091900_463,2022,0
2022091900_531,2022,0
2022091900_562,2022,0
2022091900_609,2022,0
2022091900_69,2022,0
2022091900_736,2022,0
2022091900_786,2022,0
2022091900_877,2022,0
2022091900_922,2022,0
2022091901_1037,2022,0
2022091901_1108,2022,0
2022091901_1132,2022,0
2022091901_1177,2022,0
2022091901_1201,2022,0
2022091901_1311,2022,0
2022091901_1393,2022,0
2022091901_1503,2022,0
2022091901_1550,2022,0
2022091901_1574,2022,0
2022091901_1598,2022,0
2022091901_1785,2022,0
2022091901_1807,2022,0
2022091901_1911,2022,0
2022091901_1961,2022,0
2022091901_1992,2022,0
2022091901_2028,2022,0
2022091901_213,2022,0
2022091901_2147,2022,0
2022091901_2171,2022,0
2022091901_2223,2022,0
2022091901_2268,2022,0
2022091901_2321,2022,0
2022091901_2345,2022,0
2022091901_2382,2022,0
2022091901_2406,2022,0
2022091901_2491,2022,0
2022091901_2515,2022,0
2022091901_2567,2022,0
2022091901_2706,2022,0
2022091901_2740,2022,0
2022091901_2840,2022,0
2022091901_2888,2022,0
2022091901_2952,2022,0
2022091901_3002,2022,0
2022091901_3088,2022,0
2022091901_3110,2022,0
2022091901_3173,2022,0
2022091901_3241,2022,0
2022091901_3263,2022,0
2022091901_3418,2022,0
2022091901_3735,2022,0
2022091901_3759,2022,0
2022091901_3788,2022,0
2022091901_3812,2022,0
2022091901_3894,2022,0
2022091901_3918,2022,0
2022091901_3942,2022,0
2022091901_3976,2022,0
2022091901_567,2022,0
2022091901_64,2022,0
2022091901_696,2022,0
2022091901_787,2022,0
2022091901_811,2022,0
2022091901_880,2022,0
2022091901_976,2022,0
2022092200_1017,2022,0
2022092200_105,2022,0
2022092200_1080,2022,0
2022092200_1102,2022,0
2022092200_1126,2022,0
2022092200_1154,2022,0
2022092200_1208,2022,0
2022092200_1258,2022,0
2022092200_127,2022,0
2022092200_1314,2022,0
2022092200_1369,2022,0
2022092200_1609,2022,0
2022092200_1638,2022,0
2022092200_1823,2022,0
2022092200_190,2022,0
2022092200_1938,2022,0
2022092200_1962,2022,0
2022092200_2013,2022,0
2022092200_2083,2022,0
2022092200_2134,2022,0
2022092200_2274,2022,0
2022092200_2331,2022,0
2022092200_2428,2022,0
2022092200_2589,2022,0
2022092200_2761,2022,0
2022092200_2806,2022,0
2022092200_323,2022,0
2022092200_3338,2022,0
2022092200_3383,2022,0
2022092200_3460,2022,0
2022092200_3569,2022,0
2022092200_3759,2022,0
2022092200_3788,2022,0
2022092200_3812,2022,0
2022092200_3836,2022,0
2022092200_3858,2022,0
2022092200_3925,2022,0
2022092200_4183,2022,0
2022092200_465,2022,0
2022092200_555,2022,0
2022092200_722,2022,0
2022092200_791,2022,0
2022092200_958,2022,0
2022092200_982,2022,0
2022092500_1046,2022,0
2022092500_1127,2022,0
2022092500_1372,2022,0
2022092500_1417,2022,0
2022092500_1479,2022,0
2022092500_1638,2022,0
2022092500_1767,2022,0
2022092500_1870,2022,0
2022092500_1928,2022,0
2022092500_2194,2022,0
2022092500_220,2022,0
2022092500_2260,2022,0
2022092500_2305,2022,0
2022092500_2355,2022,0
2022092500_2603,2022,0
2022092500_263,2022,0
2022092500_2687,2022,0
2022092500_2756,2022,0
2022092500_2852,2022,0
2022092500_287,2022,0
2022092500_2895,2022,0
2022092500_2938,2022,0
2022092500_2991,2022,0
2022092500_3044,2022,0
2022092500_3068,2022,0
2022092500_3160,2022,0
2022092500_3243,2022,0
2022092500_3272,2022,0
2022092500_3294,2022,0
2022092500_3320,2022,0
2022092500_3490,2022,0
2022092500_3547,2022,0
2022092500_3571,2022,0
2022092500_3711,2022,0
2022092500_3838,2022,0
2022092500_3862,2022,0
2022092500_4056,2022,0
2022092500_666,2022,0
2022092500_709,2022,0
2022092500_808,2022,0
2022092500_858,2022,0
2022092500_882,2022,0
2022092500_968,2022,0
2022092501_1060,2022,0
2022092501_112,2022,0
2022092501_1586,2022,0
2022092501_1697,2022,0
2022092501_1740,2022,0
2022092501_1914,2022,0
2022092501_1938,2022,0
2022092501_2027,2022,0
2022092501_2183,2022,0
2022092501_2290,2022,0
2022092501_2419,2022,0
2022092501_2627,2022,0
2022092501_2696,2022,0
2022092501_2763,2022,0
2022092501_2918,2022,0
2022092501_3006,2022,0
2022092501_3250,2022,0
2022092501_3485,2022,0
2022092501_3514,2022,0
2022092501_3591,2022,0
2022092501_3613,2022,0
2022092501_3734,2022,0
2022092501_83,2022,0
2022092501_857,2022,0
2022092501_883,2022,0
2022092501_948,2022,0
2022092502_1001,2022,0
2022092502_107,2022,0
2022092502_1091,2022,0
2022092502_1156,2022,0
2022092502_1180,2022,0
2022092502_1325,2022,0
2022092502_1375,2022,0
2022092502_1404,2022,0
2022092502_1445,2022,0
2022092502_1519,2022,0
2022092502_1543,2022,0
2022092502_1739,2022,0
2022092502_1785,2022,0
2022092502_1859,2022,0
2022092502_1976,2022,0
2022092502_203,2022,0
2022092502_2086,2022,0
2022092502_2217,2022,0
2022092502_2246,2022,0
2022092502_2270,2022,0
2022092502_2292,2022,0
2022092502_2400,2022,0
2022092502_2485,2022,0
2022092502_2538,2022,0
2022092502_2584,2022,0
2022092502_2608,2022,0
2022092502_266,2022,0
2022092502_2755,2022,0
2022092502_2820,2022,0
2022092502_2907,2022,0
2022092502_3105,2022,0
2022092502_3134,2022,0
2022092502_3230,2022,0
2022092502_3443,2022,0
2022092502_3488,2022,0
2022092502_3510,2022,0
2022092502_3746,2022,0
2022092502_3866,2022,0
2022092502_3888,2022,0
2022092502_3919,2022,0
2022092502_413,2022,0
2022092502_463,2022,0
2022092502_506,2022,0
2022092502_570,2022,0
2022092502_64,2022,0
2022092502_738,2022,0
2022092502_783,2022,0
2022092502_807,2022,0
2022092502_955,2022,0
2022092503_1111,2022,0
2022092503_1246,2022,0
2022092503_1286,2022,0
2022092503_1310,2022,0
2022092503_1334,2022,0
2022092503_1426,2022,0
2022092503_1482,2022,0
2022092503_1530,2022,0
2022092503_1578,2022,0
2022092503_1600,2022,0
2022092503_164,2022,0
2022092503_1720,2022,0
2022092503_1755,2022,0
2022092503_1841,2022,0
2022092503_188,2022,0
2022092503_1900,2022,0
2022092503_1924,2022,0
2022092503_1948,2022,0
2022092503_1972,2022,0
2022092503_1994,2022,0
2022092503_2040,2022,0
2022092503_2064,2022,0
2022092503_2132,2022,0
2022092503_2180,2022,0
2022092503_2202,2022,0
2022092503_2261,2022,0
2022092503_2306,2022,0
2022092503_2330,2022,0
2022092503_2373,2022,0
2022092503_2418,2022,0
2022092503_2464,2022,0
2022092503_2491,2022,0
2022092503_2659,2022,0
2022092503_2783,2022,0
2022092503_2828,2022,0
2022092503_3050,2022,0
2022092503_3154,2022,0
2022092503_3387,2022,0
2022092503_3479,2022,0
2022092503_3503,2022,0
2022092503_3550,2022,0
2022092503_3572,2022,0
2022092503_3615,2022,0
2022092503_3898,2022,0
2022092503_3978,2022,0
2022092503_4086,2022,0
2022092503_413,2022,0
2022092503_435,2022,0
2022092503_520,2022,0
2022092503_671,2022,0
2022092503_80,2022,0
2022092503_837,2022,0
2022092503_866,2022,0
2022092503_919,2022,0
2022092503_972,2022,0
2022092504_110,2022,0
2022092504_1106,2022,0
2022092504_1172,2022,0
2022092504_1220,2022,0
2022092504_1275,2022,0
2022092504_1424,2022,0
2022092504_1520,2022,0
2022092504_155,2022,0
2022092504_1570,2022,0
2022092504_1594,2022,0
2022092504_1685,2022,0
2022092504_1709,2022,0
2022092504_1765,2022,0
2022092504_1789,2022,0
2022092504_179,2022,0
2022092504_1873,2022,0
2022092504_1897,2022,0
2022092504_1926,2022,0
2022092504_1948,2022,0
2022092504_2509,2022,0
2022092504_265,2022,0
2022092504_2723,2022,0
2022092504_2747,2022,0
2022092504_2771,2022,0
2022092504_289,2022,0
2022092504_2973,2022,0
2022092504_2995,2022,0
2022092504_3149,2022,0
2022092504_3473,2022,0
2022092504_3702,2022,0
2022092504_375,2022,0
2022092504_3827,2022,0
2022092504_4231,2022,0
2022092504_4253,2022,0
2022092504_4299,2022,0
2022092504_4321,2022,0
2022092504_443,2022,0
2022092504_465,2022,0
2022092504_733,2022,0
2022092504_755,2022,0
2022092504_84,2022,0
2022092504_846,2022,0
2022092504_896,2022,0
2022092504_965,2022,0
2022092505_1252,2022,0
2022092505_1498,2022,0
2022092505_1548,2022,0
2022092505_1677,2022,0
2022092505_1754,2022,0
2022092505_1874,2022,0
2022092505_1951,2022,0
2022092505_2093,2022,0
2022092505_2228,2022,0
2022092505_2314,2022,0
2022092505_2359,2022,0
2022092505_2467,2022,0
2022092505_249,2022,0
2022092505_2601,2022,0
2022092505_2729,2022,0
2022092505_2774,2022,0
2022092505_2919,2022,0
2022092505_3069,2022,0
2022092505_3109,2022,0
2022092505_3180,2022,0
2022092505_3394,2022,0
2022092505_3510,2022,0
2022092505_3699,2022,0
2022092505_3740,2022,0
2022092505_3780,2022,0
2022092505_420,2022,0
2022092505_449,2022,0
2022092505_494,2022,0
2022092505_776,2022,0
2022092505_89,2022,0
2022092506_109,2022,0
2022092506_1137,2022,0
2022092506_1206,2022,0
2022092506_1278,2022,0
2022092506_1332,2022,0
2022092506_1455,2022,0
2022092506_1563,2022,0
2022092506_1611,2022,0
2022092506_1633,2022,0
2022092506_1670,2022,0
2022092506_1743,2022,0
2022092506_180,2022,0
2022092506_1806,2022,0
2022092506_1917,2022,0
2022092506_1941,2022,0
2022092506_2045,2022,0
2022092506_2086,2022,0
2022092506_2110,2022,0
2022092506_2132,2022,0
2022092506_2196,2022,0
2022092506_2218,2022,0
2022092506_226,2022,0
2022092506_2291,2022,0
2022092506_2313,2022,0
2022092506_2337,2022,0
2022092506_2368,2022,0
2022092506_2398,2022,0
2022092506_2496,2022,0
2022092506_250,2022,0
2022092506_2586,2022,0
2022092506_2733,2022,0
2022092506_2779,2022,0
2022092506_2896,2022,0
2022092506_2953,2022,0
2022092506_3026,2022,0
2022092506_305,2022,0
2022092506_3163,2022,0
2022092506_3191,2022,0
2022092506_3265,2022,0
2022092506_3287,2022,0
2022092506_329,2022,0
2022092506_3353,2022,0
2022092506_3411,2022,0
2022092506_351,2022,0
2022092506_3526,2022,0
2022092506_3588,2022,0
2022092506_3633,2022,0
2022092506_3745,2022,0
2022092506_4182,2022,0
2022092506_4230,2022,0
2022092506_4285,2022,0
2022092506_4331,2022,0
2022092506_516,2022,0
2022092506_545,2022,0
2022092506_56,2022,0
2022092506_717,2022,0
2022092506_741,2022,0
2022092506_776,2022,0
2022092506_80,2022,0
2022092506_919,2022,0
2022092506_995,2022,0
2022092507_101,2022,0
2022092507_1036,2022,0
2022092507_1135,2022,0
2022092507_1204,2022,0
2022092507_1335,2022,0
2022092507_1405,2022,0
2022092507_144,2022,0
2022092507_1468,2022,0
2022092507_1497,2022,0
2022092507_1527,2022,0
2022092507_1601,2022,0
2022092507_1625,2022,0
2022092507_1698,2022,0
2022092507_1935,2022,0
2022092507_2038,2022,0
2022092507_2093,2022,0
2022092507_2287,2022,0
2022092507_2377,2022,0
2022092507_2401,2022,0
2022092507_2555,2022,0
2022092507_2661,2022,0
2022092507_2752,2022,0
2022092507_2776,2022,0
2022092507_2862,2022,0
2022092507_3091,2022,0
2022092507_310,2022,0
2022092507_3131,2022,0
2022092507_3155,2022,0
2022092507_3179,2022,0
2022092507_3201,2022,0
2022092507_3407,2022,0
2022092507_3431,2022,0
2022092507_3453,2022,0
2022092507_3561,2022,0
2022092507_3623,2022,0
2022092507_3645,2022,0
2022092507_3732,2022,0
2022092507_3759,2022,0
2022092507_423,2022,0
2022092507_501,2022,0
2022092507_525,2022,0
2022092507_591,2022,0
2022092507_620,2022,0
2022092507_697,2022,0
2022092507_742,2022,0
2022092507_77,2022,0
2022092507_865,2022,0
2022092507_939,2022,0
2022092507_963,2022,0
2022092508_1011,2022,0
2022092508_104,2022,0
2022092508_1130,2022,0
2022092508_1176,2022,0
2022092508_1286,2022,0
2022092508_1471,2022,0
2022092508_1493,2022,0
2022092508_1602,2022,0
2022092508_1700,2022,0
2022092508_1722,2022,0
2022092508_1807,2022,0
2022092508_1829,2022,0
2022092508_1955,2022,0
2022092508_1979,2022,0
2022092508_2001,2022,0
2022092508_2025,2022,0
2022092508_2061,2022,0
2022092508_2085,2022,0
2022092508_2131,2022,0
2022092508_2271,2022,0
2022092508_2340,2022,0
2022092508_2430,2022,0
2022092508_2619,2022,0
2022092508_2643,2022,0
2022092508_2667,2022,0
2022092508_2714,2022,0
2022092508_2763,2022,0
2022092508_2825,2022,0
2022092508_2849,2022,0
2022092508_2915,2022,0
2022092508_2939,2022,0
2022092508_2963,2022,0
2022092508_3104,2022,0
2022092508_3309,2022,0
2022092508_3338,2022,0
2022092508_3360,2022,0
2022092508_3384,2022,0
2022092508_3474,2022,0
2022092508_3496,2022,0
2022092508_3518,2022,0
2022092508_3582,2022,0
2022092508_3710,2022,0
2022092508_3790,2022,0
2022092508_3814,2022,0
2022092508_3843,2022,0
2022092508_3941,2022,0
2022092508_3981,2022,0
2022092508_4047,2022,0
2022092508_4076,2022,0
2022092508_4098,2022,0
2022092508_518,2022,0
2022092508_601,2022,0
2022092508_786,2022,0
2022092508_815,2022,0
2022092508_82,2022,0
2022092509_1096,2022,0
2022092509_1212,2022,0
2022092509_1262,2022,0
2022092509_1318,2022,0
2022092509_1342,2022,0
2022092509_1414,2022,0
2022092509_1443,2022,0
2022092509_1467,2022,0
2022092509_1623,2022,0
2022092509_1647,2022,0
2022092509_1687,2022,0
2022092509_1789,2022,0
2022092509_1910,2022,0
2022092509_1964,2022,0
2022092509_1988,2022,0
2022092509_2237,2022,0
2022092509_2268,2022,0
2022092509_2290,2022,0
2022092509_2315,2022,0
2022092509_234,2022,0
2022092509_2371,2022,0
2022092509_2395,2022,0
2022092509_2417,2022,0
2022092509_2577,2022,0
2022092509_2647,2022,0
2022092509_2760,2022,0
2022092509_3063,2022,0
2022092509_3156,2022,0
2022092509_3178,2022,0
2022092509_3228,2022,0
2022092509_3250,2022,0
2022092509_3361,2022,0
2022092509_3406,2022,0
2022092509_3430,2022,0
2022092509_3541,2022,0
2022092509_3616,2022,0
2022092509_3645,2022,0
2022092509_3717,2022,0
2022092509_3741,2022,0
2022092509_3765,2022,0
2022092509_3821,2022,0
2022092509_3845,2022,0
2022092509_3907,2022,0
2022092509_3929,2022,0
2022092509_3974,2022,0
2022092509_432,2022,0
2022092509_489,2022,0
2022092509_564,2022,0
2022092509_599,2022,0
2022092509_623,2022,0
2022092509_645,2022,0
2022092509_692,2022,0
2022092509_714,2022,0
2022092509_741,2022,0
2022092509_807,2022,0
2022092509_829,2022,0
2022092509_924,2022,0
2022092509_998,2022,0
2022092510_1046,2022,0
2022092510_1087,2022,0
2022092510_1134,2022,0
2022092510_1158,2022,0
2022092510_1203,2022,0
2022092510_1306,2022,0
2022092510_1330,2022,0
2022092510_1409,2022,0
2022092510_1473,2022,0
2022092510_1497,2022,0
2022092510_1547,2022,0
2022092510_1569,2022,0
2022092510_1604,2022,0
2022092510_1635,2022,0
2022092510_1706,2022,0
2022092510_1728,2022,0
2022092510_1817,2022,0
2022092510_1913,2022,0
2022092510_1949,2022,0
2022092510_1971,2022,0
2022092510_2000,2022,0
2022092510_2035,2022,0
2022092510_2097,2022,0
2022092510_210,2022,0
2022092510_2255,2022,0
2022092510_2324,2022,0
2022092510_2353,2022,0
2022092510_2440,2022,0
2022092510_2514,2022,0
2022092510_2562,2022,0
2022092510_2611,2022,0
2022092510_2667,2022,0
2022092510_2776,2022,0
2022092510_2798,2022,0
2022092510_2822,2022,0
2022092510_2965,2022,0
2022092510_3012,2022,0
2022092510_3034,2022,0
2022092510_3077,2022,0
2022092510_3129,2022,0
2022092510_3153,2022,0
2022092510_3181,2022,0
2022092510_3231,2022,0
2022092510_3260,2022,0
2022092510_3282,2022,0
2022092510_3332,2022,0
2022092510_3406,2022,0
2022092510_3435,2022,0
2022092510_353,2022,0
2022092510_3548,2022,0
2022092510_3577,2022,0
2022092510_3622,2022,0
2022092510_3707,2022,0
2022092510_3773,2022,0
2022092510_3797,2022,0
2022092510_3819,2022,0
2022092510_3843,2022,0
2022092510_3874,2022,0
2022092510_3920,2022,0
2022092510_435,2022,0
2022092510_525,2022,0
2022092510_55,2022,0
2022092510_719,2022,0
2022092510_748,2022,0
2022092510_806,2022,0
2022092510_855,2022,0
2022092510_879,2022,0
2022092510_988,2022,0
2022092511_1080,2022,0
2022092511_1130,2022,0
2022092511_1191,2022,0
2022092511_1260,2022,0
2022092511_1336,2022,0
2022092511_142,2022,0
2022092511_1461,2022,0
2022092511_1485,2022,0
2022092511_1691,2022,0
2022092511_1713,2022,0
2022092511_1752,2022,0
2022092511_1781,2022,0
2022092511_1835,2022,0
2022092511_1911,2022,0
2022092511_1962,2022,0
2022092511_2071,2022,0
2022092511_2157,2022,0
2022092511_2256,2022,0
2022092511_2301,2022,0
2022092511_2409,2022,0
2022092511_2562,2022,0
2022092511_2635,2022,0
2022092511_2659,2022,0
2022092511_2683,2022,0
2022092511_2847,2022,0
2022092511_2903,2022,0
2022092511_2946,2022,0
2022092511_2970,2022,0
2022092511_3015,2022,0
2022092511_3037,2022,0
2022092511_3093,2022,0
2022092511_3115,2022,0
2022092511_3137,2022,0
2022092511_3212,2022,0
2022092511_3278,2022,0
2022092511_330,2022,0
2022092511_3426,2022,0
2022092511_3450,2022,0
2022092511_3504,2022,0
2022092511_3634,2022,0
2022092511_373,2022,0
2022092511_429,2022,0
2022092511_611,2022,0
2022092511_656,2022,0
2022092511_685,2022,0
2022092511_735,2022,0
2022092511_76,2022,0
2022092511_833,2022,0
2022092511_857,2022,0
2022092511_879,2022,0
2022092511_987,2022,0
2022092512_1013,2022,0
2022092512_1074,2022,0
2022092512_1121,2022,0
2022092512_1212,2022,0
2022092512_1320,2022,0
2022092512_1396,2022,0
2022092512_1427,2022,0
2022092512_1456,2022,0
2022092512_1480,2022,0
2022092512_1504,2022,0
2022092512_1526,2022,0
2022092512_1590,2022,0
2022092512_1714,2022,0
2022092512_1754,2022,0
2022092512_1799,2022,0
2022092512_1951,2022,0
2022092512_2049,2022,0
2022092512_2078,2022,0
2022092512_2130,2022,0
2022092512_2174,2022,0
2022092512_2346,2022,0
2022092512_2522,2022,0
2022092512_2546,2022,0
2022092512_2639,2022,0
2022092512_2663,2022,0
2022092512_2800,2022,0
2022092512_2908,2022,0
2022092512_3080,2022,0
2022092512_3158,2022,0
2022092512_3238,2022,0
2022092512_3286,2022,0
2022092512_334,2022,0
2022092512_3436,2022,0
2022092512_3530,2022,0
2022092512_3578,2022,0
2022092512_3602,2022,0
2022092512_3626,2022,0
2022092512_363,2022,0
2022092512_3657,2022,0
2022092512_3679,2022,0
2022092512_3708,2022,0
2022092512_3732,2022,0
2022092512_3756,2022,0
2022092512_446,2022,0
2022092512_491,2022,0
2022092512_641,2022,0
2022092512_753,2022,0
2022092512_774,2022,0
2022092512_870,2022,0
2022092512_965,2022,0
2022092512_989,2022,0
2022092513_1036,2022,0
2022092513_1152,2022,0
2022092513_1213,2022,0
2022092513_1237,2022,0
2022092513_1259,2022,0
2022092513_131,2022,0
2022092513_1384,2022,0
2022092513_1460,2022,0
2022092513_1526,2022,0
2022092513_1574,2022,0
2022092513_1769,2022,0
2022092513_1798,2022,0
2022092513_1892,2022,0
2022092513_202,2022,0
2022092513_2113,2022,0
2022092513_2291,2022,0
2022092513_2320,2022,0
2022092513_2479,2022,0
2022092513_2503,2022,0
2022092513_2527,2022,0
2022092513_2726,2022,0
2022092513_2878,2022,0
2022092513_2940,2022,0
2022092513_296,2022,0
2022092513_3031,2022,0
2022092513_3149,2022,0
2022092513_3228,2022,0
2022092513_3362,2022,0
2022092513_3407,2022,0
2022092513_341,2022,0
2022092513_3429,2022,0
2022092513_3451,2022,0
2022092513_3475,2022,0
2022092513_3504,2022,0
2022092513_3565,2022,0
2022092513_3663,2022,0
2022092513_3687,2022,0
2022092513_386,2022,0
2022092513_3925,2022,0
2022092513_487,2022,0
2022092513_532,2022,0
2022092513_579,2022,0
2022092513_819,2022,0
2022092513_86,2022,0
2022092513_988,2022,0
2022092600_1064,2022,0
2022092600_1316,2022,0
2022092600_1490,2022,0
2022092600_1535,2022,0
2022092600_160,2022,0
2022092600_1647,2022,0
2022092600_1767,2022,0
2022092600_1810,2022,0
2022092600_1877,2022,0
2022092600_1901,2022,0
2022092600_1930,2022,0
2022092600_2339,2022,0
2022092600_2471,2022,0
2022092600_2516,2022,0
2022092600_2638,2022,0
2022092600_2683,2022,0
2022092600_2834,2022,0
2022092600_3125,2022,0
2022092600_3231,2022,0
2022092600_328,2022,0
2022092600_3332,2022,0
2022092600_3389,2022,0
2022092600_352,2022,0
2022092600_3546,2022,0
2022092600_3582,2022,0
2022092600_3657,2022,0
2022092600_3717,2022,0
2022092600_3739,2022,0
2022092600_376,2022,0
2022092600_3770,2022,0
2022092600_3953,2022,0
2022092600_400,2022,0
2022092600_4008,2022,0
2022092600_4032,2022,0
2022092600_4077,2022,0
2022092600_451,2022,0
2022092600_569,2022,0
2022092600_57,2022,0
2022092600_593,2022,0
2022092600_727,2022,0
2022092600_865,2022,0
2022092600_955,2022,0
2022092900_102,2022,0
2022092900_1063,2022,0
2022092900_1209,2022,0
2022092900_1254,2022,0
2022092900_1338,2022,0
2022092900_1360,2022,0
2022092900_1416,2022,0
2022092900_1583,2022,0
2022092900_171,2022,0
2022092900_1781,2022,0
2022092900_1812,2022,0
2022092900_1834,2022,0
2022092900_1863,2022,0
2022092900_1965,2022,0
2022092900_2127,2022,0
2022092900_2204,2022,0
2022092900_2396,2022,0
2022092900_2574,2022,0
2022092900_2598,2022,0
2022092900_2664,2022,0
2022092900_2755,2022,0
2022092900_2800,2022,0
2022092900_3005,2022,0
2022092900_3095,2022,0
2022092900_3124,2022,0
2022092900_3169,2022,0
2022092900_3371,2022,0
2022092900_3479,2022,0
2022092900_3501,2022,0
2022092900_355,2022,0
2022092900_3630,2022,0
2022092900_3704,2022,0
2022092900_3728,2022,0
2022092900_3779,2022,0
2022092900_3801,2022,0
2022092900_3825,2022,0
2022092900_383,2022,0
2022092900_407,2022,0
2022092900_429,2022,0
2022092900_479,2022,0
2022092900_559,2022,0
2022092900_581,2022,0
2022092900_665,2022,0
2022092900_764,2022,0
2022092900_78,2022,0
2022092900_805,2022,0
2022100200_1138,2022,0
2022100200_1183,2022,0
2022100200_1252,2022,0
2022100200_1276,2022,0
2022100200_1359,2022,0
2022100200_150,2022,0
2022100200_1505,2022,0
2022100200_1615,2022,0
2022100200_1644,2022,0
2022100200_1842,2022,0
2022100200_1866,2022,0
2022100200_1911,2022,0
2022100200_200,2022,0
2022100200_2009,2022,0
2022100200_2065,2022,0
2022100200_2087,2022,0
2022100200_2157,2022,0
2022100200_2179,2022,0
2022100200_2242,2022,0
2022100200_2319,2022,0
2022100200_2341,2022,0
2022100200_2439,2022,0
2022100200_2509,2022,0
2022100200_2531,2022,0
2022100200_2553,2022,0
2022100200_2628,2022,0
2022100200_2657,2022,0
2022100200_2824,2022,0
2022100200_2975,2022,0
2022100200_3073,2022,0
2022100200_315,2022,0
2022100200_3231,2022,0
2022100200_3327,2022,0
2022100200_3424,2022,0
2022100200_3477,2022,0
2022100200_3579,2022,0
2022100200_3731,2022,0
2022100200_3797,2022,0
2022100200_3869,2022,0
2022100200_393,2022,0
2022100200_4114,2022,0
2022100200_4138,2022,0
2022100200_4173,2022,0
2022100200_451,2022,0
2022100200_512,2022,0
2022100200_54,2022,0
2022100200_620,2022,0
2022100200_735,2022,0
2022100200_780,2022,0
2022100200_804,2022,0
2022100200_885,2022,0
2022100200_980,2022,0
2022100201_115,2022,0
2022100201_1293,2022,0
2022100201_1361,2022,0
2022100201_1385,2022,0
2022100201_1497,2022,0
2022100201_165,2022,0
2022100201_1664,2022,0
2022100201_1775,2022,0
2022100201_1998,2022,0
2022100201_221,2022,0
2022100201_2273,2022,0
2022100201_2367,2022,0
2022100201_266,2022,0
2022100201_2774,2022,0
2022100201_3045,2022,0
2022100201_309,2022,0
2022100201_3135,2022,0
2022100201_3209,2022,0
2022100201_3233,2022,0
2022100201_3338,2022,0
2022100201_354,2022,0
2022100201_3542,2022,0
2022100201_404,2022,0
2022100201_450,2022,0
2022100201_566,2022,0
2022100201_63,2022,0
2022100201_676,2022,0
2022100201_749,2022,0
2022100201_831,2022,0
2022100201_918,2022,0
2022100201_973,2022,0
2022100201_995,2022,0
2022100202_100,2022,0
2022100202_1118,2022,0
2022100202_1293,2022,0
2022100202_1433,2022,0
2022100202_1521,2022,0
2022100202_1550,2022,0
2022100202_1653,2022,0
2022100202_1675,2022,0
2022100202_1752,2022,0
2022100202_1792,2022,0
2022100202_1816,2022,0
2022100202_1872,2022,0
2022100202_1942,2022,0
2022100202_1966,2022,0
2022100202_1995,2022,0
2022100202_2165,2022,0
2022100202_2189,2022,0
2022100202_2211,2022,0
2022100202_223,2022,0
2022100202_2396,2022,0
2022100202_2574,2022,0
2022100202_2637,2022,0
2022100202_2661,2022,0
2022100202_2889,2022,0
2022100202_2986,2022,0
2022100202_3050,2022,0
2022100202_3268,2022,0
2022100202_3313,2022,0
2022100202_344,2022,0
2022100202_3528,2022,0
2022100202_3594,2022,0
2022100202_3621,2022,0
2022100202_366,2022,0
2022100202_3711,2022,0
2022100202_500,2022,0
2022100202_524,2022,0
2022100202_614,2022,0
2022100202_78,2022,0
2022100202_835,2022,0
2022100202_857,2022,0
2022100202_923,2022,0
2022100202_966,2022,0
2022100203_1044,2022,0
2022100203_1089,2022,0
2022100203_1207,2022,0
2022100203_126,2022,0
2022100203_1336,2022,0
2022100203_1493,2022,0
2022100203_150,2022,0
2022100203_1601,2022,0
2022100203_1644,2022,0
2022100203_1689,2022,0
2022100203_1723,2022,0
2022100203_1773,2022,0
2022100203_1802,2022,0
2022100203_1873,2022,0
2022100203_1897,2022,0
2022100203_1928,2022,0
2022100203_218,2022,0
2022100203_2213,2022,0
2022100203_2263,2022,0
2022100203_2318,2022,0
2022100203_2527,2022,0
2022100203_2561,2022,0
2022100203_2688,2022,0
2022100203_3149,2022,0
2022100203_3224,2022,0
2022100203_3346,2022,0
2022100203_3381,2022,0
2022100203_3470,2022,0
2022100203_3592,2022,0
2022100203_3615,2022,0
2022100203_3638,2022,0
2022100203_3662,2022,0
2022100203_3743,2022,0
2022100203_459,2022,0
2022100203_572,2022,0
2022100203_62,2022,0
2022100203_685,2022,0
2022100203_716,2022,0
2022100203_868,2022,0
2022100203_892,2022,0
2022100203_958,2022,0
2022100204_1065,2022,0
2022100204_1127,2022,0
2022100204_1198,2022,0
2022100204_1400,2022,0
2022100204_1422,2022,0
2022100204_1580,2022,0
2022100204_165,2022,0
2022100204_1655,2022,0
2022100204_1684,2022,0
2022100204_1767,2022,0
2022100204_1936,2022,0
2022100204_1958,2022,0
2022100204_2158,2022,0
2022100204_2180,2022,0
2022100204_2227,2022,0
2022100204_2457,2022,0
2022100204_2481,2022,0
2022100204_2560,2022,0
2022100204_2582,2022,0
2022100204_2648,2022,0
2022100204_2704,2022,0
2022100204_2860,2022,0
2022100204_289,2022,0
2022100204_2923,2022,0
2022100204_2951,2022,0
2022100204_3319,2022,0
2022100204_3468,2022,0
2022100204_3492,2022,0
2022100204_3514,2022,0
2022100204_3583,2022,0
2022100204_3641,2022,0
2022100204_3665,2022,0
2022100204_3694,2022,0
2022100204_3740,2022,0
2022100204_376,2022,0
2022100204_3769,2022,0
2022100204_3905,2022,0
2022100204_3950,2022,0
2022100204_3995,2022,0
2022100204_4017,2022,0
2022100204_4041,2022,0
2022100204_4070,2022,0
2022100204_586,2022,0
2022100204_633,2022,0
2022100204_657,2022,0
2022100204_686,2022,0
2022100204_731,2022,0
2022100204_77,2022,0
2022100204_827,2022,0
2022100204_924,2022,0
2022100204_957,2022,0
2022100204_981,2022,0
2022100205_1018,2022,0
2022100205_108,2022,0
2022100205_1405,2022,0
2022100205_1468,2022,0
2022100205_1570,2022,0
2022100205_1851,2022,0
2022100205_187,2022,0
2022100205_1915,2022,0
2022100205_2231,2022,0
2022100205_2377,2022,0
2022100205_2439,2022,0
2022100205_2598,2022,0
2022100205_2793,2022,0
2022100205_2853,2022,0
2022100205_2915,2022,0
2022100205_3163,2022,0
2022100205_3227,2022,0
2022100205_326,2022,0
2022100205_3580,2022,0
2022100205_3671,2022,0
2022100205_3714,2022,0
2022100205_3817,2022,0
2022100205_3839,2022,0
2022100205_3919,2022,0
2022100205_4050,2022,0
2022100205_4125,2022,0
2022100205_4228,2022,0
2022100205_4387,2022,0
2022100205_627,2022,0
2022100205_656,2022,0
2022100205_680,2022,0
2022100205_796,2022,0
2022100206_1036,2022,0
2022100206_1060,2022,0
2022100206_1084,2022,0
2022100206_1468,2022,0
2022100206_1490,2022,0
2022100206_1548,2022,0
2022100206_1596,2022,0
2022100206_1752,2022,0
2022100206_1798,2022,0
2022100206_1890,2022,0
2022100206_1930,2022,0
2022100206_1981,2022,0
2022100206_2111,2022,0
2022100206_2197,2022,0
2022100206_2340,2022,0
2022100206_2364,2022,0
2022100206_2587,2022,0
2022100206_2632,2022,0
2022100206_2656,2022,0
2022100206_2678,2022,0
2022100206_2747,2022,0
2022100206_281,2022,0
2022100206_2862,2022,0
2022100206_2937,2022,0
2022100206_2959,2022,0
2022100206_3110,2022,0
2022100206_359,2022,0
2022100206_462,2022,0
2022100206_614,2022,0
2022100206_638,2022,0
2022100206_673,2022,0
2022100206_695,2022,0
2022100206_742,2022,0
2022100206_77,2022,0
2022100206_786,2022,0
2022100206_808,2022,0
2022100206_832,2022,0
2022100207_1080,2022,0
2022100207_1102,2022,0
2022100207_1244,2022,0
2022100207_141,2022,0
2022100207_1413,2022,0
2022100207_1458,2022,0
2022100207_1538,2022,0
2022100207_1623,2022,0
2022100207_1668,2022,0
2022100207_1726,2022,0
2022100207_1873,2022,0
2022100207_1934,2022,0
2022100207_2214,2022,0
2022100207_2398,2022,0
2022100207_240,2022,0
2022100207_2443,2022,0
2022100207_2506,2022,0
2022100207_2609,2022,0
2022100207_2660,2022,0
2022100207_2684,2022,0
2022100207_2729,2022,0
2022100207_2827,2022,0
2022100207_2979,2022,0
2022100207_3024,2022,0
2022100207_3093,2022,0
2022100207_3187,2022,0
2022100207_3329,2022,0
2022100207_3351,2022,0
2022100207_3396,2022,0
2022100207_3515,2022,0
2022100207_368,2022,0
2022100207_446,2022,0
2022100207_633,2022,0
2022100207_657,2022,0
2022100207_681,2022,0
2022100207_763,2022,0
2022100207_853,2022,0
2022100207_877,2022,0
2022100207_920,2022,0
2022100207_98,2022,0
2022100208_1043,2022,0
2022100208_1107,2022,0
2022100208_1185,2022,0
2022100208_1218,2022,0
2022100208_1422,2022,0
2022100208_1611,2022,0
2022100208_1684,2022,0
2022100208_1831,2022,0
2022100208_185,2022,0
2022100208_2040,2022,0
2022100208_2106,2022,0
2022100208_2585,2022,0
2022100208_3005,2022,0
2022100208_3226,2022,0
2022100208_3276,2022,0
2022100208_3895,2022,0
2022100208_407,2022,0
2022100208_494,2022,0
2022100208_848,2022,0
2022100208_891,2022,0
2022100208_951,2022,0
2022100209_1036,2022,0
2022100209_1093,2022,0
2022100209_1117,2022,0
2022100209_1203,2022,0
2022100209_1301,2022,0
2022100209_1452,2022,0
2022100209_158,2022,0
2022100209_1655,2022,0
2022100209_2081,2022,0
2022100209_2103,2022,0
2022100209_2291,2022,0
2022100209_2339,2022,0
2022100209_2407,2022,0
2022100209_2452,2022,0
2022100209_2605,2022,0
2022100209_266,2022,0
2022100209_2752,2022,0
2022100209_290,2022,0
2022100209_2916,2022,0
2022100209_3000,2022,0
2022100209_3098,2022,0
2022100209_3322,2022,0
2022100209_3344,2022,0
2022100209_3494,2022,0
2022100209_376,2022,0
2022100209_457,2022,0
2022100209_543,2022,0
2022100209_567,2022,0
2022100209_740,2022,0
2022100209_785,2022,0
2022100209_89,2022,0
2022100209_940,2022,0
2022100209_962,2022,0
2022100210_1102,2022,0
2022100210_122,2022,0
2022100210_1262,2022,0
2022100210_1329,2022,0
2022100210_1431,2022,0
2022100210_144,2022,0
2022100210_1483,2022,0
2022100210_1509,2022,0
2022100210_1756,2022,0
2022100210_1831,2022,0
2022100210_1977,2022,0
2022100210_2157,2022,0
2022100210_2385,2022,0
2022100210_2417,2022,0
2022100210_2689,2022,0
2022100210_2711,2022,0
2022100210_2756,2022,0
2022100210_2900,2022,0
2022100210_2951,2022,0
2022100210_3043,2022,0
2022100210_3279,2022,0
2022100210_3348,2022,0
2022100210_3631,2022,0
2022100210_3655,2022,0
2022100210_370,2022,0
2022100210_3784,2022,0
2022100210_3810,2022,0
2022100210_3855,2022,0
2022100210_3955,2022,0
2022100210_3982,2022,0
2022100210_4288,2022,0
2022100210_4312,2022,0
2022100210_462,2022,0
2022100210_509,2022,0
2022100210_588,2022,0
2022100210_612,2022,0
2022100210_685,2022,0
2022100210_77,2022,0
2022100210_775,2022,0
2022100210_867,2022,0
2022100210_994,2022,0
2022100211_1082,2022,0
2022100211_1286,2022,0
2022100211_1329,2022,0
2022100211_1393,2022,0
2022100211_1438,2022,0
2022100211_1541,2022,0
2022100211_1616,2022,0
2022100211_171,2022,0
2022100211_1790,2022,0
2022100211_1855,2022,0
2022100211_1965,2022,0
2022100211_2101,2022,0
2022100211_228,2022,0
2022100211_2344,2022,0
2022100211_2407,2022,0
2022100211_2478,2022,0
2022100211_252,2022,0
2022100211_2725,2022,0
2022100211_2925,2022,0
2022100211_2970,2022,0
2022100211_308,2022,0
2022100211_3120,2022,0
2022100211_3162,2022,0
2022100211_3184,2022,0
2022100211_332,2022,0
2022100211_3545,2022,0
2022100211_3844,2022,0
2022100211_3934,2022,0
2022100211_3963,2022,0
2022100211_398,2022,0
2022100211_466,2022,0
2022100211_600,2022,0
2022100211_740,2022,0
2022100211_79,2022,0
2022100211_987,2022,0
2022100212_1046,2022,0
2022100212_1135,2022,0
2022100212_1159,2022,0
2022100212_1183,2022,0
2022100212_1275,2022,0
2022100212_1299,2022,0
2022100212_131,2022,0
2022100212_1395,2022,0
2022100212_155,2022,0
2022100212_1598,2022,0
2022100212_1622,2022,0
2022100212_1694,2022,0
2022100212_1718,2022,0
2022100212_1740,2022,0
2022100212_179,2022,0
2022100212_1816,2022,0
2022100212_1861,2022,0
2022100212_2072,2022,0
2022100212_2139,2022,0
2022100212_2161,2022,0
2022100212_224,2022,0
2022100212_2278,2022,0
2022100212_2342,2022,0
2022100212_2387,2022,0
2022100212_2486,2022,0
2022100212_2508,2022,0
2022100212_2564,2022,0
2022100212_2621,2022,0
2022100212_2643,2022,0
2022100212_269,2022,0
2022100212_2811,2022,0
2022100212_2839,2022,0
2022100212_2897,2022,0
2022100212_2926,2022,0
2022100212_2973,2022,0
2022100212_3060,2022,0
2022100212_3082,2022,0
2022100212_3226,2022,0
2022100212_325,2022,0
2022100212_3250,2022,0
2022100212_3337,2022,0
2022100212_3430,2022,0
2022100212_3618,2022,0
2022100212_3647,2022,0
2022100212_370,2022,0
2022100212_483,2022,0
2022100212_549,2022,0
2022100212_666,2022,0
2022100212_86,2022,0
2022100212_863,2022,0
2022100213_102,2022,0
2022100213_1063,2022,0
2022100213_1119,2022,0
2022100213_1143,2022,0
2022100213_1172,2022,0
2022100213_1196,2022,0
2022100213_1247,2022,0
2022100213_1331,2022,0
2022100213_1353,2022,0
2022100213_1621,2022,0
2022100213_1707,2022,0
2022100213_1731,2022,0
2022100213_186,2022,0
2022100213_1862,2022,0
2022100213_1886,2022,0
2022100213_1910,2022,0
2022100213_2035,2022,0
2022100213_210,2022,0
2022100213_2173,2022,0
2022100213_2239,2022,0
2022100213_2261,2022,0
2022100213_2307,2022,0
2022100213_2418,2022,0
2022100213_2440,2022,0
2022100213_2508,2022,0
2022100213_255,2022,0
2022100213_2569,2022,0
2022100213_2614,2022,0
2022100213_2638,2022,0
2022100213_2724,2022,0
2022100213_279,2022,0
2022100213_2899,2022,0
2022100213_2947,2022,0
2022100213_3054,2022,0
2022100213_3243,2022,0
2022100213_3372,2022,0
2022100213_3396,2022,0
2022100213_3431,2022,0
2022100213_344,2022,0
2022100213_3460,2022,0
2022100213_3554,2022,0
2022100213_3666,2022,0
2022100213_368,2022,0
2022100213_3690,2022,0
2022100213_3721,2022,0
2022100213_3745,2022,0
2022100213_3767,2022,0
2022100213_3815,2022,0
2022100213_392,2022,0
2022100213_4083,2022,0
2022100213_4107,2022,0
2022100213_4129,2022,0
2022100213_4153,2022,0
2022100213_416,2022,0
2022100213_447,2022,0
2022100213_469,2022,0
2022100213_503,2022,0
2022100213_548,2022,0
2022100213_712,2022,0
2022100213_787,2022,0
2022100213_811,2022,0
2022100213_835,2022,0
2022100213_918,2022,0
2022100213_963,2022,0
2022100213_985,2022,0
2022100300_1053,2022,0
2022100300_1082,2022,0
2022100300_1104,2022,0
2022100300_1149,2022,0
2022100300_1271,2022,0
2022100300_130,2022,0
2022100300_1324,2022,0
2022100300_1348,2022,0
2022100300_1379,2022,0
2022100300_1435,2022,0
2022100300_1609,2022,0
2022100300_1652,2022,0
2022100300_1831,2022,0
2022100300_1857,2022,0
2022100300_1879,2022,0
2022100300_1963,2022,0
2022100300_1987,2022,0
2022100300_203,2022,0
2022100300_2034,2022,0
2022100300_2085,2022,0
2022100300_2109,2022,0
2022100300_2142,2022,0
2022100300_2252,2022,0
2022100300_227,2022,0
2022100300_2406,2022,0
2022100300_2578,2022,0
2022100300_2686,2022,0
2022100300_272,2022,0
2022100300_2759,2022,0
2022100300_2921,2022,0
2022100300_3073,2022,0
2022100300_3097,2022,0
2022100300_3150,2022,0
2022100300_3172,2022,0
2022100300_324,2022,0
2022100300_3269,2022,0
2022100300_3394,2022,0
2022100300_3498,2022,0
2022100300_3599,2022,0
2022100300_3623,2022,0
2022100300_3691,2022,0
2022100300_3882,2022,0
2022100300_438,2022,0
2022100300_499,2022,0
2022100300_521,2022,0
2022100300_566,2022,0
2022100300_775,2022,0
2022100300_80,2022,0
2022100300_963,2022,0
2022100600_1000,2022,0
2022100600_1024,2022,0
2022100600_111,2022,0
2022100600_1113,2022,0
2022100600_1135,2022,0
2022100600_1157,2022,0
2022100600_1257,2022,0
2022100600_1443,2022,0
2022100600_1577,2022,0
2022100600_1611,2022,0
2022100600_1659,2022,0
2022100600_178,2022,0
2022100600_1804,2022,0
2022100600_1916,2022,0
2022100600_1980,2022,0
2022100600_202,2022,0
2022100600_2090,2022,0
2022100600_226,2022,0
2022100600_2276,2022,0
2022100600_2300,2022,0
2022100600_2351,2022,0
2022100600_2400,2022,0
2022100600_2534,2022,0
2022100600_2556,2022,0
2022100600_2739,2022,0
2022100600_2798,2022,0
2022100600_2844,2022,0
2022100600_2870,2022,0
2022100600_2892,2022,0
2022100600_2914,2022,0
2022100600_3012,2022,0
2022100600_302,2022,0
2022100600_3053,2022,0
2022100600_3077,2022,0
2022100600_3101,2022,0
2022100600_3123,2022,0
2022100600_3189,2022,0
2022100600_3232,2022,0
2022100600_3314,2022,0
2022100600_3489,2022,0
2022100600_350,2022,0
2022100600_3631,2022,0
2022100600_3653,2022,0
2022100600_3854,2022,0
2022100600_3890,2022,0
2022100600_3914,2022,0
2022100600_4000,2022,0
2022100600_4060,2022,0
2022100600_4094,2022,0
2022100600_4121,2022,0
2022100600_4213,2022,0
2022100600_4282,2022,0
2022100600_4400,2022,0
2022100600_4429,2022,0
2022100600_4479,2022,0
2022100600_4508,2022,0
2022100600_4608,2022,0
2022100600_4637,2022,0
2022100600_472,2022,0
2022100600_536,2022,0
2022100600_56,2022,0
2022100600_596,2022,0
2022100600_651,2022,0
2022100600_730,2022,0
2022100600_752,2022,0
2022100600_976,2022,0
2022100900_109,2022,0
2022100900_1109,2022,0
2022100900_1133,2022,0
2022100900_1204,2022,0
2022100900_1252,2022,0
2022100900_1486,2022,0
2022100900_1534,2022,0
2022100900_1558,2022,0
2022100900_1608,2022,0
2022100900_1645,2022,0
2022100900_1777,2022,0
2022100900_2061,2022,0
2022100900_2085,2022,0
2022100900_2193,2022,0
2022100900_2318,2022,0
2022100900_2417,2022,0
2022100900_2616,2022,0
2022100900_2708,2022,0
2022100900_2838,2022,0
2022100900_2888,2022,0
2022100900_2912,2022,0
2022100900_3133,2022,0
2022100900_3236,2022,0
2022100900_3328,2022,0
2022100900_3424,2022,0
2022100900_3478,2022,0
2022100900_352,2022,0
2022100900_3536,2022,0
2022100900_3560,2022,0
2022100900_417,2022,0
2022100900_441,2022,0
2022100900_550,2022,0
2022100900_636,2022,0
2022100900_736,2022,0
2022100900_801,2022,0
2022100900_851,2022,0
2022100900_87,2022,0
2022100900_912,2022,0
2022100900_934,2022,0
2022100900_963,2022,0
2022100901_1028,2022,0
2022100901_1052,2022,0
2022100901_1099,2022,0
2022100901_1149,2022,0
2022100901_1252,2022,0
2022100901_1295,2022,0
2022100901_1536,2022,0
2022100901_1606,2022,0
2022100901_1630,2022,0
2022100901_1697,2022,0
2022100901_1748,2022,0
2022100901_1828,2022,0
2022100901_1852,2022,0
2022100901_2020,2022,0
2022100901_2083,2022,0
2022100901_2132,2022,0
2022100901_2213,2022,0
2022100901_2330,2022,0
2022100901_2354,2022,0
2022100901_2407,2022,0
2022100901_254,2022,0
2022100901_2768,2022,0
2022100901_278,2022,0
2022100901_2797,2022,0
2022100901_2895,2022,0
2022100901_3001,2022,0
2022100901_3192,2022,0
2022100901_320,2022,0
2022100901_3263,2022,0
2022100901_3292,2022,0
2022100901_3316,2022,0
2022100901_3384,2022,0
2022100901_3406,2022,0
2022100901_3516,2022,0
2022100901_3600,2022,0
2022100901_3622,2022,0
2022100901_365,2022,0
2022100901_3707,2022,0
2022100901_3731,2022,0
2022100901_3785,2022,0
2022100901_3830,2022,0
2022100901_3885,2022,0
2022100901_3909,2022,0
2022100901_3933,2022,0
2022100901_394,2022,0
2022100901_3981,2022,0
2022100901_439,2022,0
2022100901_668,2022,0
2022100901_713,2022,0
2022100901_74,2022,0
2022100901_872,2022,0
2022100901_896,2022,0
2022100902_1057,2022,0
2022100902_1121,2022,0
2022100902_1256,2022,0
2022100902_1320,2022,0
2022100902_1344,2022,0
2022100902_1389,2022,0
2022100902_1571,2022,0
2022100902_1627,2022,0
2022100902_1846,2022,0
2022100902_1870,2022,0
2022100902_1991,2022,0
2022100902_208,2022,0
2022100902_2392,2022,0
2022100902_2438,2022,0
2022100902_247,2022,0
2022100902_2483,2022,0
2022100902_2607,2022,0
2022100902_2650,2022,0
2022100902_2725,2022,0
2022100902_2822,2022,0
2022100902_2844,2022,0
2022100902_2923,2022,0
2022100902_2947,2022,0
2022100902_2993,2022,0
2022100902_3220,2022,0
2022100902_343,2022,0
2022100902_3465,2022,0
2022100902_3489,2022,0
2022100902_3615,2022,0
2022100902_3663,2022,0
2022100902_372,2022,0
2022100902_3745,2022,0
2022100902_3823,2022,0
2022100902_3876,2022,0
2022100902_394,2022,0
2022100902_3942,2022,0
2022100902_4128,2022,0
2022100902_572,2022,0
2022100902_624,2022,0
2022100902_674,2022,0
2022100902_78,2022,0
2022100902_782,2022,0
2022100902_831,2022,0
2022100903_1182,2022,0
2022100903_1227,2022,0
2022100903_1270,2022,0
2022100903_1388,2022,0
2022100903_1435,2022,0
2022100903_1459,2022,0
2022100903_1590,2022,0
2022100903_1645,2022,0
2022100903_1669,2022,0
2022100903_1693,2022,0
2022100903_170,2022,0
2022100903_1724,2022,0
2022100903_1788,2022,0
2022100903_194,2022,0
2022100903_2037,2022,0
2022100903_2082,2022,0
2022100903_2153,2022,0
2022100903_2245,2022,0
2022100903_2353,2022,0
2022100903_2533,2022,0
2022100903_2557,2022,0
2022100903_2688,2022,0
2022100903_2710,2022,0
2022100903_2734,2022,0
2022100903_2819,2022,0
2022100903_2860,2022,0
2022100903_2882,2022,0
2022100903_2927,2022,0
2022100903_2995,2022,0
2022100903_3086,2022,0
2022100903_3108,2022,0
2022100903_3440,2022,0
2022100903_3462,2022,0
2022100903_3486,2022,0
2022100903_3515,2022,0
2022100903_3573,2022,0
2022100903_3595,2022,0
2022100903_3741,2022,0
2022100903_3763,2022,0
2022100903_3808,2022,0
2022100903_3841,2022,0
2022100903_3870,2022,0
2022100903_3895,2022,0
2022100903_435,2022,0
2022100903_457,2022,0
2022100903_505,2022,0
2022100903_550,2022,0
2022100903_56,2022,0
2022100903_572,2022,0
2022100903_619,2022,0
2022100903_664,2022,0
2022100903_730,2022,0
2022100903_78,2022,0
2022100903_801,2022,0
2022100903_823,2022,0
2022100903_994,2022,0
2022100904_1086,2022,0
2022100904_1110,2022,0
2022100904_113,2022,0
2022100904_1179,2022,0
2022100904_1247,2022,0
2022100904_137,2022,0
2022100904_1479,2022,0
2022100904_1583,2022,0
2022100904_1605,2022,0
2022100904_1723,2022,0
2022100904_1769,2022,0
2022100904_1861,2022,0
2022100904_1883,2022,0
2022100904_1907,2022,0
2022100904_1971,2022,0
2022100904_1993,2022,0
2022100904_2152,2022,0
2022100904_2223,2022,0
2022100904_2294,2022,0
2022100904_2402,2022,0
2022100904_2447,2022,0
2022100904_2469,2022,0
2022100904_2624,2022,0
2022100904_2669,2022,0
2022100904_277,2022,0
2022100904_2896,2022,0
2022100904_2920,2022,0
2022100904_2944,2022,0
2022100904_3001,2022,0
2022100904_3126,2022,0
2022100904_3228,2022,0
2022100904_3273,2022,0
2022100904_3339,2022,0
2022100904_3368,2022,0
2022100904_3434,2022,0
2022100904_3484,2022,0
2022100904_3532,2022,0
2022100904_3664,2022,0
2022100904_3693,2022,0
2022100904_3753,2022,0
2022100904_3777,2022,0
2022100904_414,2022,0
2022100904_438,2022,0
2022100904_516,2022,0
2022100904_561,2022,0
2022100904_617,2022,0
2022100904_667,2022,0
2022100904_691,2022,0
2022100904_831,2022,0
2022100904_972,2022,0
2022100905_143,2022,0
2022100905_1451,2022,0
2022100905_1516,2022,0
2022100905_1566,2022,0
2022100905_1623,2022,0
2022100905_1900,2022,0
2022100905_1969,2022,0
2022100905_2027,2022,0
2022100905_2378,2022,0
2022100905_2445,2022,0
2022100905_2469,2022,0
2022100905_2524,2022,0
2022100905_2629,2022,0
2022100905_2714,2022,0
2022100905_287,2022,0
2022100905_3026,2022,0
2022100905_3048,2022,0
2022100905_3325,2022,0
2022100905_3385,2022,0
2022100905_371,2022,0
2022100905_484,2022,0
2022100905_655,2022,0
2022100906_107,2022,0
2022100906_1178,2022,0
2022100906_1322,2022,0
2022100906_1409,2022,0
2022100906_1658,2022,0
2022100906_1710,2022,0
2022100906_1760,2022,0
2022100906_1823,2022,0
2022100906_1877,2022,0
2022100906_1901,2022,0
2022100906_1990,2022,0
2022100906_2030,2022,0
2022100906_2227,2022,0
2022100906_2522,2022,0
2022100906_2810,2022,0
2022100906_2936,2022,0
2022100906_3072,2022,0
2022100906_3376,2022,0
2022100906_3544,2022,0
2022100906_3568,2022,0
2022100906_3675,2022,0
2022100906_3863,2022,0
2022100906_3953,2022,0
2022100906_493,2022,0
2022100906_594,2022,0
2022100906_669,2022,0
2022100906_954,2022,0
2022100907_1034,2022,0
2022100907_1058,2022,0
2022100907_1157,2022,0
2022100907_131,2022,0
2022100907_1354,2022,0
2022100907_1427,2022,0
2022100907_172,2022,0
2022100907_1769,2022,0
2022100907_1819,2022,0
2022100907_1841,2022,0
2022100907_1872,2022,0
2022100907_1904,2022,0
2022100907_1928,2022,0
2022100907_250,2022,0
2022100907_2641,2022,0
2022100907_2710,2022,0
2022100907_2734,2022,0
2022100907_2911,2022,0
2022100907_3032,2022,0
2022100907_3083,2022,0
2022100907_3459,2022,0
2022100907_3665,2022,0
2022100907_3689,2022,0
2022100907_3713,2022,0
2022100907_3735,2022,0
2022100907_3759,2022,0
2022100907_3783,2022,0
2022100907_3825,2022,0
2022100907_3849,2022,0
2022100907_3871,2022,0
2022100907_393,2022,0
2022100907_471,2022,0
2022100907_493,2022,0
2022100907_547,2022,0
2022100907_57,2022,0
2022100907_598,2022,0
2022100907_641,2022,0
2022100907_789,2022,0
2022100907_81,2022,0
2022100907_895,2022,0
2022100908_1046,2022,0
2022100908_1156,2022,0
2022100908_1255,2022,0
2022100908_1277,2022,0
2022100908_1343,2022,0
2022100908_149,2022,0
2022100908_1522,2022,0
2022100908_1546,2022,0
2022100908_1570,2022,0
2022100908_1692,2022,0
2022100908_1742,2022,0
2022100908_1842,2022,0
2022100908_1882,2022,0
2022100908_1940,2022,0
2022100908_2011,2022,0
2022100908_2160,2022,0
2022100908_2189,2022,0
2022100908_2253,2022,0
2022100908_2338,2022,0
2022100908_2416,2022,0
2022100908_2438,2022,0
2022100908_2462,2022,0
2022100908_2603,2022,0
2022100908_2661,2022,0
2022100908_2875,2022,0
2022100908_3146,2022,0
2022100908_3233,2022,0
2022100908_3411,2022,0
2022100908_3537,2022,0
2022100908_3635,2022,0
2022100908_3680,2022,0
2022100908_3702,2022,0
2022100908_3731,2022,0
2022100908_3830,2022,0
2022100908_3974,2022,0
2022100908_435,2022,0
2022100908_480,2022,0
2022100908_528,2022,0
2022100908_63,2022,0
2022100908_802,2022,0
2022100908_909,2022,0
2022100908_933,2022,0
2022100908_976,2022,0
2022100909_1046,2022,0
2022100909_1237,2022,0
2022100909_1340,2022,0
2022100909_1442,2022,0
2022100909_1674,2022,0
2022100909_1696,2022,0
2022100909_1814,2022,0
2022100909_1981,2022,0
2022100909_2047,2022,0
2022100909_2108,2022,0
2022100909_2221,2022,0
2022100909_2308,2022,0
2022100909_2364,2022,0
2022100909_2388,2022,0
2022100909_2433,2022,0
2022100909_2571,2022,0
2022100909_2595,2022,0
2022100909_2687,2022,0
2022100909_2794,2022,0
2022100909_2883,2022,0
2022100909_2945,2022,0
2022100909_2990,2022,0
2022100909_3220,2022,0
2022100909_3401,2022,0
2022100909_3425,2022,0
2022100909_3528,2022,0
2022100909_3595,2022,0
2022100909_3619,2022,0
2022100909_3643,2022,0
2022100909_3728,2022,0
2022100909_3814,2022,0
2022100909_3848,2022,0
2022100909_3953,2022,0
2022100909_3995,2022,0
2022100909_4017,2022,0
2022100909_402,2022,0
2022100909_507,2022,0
2022100909_529,2022,0
2022100909_577,2022,0
2022100909_606,2022,0
2022100909_670,2022,0
2022100909_694,2022,0
2022100909_75,2022,0
2022100909_755,2022,0
2022100909_800,2022,0
2022100909_824,2022,0
2022100909_846,2022,0
2022100909_99,2022,0
2022100910_1032,2022,0
2022100910_1082,2022,0
2022100910_1369,2022,0
2022100910_1393,2022,0
2022100910_1415,2022,0
2022100910_1513,2022,0
2022100910_1714,2022,0
2022100910_1797,2022,0
2022100910_181,2022,0
2022100910_1821,2022,0
2022100910_1845,2022,0
2022100910_1902,2022,0
2022100910_2002,2022,0
2022100910_203,2022,0
2022100910_2228,2022,0
2022100910_2250,2022,0
2022100910_2279,2022,0
2022100910_2370,2022,0
2022100910_2415,2022,0
2022100910_2566,2022,0
2022100910_2660,2022,0
2022100910_2683,2022,0
2022100910_3058,2022,0
2022100910_3301,2022,0
2022100910_3348,2022,0
2022100910_3372,2022,0
2022100910_3396,2022,0
2022100910_3430,2022,0
2022100910_3452,2022,0
2022100910_3548,2022,0
2022100910_3801,2022,0
2022100910_3823,2022,0
2022100910_3857,2022,0
2022100910_3982,2022,0
2022100910_400,2022,0
2022100910_4006,2022,0
2022100910_4030,2022,0
2022100910_4059,2022,0
2022100910_4161,2022,0
2022100910_443,2022,0
2022100910_467,2022,0
2022100910_55,2022,0
2022100910_571,2022,0
2022100910_663,2022,0
2022100910_706,2022,0
2022100910_826,2022,0
2022100910_931,2022,0
2022100911_1033,2022,0
2022100911_1113,2022,0
2022100911_1260,2022,0
2022100911_1303,2022,0
2022100911_1350,2022,0
2022100911_1376,2022,0
2022100911_1500,2022,0
2022100911_151,2022,0
2022100911_1566,2022,0
2022100911_1622,2022,0
2022100911_1646,2022,0
2022100911_1682,2022,0
2022100911_1750,2022,0
2022100911_1774,2022,0
2022100911_1844,2022,0
2022100911_1868,2022,0
2022100911_1914,2022,0
2022100911_1970,2022,0
2022100911_198,2022,0
2022100911_2030,2022,0
2022100911_2103,2022,0
2022100911_220,2022,0
2022100911_2284,2022,0
2022100911_2308,2022,0
2022100911_2368,2022,0
2022100911_2392,2022,0
2022100911_2453,2022,0
2022100911_2489,2022,0
2022100911_2513,2022,0
2022100911_2608,2022,0
2022100911_265,2022,0
2022100911_2729,2022,0
2022100911_2779,2022,0
2022100911_2870,2022,0
2022100911_289,2022,0
2022100911_2915,2022,0
2022100911_2976,2022,0
2022100911_3000,2022,0
2022100911_3151,2022,0
2022100911_3217,2022,0
2022100911_3241,2022,0
2022100911_3265,2022,0
2022100911_3289,2022,0
2022100911_3560,2022,0
2022100911_3584,2022,0
2022100911_3821,2022,0
2022100911_385,2022,0
2022100911_3873,2022,0
2022100911_3895,2022,0
2022100911_3943,2022,0
2022100911_483,2022,0
2022100911_612,2022,0
2022100911_636,2022,0
2022100911_660,2022,0
2022100911_703,2022,0
2022100911_82,2022,0
2022100911_820,2022,0
2022100911_842,2022,0
2022100911_866,2022,0
2022100911_919,2022,0
2022100911_962,2022,0
2022100912_1011,2022,0
2022100912_1054,2022,0
2022100912_1193,2022,0
2022100912_1299,2022,0
2022100912_1407,2022,0
2022100912_1429,2022,0
2022100912_1570,2022,0
2022100912_1611,2022,0
2022100912_1633,2022,0
2022100912_1703,2022,0
2022100912_1732,2022,0
2022100912_1780,2022,0
2022100912_1936,2022,0
2022100912_2074,2022,0
2022100912_2232,2022,0
2022100912_2307,2022,0
2022100912_2331,2022,0
2022100912_2355,2022,0
2022100912_2400,2022,0
2022100912_2424,2022,0
2022100912_2446,2022,0
2022100912_251,2022,0
2022100912_2590,2022,0
2022100912_2649,2022,0
2022100912_2733,2022,0
2022100912_2801,2022,0
2022100912_2844,2022,0
2022100912_2906,2022,0
2022100912_309,2022,0
2022100912_3135,2022,0
2022100912_3207,2022,0
2022100912_3236,2022,0
2022100912_3260,2022,0
2022100912_3295,2022,0
2022100912_331,2022,0
2022100912_3532,2022,0
2022100912_3556,2022,0
2022100912_3591,2022,0
2022100912_423,2022,0
2022100912_445,2022,0
2022100912_55,2022,0
2022100912_573,2022,0
2022100912_717,2022,0
2022100912_783,2022,0
2022100912_79,2022,0
2022100913_1013,2022,0
2022100913_103,2022,0
2022100913_1035,2022,0
2022100913_1138,2022,0
2022100913_1248,2022,0
2022100913_127,2022,0
2022100913_1472,2022,0
2022100913_1528,2022,0
2022100913_1578,2022,0
2022100913_172,2022,0
2022100913_1773,2022,0
2022100913_1795,2022,0
2022100913_1819,2022,0
2022100913_1874,2022,0
2022100913_1929,2022,0
2022100913_1951,2022,0
2022100913_2180,2022,0
2022100913_2226,2022,0
2022100913_2248,2022,0
2022100913_2404,2022,0
2022100913_243,2022,0
2022100913_2454,2022,0
2022100913_2516,2022,0
2022100913_2604,2022,0
2022100913_2639,2022,0
2022100913_2663,2022,0
2022100913_2772,2022,0
2022100913_2869,2022,0
2022100913_2961,2022,0
2022100913_3060,2022,0
2022100913_324,2022,0
2022100913_3331,2022,0
2022100913_3407,2022,0
2022100913_3486,2022,0
2022100913_3531,2022,0
2022100913_3688,2022,0
2022100913_55,2022,0
2022100913_670,2022,0
2022100913_692,2022,0
2022100913_786,2022,0
2022100913_79,2022,0
2022100913_808,2022,0
2022100913_869,2022,0
2022100913_893,2022,0
2022101000_1043,2022,0
2022101000_110,2022,0
2022101000_1150,2022,0
2022101000_1172,2022,0
2022101000_1266,2022,0
2022101000_1288,2022,0
2022101000_132,2022,0
2022101000_1427,2022,0
2022101000_1667,2022,0
2022101000_1731,2022,0
2022101000_1820,2022,0
2022101000_2071,2022,0
2022101000_2515,2022,0
2022101000_2842,2022,0
2022101000_287,2022,0
2022101000_2979,2022,0
2022101000_3223,2022,0
2022101000_3305,2022,0
2022101000_343,2022,0
2022101000_3465,2022,0
2022101000_3526,2022,0
2022101000_3550,2022,0
2022101000_3572,2022,0
2022101000_3601,2022,0
2022101000_3740,2022,0
2022101000_3785,2022,0
2022101000_3927,2022,0
2022101000_4001,2022,0
2022101000_4023,2022,0
2022101000_4047,2022,0
2022101000_423,2022,0
2022101000_471,2022,0
2022101000_594,2022,0
2022101000_723,2022,0
2022101000_812,2022,0
2022101300_1042,2022,0
2022101300_1066,2022,0
2022101300_1088,2022,0
2022101300_1169,2022,0
2022101300_1297,2022,0
2022101300_1347,2022,0
2022101300_1454,2022,0
2022101300_1562,2022,0
2022101300_1624,2022,0
2022101300_1688,2022,0
2022101300_1752,2022,0
2022101300_1964,2022,0
2022101300_1998,2022,0
2022101300_2230,2022,0
2022101300_2259,2022,0
2022101300_2314,2022,0
2022101300_2362,2022,0
2022101300_2541,2022,0
2022101300_2565,2022,0
2022101300_2631,2022,0
2022101300_2793,2022,0
2022101300_3043,2022,0
2022101300_342,2022,0
2022101300_3435,2022,0
2022101300_3691,2022,0
2022101300_3828,2022,0
2022101300_427,2022,0
2022101300_498,2022,0
2022101300_696,2022,0
2022101300_760,2022,0
2022101300_80,2022,0
2022101600_1143,2022,0
2022101600_1167,2022,0
2022101600_1394,2022,0
2022101600_153,2022,0
2022101600_1623,2022,0
2022101600_1647,2022,0
2022101600_1690,2022,0
2022101600_1775,2022,0
2022101600_1865,2022,0
2022101600_1887,2022,0
2022101600_1909,2022,0
2022101600_1979,2022,0
2022101600_2276,2022,0
2022101600_2321,2022,0
2022101600_2343,2022,0
2022101600_2447,2022,0
2022101600_2532,2022,0
2022101600_2556,2022,0
2022101600_2601,2022,0
2022101600_2667,2022,0
2022101600_2689,2022,0
2022101600_2741,2022,0
2022101600_2831,2022,0
2022101600_2872,2022,0
2022101600_2957,2022,0
2022101600_2984,2022,0
2022101600_3097,2022,0
2022101600_3211,2022,0
2022101600_3238,2022,0
2022101600_3272,2022,0
2022101600_3339,2022,0
2022101600_3528,2022,0
2022101600_3552,2022,0
2022101600_3576,2022,0
2022101600_3600,2022,0
2022101600_465,2022,0
2022101600_593,2022,0
2022101600_636,2022,0
2022101600_782,2022,0
2022101600_806,2022,0
2022101600_849,2022,0
2022101600_910,2022,0
2022101600_941,2022,0
2022101601_1085,2022,0
2022101601_1206,2022,0
2022101601_1335,2022,0
2022101601_1380,2022,0
2022101601_1452,2022,0
2022101601_1476,2022,0
2022101601_151,2022,0
2022101601_1552,2022,0
2022101601_1597,2022,0
2022101601_1621,2022,0
2022101601_1821,2022,0
2022101601_1843,2022,0
2022101601_2501,2022,0
2022101601_2548,2022,0
2022101601_2641,2022,0
2022101601_2730,2022,0
2022101601_2872,2022,0
2022101601_294,2022,0
2022101601_2999,2022,0
2022101601_3049,2022,0
2022101601_3073,2022,0
2022101601_3095,2022,0
2022101601_3347,2022,0
2022101601_3471,2022,0
2022101601_3493,2022,0
2022101601_3652,2022,0
2022101601_3890,2022,0
2022101601_4025,2022,0
2022101601_4258,2022,0
2022101601_4282,2022,0
2022101601_431,2022,0
2022101601_4352,2022,0
2022101601_4390,2022,0
2022101601_4414,2022,0
2022101601_56,2022,0
2022101601_570,2022,0
2022101601_753,2022,0
2022101601_80,2022,0
2022101601_832,2022,0
2022101601_955,2022,0
2022101602_1081,2022,0
2022101602_1202,2022,0
2022101602_1233,2022,0
2022101602_1322,2022,0
2022101602_1572,2022,0
2022101602_1654,2022,0
2022101602_1678,2022,0
2022101602_1826,2022,0
2022101602_1857,2022,0
2022101602_1923,2022,0
2022101602_1952,2022,0
2022101602_1981,2022,0
2022101602_2010,2022,0
2022101602_2034,2022,0
2022101602_2161,2022,0
2022101602_2251,2022,0
2022101602_233,2022,0
2022101602_2404,2022,0
2022101602_2428,2022,0
2022101602_2517,2022,0
2022101602_2581,2022,0
2022101602_2702,2022,0
2022101602_2958,2022,0
2022101602_3209,2022,0
2022101602_3233,2022,0
2022101602_3257,2022,0
2022101602_3289,2022,0
2022101602_3376,2022,0
2022101602_3398,2022,0
2022101602_3422,2022,0
2022101602_353,2022,0
2022101602_3824,2022,0
2022101602_3877,2022,0
2022101602_3901,2022,0
2022101602_553,2022,0
2022101602_683,2022,0
2022101602_705,2022,0
2022101602_842,2022,0
2022101602_864,2022,0
2022101603_1008,2022,0
2022101603_1127,2022,0
2022101603_114,2022,0
2022101603_1151,2022,0
2022101603_1232,2022,0
2022101603_1278,2022,0
2022101603_1344,2022,0
2022101603_138,2022,0
2022101603_1418,2022,0
2022101603_1589,2022,0
2022101603_1634,2022,0
2022101603_1724,2022,0
2022101603_1851,2022,0
2022101603_1882,2022,0
2022101603_1957,2022,0
2022101603_200,2022,0
2022101603_2005,2022,0
2022101603_2027,2022,0
2022101603_2078,2022,0
2022101603_2107,2022,0
2022101603_2141,2022,0
2022101603_2387,2022,0
2022101603_2434,2022,0
2022101603_2599,2022,0
2022101603_2677,2022,0
2022101603_2704,2022,0
2022101603_2828,2022,0
2022101603_2901,2022,0
2022101603_2950,2022,0
2022101603_301,2022,0
2022101603_3050,2022,0
2022101603_3074,2022,0
2022101603_3108,2022,0
2022101603_3151,2022,0
2022101603_3196,2022,0
2022101603_3274,2022,0
2022101603_3458,2022,0
2022101603_3482,2022,0
2022101603_3511,2022,0
2022101603_3577,2022,0
2022101603_3793,2022,0
2022101603_3854,2022,0
2022101603_3876,2022,0
2022101603_3929,2022,0
2022101603_393,2022,0
2022101603_3960,2022,0
2022101603_4190,2022,0
2022101603_4214,2022,0
2022101603_479,2022,0
2022101603_573,2022,0
2022101603_63,2022,0
2022101603_726,2022,0
2022101603_800,2022,0
2022101603_828,2022,0
2022101603_85,2022,0
2022101603_964,2022,0
2022101603_986,2022,0
2022101604_1018,2022,0
2022101604_1110,2022,0
2022101604_1177,2022,0
2022101604_1399,2022,0
2022101604_1428,2022,0
2022101604_1478,2022,0
2022101604_1544,2022,0
2022101604_157,2022,0
2022101604_1624,2022,0
2022101604_1659,2022,0
2022101604_1705,2022,0
2022101604_1760,2022,0
2022101604_181,2022,0
2022101604_1893,2022,0
2022101604_1917,2022,0
2022101604_2032,2022,0
2022101604_2121,2022,0
2022101604_2145,2022,0
2022101604_2230,2022,0
2022101604_2360,2022,0
2022101604_2518,2022,0
2022101604_2540,2022,0
2022101604_2562,2022,0
2022101604_2636,2022,0
2022101604_2714,2022,0
2022101604_273,2022,0
2022101604_2762,2022,0
2022101604_2791,2022,0
2022101604_2861,2022,0
2022101604_295,2022,0
2022101604_3105,2022,0
2022101604_3150,2022,0
2022101604_3174,2022,0
2022101604_3240,2022,0
2022101604_3296,2022,0
2022101604_3320,2022,0
2022101604_340,2022,0
2022101604_3413,2022,0
2022101604_3437,2022,0
2022101604_3478,2022,0
2022101604_3565,2022,0
2022101604_3701,2022,0
2022101604_3730,2022,0
2022101604_3860,2022,0
2022101604_3884,2022,0
2022101604_3911,2022,0
2022101604_4009,2022,0
2022101604_494,2022,0
2022101604_549,2022,0
2022101604_56,2022,0
2022101604_699,2022,0
2022101604_763,2022,0
2022101604_785,2022,0
2022101604_825,2022,0
2022101604_886,2022,0
2022101604_996,2022,0
2022101605_1020,2022,0
2022101605_1196,2022,0
2022101605_1252,2022,0
2022101605_1396,2022,0
2022101605_1418,2022,0
2022101605_1483,2022,0
2022101605_1542,2022,0
2022101605_1570,2022,0
2022101605_1594,2022,0
2022101605_1653,2022,0
2022101605_1677,2022,0
2022101605_168,2022,0
2022101605_1838,2022,0
2022101605_1887,2022,0
2022101605_190,2022,0
2022101605_2001,2022,0
2022101605_2054,2022,0
2022101605_2130,2022,0
2022101605_2247,2022,0
2022101605_2298,2022,0
2022101605_2450,2022,0
2022101605_2633,2022,0
2022101605_2721,2022,0
2022101605_274,2022,0
2022101605_2775,2022,0
2022101605_2804,2022,0
2022101605_2862,2022,0
2022101605_2946,2022,0
2022101605_2995,2022,0
2022101605_3088,2022,0
2022101605_3162,2022,0
2022101605_3239,2022,0
2022101605_3304,2022,0
2022101605_3403,2022,0
2022101605_3503,2022,0
2022101605_3632,2022,0
2022101605_373,2022,0
2022101605_3738,2022,0
2022101605_3877,2022,0
2022101605_3899,2022,0
2022101605_3923,2022,0
2022101605_3947,2022,0
2022101605_3982,2022,0
2022101605_422,2022,0
2022101605_450,2022,0
2022101605_472,2022,0
2022101605_538,2022,0
2022101605_657,2022,0
2022101605_689,2022,0
2022101605_713,2022,0
2022101605_771,2022,0
2022101605_853,2022,0
2022101605_905,2022,0
2022101605_938,2022,0
2022101605_960,2022,0
2022101606_1127,2022,0
2022101606_1217,2022,0
2022101606_1241,2022,0
2022101606_1527,2022,0
2022101606_1577,2022,0
2022101606_1685,2022,0
2022101606_1999,2022,0
2022101606_2117,2022,0
2022101606_2160,2022,0
2022101606_2300,2022,0
2022101606_237,2022,0
2022101606_2379,2022,0
2022101606_2520,2022,0
2022101606_2544,2022,0
2022101606_2610,2022,0
2022101606_2791,2022,0
2022101606_3048,2022,0
2022101606_3117,2022,0
2022101606_316,2022,0
2022101606_3162,2022,0
2022101606_3270,2022,0
2022101606_340,2022,0
2022101606_436,2022,0
2022101606_519,2022,0
2022101606_607,2022,0
2022101606_681,2022,0
2022101606_747,2022,0
2022101606_921,2022,0
2022101606_98,2022,0
2022101606_995,2022,0
2022101607_1058,2022,0
2022101607_1368,2022,0
2022101607_1392,2022,0
2022101607_143,2022,0
2022101607_1453,2022,0
2022101607_1475,2022,0
2022101607_1499,2022,0
2022101607_1585,2022,0
2022101607_1609,2022,0
2022101607_1677,2022,0
2022101607_1699,2022,0
2022101607_1750,2022,0
2022101607_1831,2022,0
2022101607_1896,2022,0
2022101607_196,2022,0
2022101607_2003,2022,0
2022101607_2049,2022,0
2022101607_2138,2022,0
2022101607_2167,2022,0
2022101607_2266,2022,0
2022101607_2332,2022,0
2022101607_2739,2022,0
2022101607_2773,2022,0
2022101607_2797,2022,0
2022101607_2842,2022,0
2022101607_2960,2022,0
2022101607_2987,2022,0
2022101607_3055,2022,0
2022101607_3079,2022,0
2022101607_3159,2022,0
2022101607_3289,2022,0
2022101607_3355,2022,0
2022101607_3413,2022,0
2022101607_3476,2022,0
2022101607_3500,2022,0
2022101607_3596,2022,0
2022101607_3717,2022,0
2022101607_3766,2022,0
2022101607_3814,2022,0
2022101607_3995,2022,0
2022101607_402,2022,0
2022101607_510,2022,0
2022101607_536,2022,0
2022101607_602,2022,0
2022101607_633,2022,0
2022101607_678,2022,0
2022101607_700,2022,0
2022101607_722,2022,0
2022101607_77,2022,0
2022101607_839,2022,0
2022101607_914,2022,0
2022101607_973,2022,0
2022101607_99,2022,0
2022101608_1055,2022,0
2022101608_1100,2022,0
2022101608_1259,2022,0
2022101608_1281,2022,0
2022101608_1488,2022,0
2022101608_1553,2022,0
2022101608_1716,2022,0
2022101608_1849,2022,0
2022101608_1871,2022,0
2022101608_196,2022,0
2022101608_2105,2022,0
2022101608_2134,2022,0
2022101608_2169,2022,0
2022101608_2214,2022,0
2022101608_225,2022,0
2022101608_2393,2022,0
2022101608_2448,2022,0
2022101608_2477,2022,0
2022101608_2561,2022,0
2022101608_259,2022,0
2022101608_2630,2022,0
2022101608_2679,2022,0
2022101608_2706,2022,0
2022101608_2730,2022,0
2022101608_2775,2022,0
2022101608_2799,2022,0
2022101608_2859,2022,0
2022101608_2963,2022,0
2022101608_2987,2022,0
2022101608_3106,2022,0
2022101608_315,2022,0
2022101608_3227,2022,0
2022101608_3251,2022,0
2022101608_3275,2022,0
2022101608_3297,2022,0
2022101608_3321,2022,0
2022101608_401,2022,0
2022101608_486,2022,0
2022101608_510,2022,0
2022101608_667,2022,0
2022101608_689,2022,0
2022101608_76,2022,0
2022101608_878,2022,0
2022101608_923,2022,0
2022101608_966,2022,0
2022101609_1053,2022,0
2022101609_1098,2022,0
2022101609_1129,2022,0
2022101609_1278,2022,0
2022101609_1332,2022,0
2022101609_1398,2022,0
2022101609_1481,2022,0
2022101609_159,2022,0
2022101609_1635,2022,0
2022101609_1753,2022,0
2022101609_181,2022,0
2022101609_1853,2022,0
2022101609_1936,2022,0
2022101609_1958,2022,0
2022101609_2031,2022,0
2022101609_2055,2022,0
2022101609_2190,2022,0
2022101609_2277,2022,0
2022101609_2405,2022,0
2022101609_252,2022,0
2022101609_2546,2022,0
2022101609_2635,2022,0
2022101609_2703,2022,0
2022101609_2790,2022,0
2022101609_2899,2022,0
2022101609_2931,2022,0
2022101609_2974,2022,0
2022101609_2998,2022,0
2022101609_3032,2022,0
2022101609_3070,2022,0
2022101609_3178,2022,0
2022101609_3223,2022,0
2022101609_3247,2022,0
2022101609_3269,2022,0
2022101609_331,2022,0
2022101609_3321,2022,0
2022101609_3392,2022,0
2022101609_3488,2022,0
2022101609_353,2022,0
2022101609_3578,2022,0
2022101609_3660,2022,0
2022101609_3684,2022,0
2022101609_3728,2022,0
2022101609_3752,2022,0
2022101609_3774,2022,0
2022101609_3824,2022,0
2022101609_3872,2022,0
2022101609_3894,2022,0
2022101609_4193,2022,0
2022101609_462,2022,0
2022101609_558,2022,0
2022101609_582,2022,0
2022101609_62,2022,0
2022101609_627,2022,0
2022101609_799,2022,0
2022101609_845,2022,0
2022101609_888,2022,0
2022101610_1015,2022,0
2022101610_1065,2022,0
2022101610_1182,2022,0
2022101610_129,2022,0
2022101610_1327,2022,0
2022101610_1557,2022,0
2022101610_1607,2022,0
2022101610_1762,2022,0
2022101610_1807,2022,0
2022101610_1897,2022,0
2022101610_1969,2022,0
2022101610_203,2022,0
2022101610_2057,2022,0
2022101610_2100,2022,0
2022101610_2131,2022,0
2022101610_2155,2022,0
2022101610_2184,2022,0
2022101610_2278,2022,0
2022101610_2460,2022,0
2022101610_2624,2022,0
2022101610_2696,2022,0
2022101610_2720,2022,0
2022101610_2744,2022,0
2022101610_2852,2022,0
2022101610_3064,2022,0
2022101610_3088,2022,0
2022101610_311,2022,0
2022101610_3112,2022,0
2022101610_3136,2022,0
2022101610_3269,2022,0
2022101610_3333,2022,0
2022101610_3357,2022,0
2022101610_3497,2022,0
2022101610_3706,2022,0
2022101610_3793,2022,0
2022101610_3872,2022,0
2022101610_3894,2022,0
2022101610_391,2022,0
2022101610_4064,2022,0
2022101610_420,2022,0
2022101610_55,2022,0
2022101610_632,2022,0
2022101610_675,2022,0
2022101610_701,2022,0
2022101610_731,2022,0
2022101610_79,2022,0
2022101610_807,2022,0
2022101610_904,2022,0
2022101611_1129,2022,0
2022101611_1175,2022,0
2022101611_1197,2022,0
2022101611_1389,2022,0
2022101611_1460,2022,0
2022101611_1484,2022,0
2022101611_1550,2022,0
2022101611_1699,2022,0
2022101611_1721,2022,0
2022101611_1901,2022,0
2022101611_2012,2022,0
2022101611_2057,2022,0
2022101611_2158,2022,0
2022101611_2227,2022,0
2022101611_225,2022,0
2022101611_2256,2022,0
2022101611_2375,2022,0
2022101611_2409,2022,0
2022101611_2468,2022,0
2022101611_249,2022,0
2022101611_2609,2022,0
2022101611_2707,2022,0
2022101611_2757,2022,0
2022101611_2802,2022,0
2022101611_3145,2022,0
2022101611_319,2022,0
2022101611_3303,2022,0
2022101611_3372,2022,0
2022101611_3615,2022,0
2022101611_3637,2022,0
2022101611_3661,2022,0
2022101611_3712,2022,0
2022101611_3774,2022,0
2022101611_3798,2022,0
2022101611_3842,2022,0
2022101611_425,2022,0
2022101611_485,2022,0
2022101611_530,2022,0
2022101611_554,2022,0
2022101611_576,2022,0
2022101611_671,2022,0
2022101611_768,2022,0
2022101611_887,2022,0
2022101700_1000,2022,0
2022101700_1090,2022,0
2022101700_111,2022,0
2022101700_1136,2022,0
2022101700_1160,2022,0
2022101700_1205,2022,0
2022101700_1274,2022,0
2022101700_1400,2022,0
2022101700_155,2022,0
2022101700_1618,2022,0
2022101700_1701,2022,0
2022101700_1838,2022,0
2022101700_1894,2022,0
2022101700_1916,2022,0
2022101700_1940,2022,0
2022101700_200,2022,0
2022101700_2053,2022,0
2022101700_2168,2022,0
2022101700_2236,2022,0
2022101700_2292,2022,0
2022101700_2370,2022,0
2022101700_245,2022,0
2022101700_2502,2022,0
2022101700_2545,2022,0
2022101700_2632,2022,0
2022101700_2727,2022,0
2022101700_2795,2022,0
2022101700_2844,2022,0
2022101700_2890,2022,0
2022101700_2914,2022,0
2022101700_2936,2022,0
2022101700_2979,2022,0
2022101700_3022,2022,0
2022101700_3046,2022,0
2022101700_3152,2022,0
2022101700_3193,2022,0
2022101700_3370,2022,0
2022101700_339,2022,0
2022101700_3461,2022,0
2022101700_3571,2022,0
2022101700_3595,2022,0
2022101700_3789,2022,0
2022101700_3813,2022,0
2022101700_3837,2022,0
2022101700_3861,2022,0
2022101700_3905,2022,0
2022101700_3970,2022,0
2022101700_4084,2022,0
2022101700_4179,2022,0
2022101700_419,2022,0
2022101700_4225,2022,0
2022101700_4349,2022,0
2022101700_4416,2022,0
2022101700_443,2022,0
2022101700_556,2022,0
2022101700_634,2022,0
2022101700_658,2022,0
2022101700_680,2022,0
2022101700_733,2022,0
2022101700_788,2022,0
2022101700_817,2022,0
2022101700_841,2022,0
2022101700_889,2022,0
2022101700_952,2022,0
2022101700_976,2022,0
2022102000_1182,2022,0
2022102000_1227,2022,0
2022102000_1277,2022,0
2022102000_1406,2022,0
2022102000_1430,2022,0
2022102000_145,2022,0
2022102000_1618,2022,0
2022102000_1683,2022,0
2022102000_1728,2022,0
2022102000_1784,2022,0
2022102000_1920,2022,0
2022102000_1944,2022,0
2022102000_2007,2022,0
2022102000_2073,2022,0
2022102000_2241,2022,0
2022102000_2335,2022,0
2022102000_2439,2022,0
2022102000_246,2022,0
2022102000_2463,2022,0
2022102000_2508,2022,0
2022102000_2609,2022,0
2022102000_2748,2022,0
2022102000_281,2022,0
2022102000_2823,2022,0
2022102000_2857,2022,0
2022102000_2879,2022,0
2022102000_2953,2022,0
2022102000_3026,2022,0
2022102000_3095,2022,0
2022102000_3124,2022,0
2022102000_3148,2022,0
2022102000_3172,2022,0
2022102000_3290,2022,0
2022102000_3536,2022,0
2022102000_3565,2022,0
2022102000_3622,2022,0
2022102000_3651,2022,0
2022102000_3680,2022,0
2022102000_3704,2022,0
2022102000_3726,2022,0
2022102000_3750,2022,0
2022102000_3774,2022,0
2022102000_4015,2022,0
2022102000_4039,2022,0
2022102000_4094,2022,0
2022102000_4118,2022,0
2022102000_4142,2022,0
2022102000_4227,2022,0
2022102000_519,2022,0
2022102000_546,2022,0
2022102000_56,2022,0
2022102000_591,2022,0
2022102000_615,2022,0
2022102000_702,2022,0
2022102000_802,2022,0
2022102000_887,2022,0
2022102300_1077,2022,0
2022102300_1110,2022,0
2022102300_1177,2022,0
2022102300_1201,2022,0
2022102300_122,2022,0
2022102300_1314,2022,0
2022102300_1495,2022,0
2022102300_1519,2022,0
2022102300_1634,2022,0
2022102300_1774,2022,0
2022102300_1859,2022,0
2022102300_2094,2022,0
2022102300_2290,2022,0
2022102300_2471,2022,0
2022102300_2601,2022,0
2022102300_2733,2022,0
2022102300_2990,2022,0
2022102300_3065,2022,0
2022102300_3376,2022,0
2022102300_3410,2022,0
2022102300_3682,2022,0
2022102300_3706,2022,0
2022102300_3733,2022,0
2022102300_430,2022,0
2022102300_552,2022,0
2022102300_625,2022,0
2022102300_705,2022,0
2022102300_77,2022,0
2022102301_101,2022,0
2022102301_1061,2022,0
2022102301_1237,2022,0
2022102301_1261,2022,0
2022102301_1285,2022,0
2022102301_1328,2022,0
2022102301_1380,2022,0
2022102301_1438,2022,0
2022102301_1469,2022,0
2022102301_1493,2022,0
2022102301_1517,2022,0
2022102301_1580,2022,0
2022102301_1602,2022,0
2022102301_1631,2022,0
2022102301_1653,2022,0
2022102301_1806,2022,0
2022102301_184,2022,0
2022102301_1897,2022,0
2022102301_1937,2022,0
2022102301_1988,2022,0
2022102301_2092,2022,0
2022102301_2121,2022,0
2022102301_2212,2022,0
2022102301_2234,2022,0
2022102301_2256,2022,0
2022102301_2348,2022,0
2022102301_2370,2022,0
2022102301_2419,2022,0
2022102301_2550,2022,0
2022102301_2597,2022,0
2022102301_2621,2022,0
2022102301_2645,2022,0
2022102301_2667,2022,0
2022102301_2696,2022,0
2022102301_2789,2022,0
2022102301_2813,2022,0
2022102301_2838,2022,0
2022102301_2860,2022,0
2022102301_3050,2022,0
2022102301_3118,2022,0
2022102301_3142,2022,0
2022102301_3166,2022,0
2022102301_320,2022,0
2022102301_3251,2022,0
2022102301_365,2022,0
2022102301_389,2022,0
2022102301_442,2022,0
2022102301_466,2022,0
2022102301_619,2022,0
2022102301_685,2022,0
2022102301_709,2022,0
2022102301_77,2022,0
2022102301_818,2022,0
2022102301_963,2022,0
2022102301_987,2022,0
2022102302_1026,2022,0
2022102302_112,2022,0
2022102302_1123,2022,0
2022102302_141,2022,0
2022102302_1413,2022,0
2022102302_1503,2022,0
2022102302_1546,2022,0
2022102302_1625,2022,0
2022102302_1705,2022,0
2022102302_1761,2022,0
2022102302_1790,2022,0
2022102302_1814,2022,0
2022102302_2050,2022,0
2022102302_2100,2022,0
2022102302_2261,2022,0
2022102302_2285,2022,0
2022102302_2655,2022,0
2022102302_2738,2022,0
2022102302_2762,2022,0
2022102302_2851,2022,0
2022102302_289,2022,0
2022102302_2896,2022,0
2022102302_2918,2022,0
2022102302_3081,2022,0
2022102302_3196,2022,0
2022102302_3277,2022,0
2022102302_3301,2022,0
2022102302_3337,2022,0
2022102302_336,2022,0
2022102302_358,2022,0
2022102302_432,2022,0
2022102302_507,2022,0
2022102302_559,2022,0
2022102302_67,2022,0
2022102302_753,2022,0
2022102302_850,2022,0
2022102302_898,2022,0
2022102303_1040,2022,0
2022102303_1075,2022,0
2022102303_1153,2022,0
2022102303_1264,2022,0
2022102303_1299,2022,0
2022102303_1321,2022,0
2022102303_1402,2022,0
2022102303_148,2022,0
2022102303_1495,2022,0
2022102303_1519,2022,0
2022102303_1658,2022,0
2022102303_1842,2022,0
2022102303_1895,2022,0
2022102303_1940,2022,0
2022102303_2131,2022,0
2022102303_2174,2022,0
2022102303_2244,2022,0
2022102303_2390,2022,0
2022102303_2712,2022,0
2022102303_2762,2022,0
2022102303_2871,2022,0
2022102303_2997,2022,0
2022102303_303,2022,0
2022102303_3040,2022,0
2022102303_3111,2022,0
2022102303_3135,2022,0
2022102303_3185,2022,0
2022102303_3283,2022,0
2022102303_3435,2022,0
2022102303_3501,2022,0
2022102303_3573,2022,0
2022102303_421,2022,0
2022102303_445,2022,0
2022102303_474,2022,0
2022102303_545,2022,0
2022102303_56,2022,0
2022102303_569,2022,0
2022102303_712,2022,0
2022102303_826,2022,0
2022102303_995,2022,0
2022102304_102,2022,0
2022102304_1169,2022,0
2022102304_1218,2022,0
2022102304_1249,2022,0
2022102304_1390,2022,0
2022102304_1516,2022,0
2022102304_1538,2022,0
2022102304_1858,2022,0
2022102304_1910,2022,0
2022102304_1937,2022,0
2022102304_1966,2022,0
2022102304_2033,2022,0
2022102304_2125,2022,0
2022102304_2156,2022,0
2022102304_2192,2022,0
2022102304_2214,2022,0
2022102304_2305,2022,0
2022102304_245,2022,0
2022102304_2499,2022,0
2022102304_2644,2022,0
2022102304_2833,2022,0
2022102304_303,2022,0
2022102304_3089,2022,0
2022102304_3167,2022,0
2022102304_3234,2022,0
2022102304_3280,2022,0
2022102304_3485,2022,0
2022102304_3791,2022,0
2022102304_384,2022,0
2022102304_408,2022,0
2022102304_4455,2022,0
2022102304_4477,2022,0
2022102304_56,2022,0
2022102304_568,2022,0
2022102304_703,2022,0
2022102304_725,2022,0
2022102304_80,2022,0
2022102304_968,2022,0
2022102305_1028,2022,0
2022102305_1052,2022,0
2022102305_1210,2022,0
2022102305_1255,2022,0
2022102305_1279,2022,0
2022102305_1446,2022,0
2022102305_1481,2022,0
2022102305_1665,2022,0
2022102305_1689,2022,0
2022102305_1861,2022,0
2022102305_1927,2022,0
2022102305_2160,2022,0
2022102305_2251,2022,0
2022102305_2320,2022,0
2022102305_240,2022,0
2022102305_2564,2022,0
2022102305_2588,2022,0
2022102305_264,2022,0
2022102305_2652,2022,0
2022102305_288,2022,0
2022102305_2916,2022,0
2022102305_3184,2022,0
2022102305_3326,2022,0
2022102305_3379,2022,0
2022102305_401,2022,0
2022102305_477,2022,0
2022102305_501,2022,0
2022102305_544,2022,0
2022102305_624,2022,0
2022102305_669,2022,0
2022102305_691,2022,0
2022102305_715,2022,0
2022102305_74,2022,0
2022102305_758,2022,0
2022102305_822,2022,0
2022102305_961,2022,0
2022102306_1015,2022,0
2022102306_1039,2022,0
2022102306_1087,2022,0
2022102306_1186,2022,0
2022102306_1231,2022,0
2022102306_1302,2022,0
2022102306_1326,2022,0
2022102306_1453,2022,0
2022102306_1475,2022,0
2022102306_153,2022,0
2022102306_1584,2022,0
2022102306_1606,2022,0
2022102306_1665,2022,0
2022102306_1809,2022,0
2022102306_1851,2022,0
2022102306_1959,2022,0
2022102306_1988,2022,0
2022102306_2111,2022,0
2022102306_2133,2022,0
2022102306_2436,2022,0
2022102306_2540,2022,0
2022102306_2564,2022,0
2022102306_2709,2022,0
2022102306_307,2022,0
2022102306_3090,2022,0
2022102306_3168,2022,0
2022102306_3218,2022,0
2022102306_3261,2022,0
2022102306_3352,2022,0
2022102306_3556,2022,0
2022102306_3638,2022,0
2022102306_3684,2022,0
2022102306_3706,2022,0
2022102306_3763,2022,0
2022102306_3820,2022,0
2022102306_390,2022,0
2022102306_4135,2022,0
2022102306_4181,2022,0
2022102306_530,2022,0
2022102306_637,2022,0
2022102306_894,2022,0
2022102306_916,2022,0
2022102307_1287,2022,0
2022102307_1404,2022,0
2022102307_1428,2022,0
2022102307_1481,2022,0
2022102307_1550,2022,0
2022102307_1647,2022,0
2022102307_1758,2022,0
2022102307_1858,2022,0
2022102307_1976,2022,0
2022102307_2005,2022,0
2022102307_2085,2022,0
2022102307_2107,2022,0
2022102307_2217,2022,0
2022102307_2239,2022,0
2022102307_2455,2022,0
2022102307_2477,2022,0
2022102307_2628,2022,0
2022102307_2709,2022,0
2022102307_2772,2022,0
2022102307_285,2022,0
2022102307_2884,2022,0
2022102307_3023,2022,0
2022102307_3141,2022,0
2022102307_3262,2022,0
2022102307_3286,2022,0
2022102307_3328,2022,0
2022102307_3378,2022,0
2022102307_3402,2022,0
2022102307_3458,2022,0
2022102307_347,2022,0
2022102307_3482,2022,0
2022102307_3642,2022,0
2022102307_3719,2022,0
2022102307_3765,2022,0
2022102307_3789,2022,0
2022102307_3811,2022,0
2022102307_4003,2022,0
2022102307_4027,2022,0
2022102307_4056,2022,0
2022102307_408,2022,0
2022102307_4083,2022,0
2022102307_4134,2022,0
2022102307_4205,2022,0
2022102307_480,2022,0
2022102307_517,2022,0
2022102307_539,2022,0
2022102307_55,2022,0
2022102307_609,2022,0
2022102307_715,2022,0
2022102307_816,2022,0
2022102307_960,2022,0
2022102308_1084,2022,0
2022102308_1108,2022,0
2022102308_115,2022,0
2022102308_1158,2022,0
2022102308_1275,2022,0
2022102308_1317,2022,0
2022102308_1444,2022,0
2022102308_1559,2022,0
2022102308_1583,2022,0
2022102308_1614,2022,0
2022102308_1774,2022,0
2022102308_1798,2022,0
2022102308_1845,2022,0
2022102308_185,2022,0
2022102308_1869,2022,0
2022102308_1982,2022,0
2022102308_2004,2022,0
2022102308_2049,2022,0
2022102308_209,2022,0
2022102308_2094,2022,0
2022102308_2116,2022,0
2022102308_2195,2022,0
2022102308_2289,2022,0
2022102308_2311,2022,0
2022102308_2369,2022,0
2022102308_2416,2022,0
2022102308_2440,2022,0
2022102308_2464,2022,0
2022102308_254,2022,0
2022102308_2565,2022,0
2022102308_2686,2022,0
2022102308_276,2022,0
2022102308_2813,2022,0
2022102308_2858,2022,0
2022102308_2906,2022,0
2022102308_3001,2022,0
2022102308_3046,2022,0
2022102308_3071,2022,0
2022102308_3095,2022,0
2022102308_3117,2022,0
2022102308_3141,2022,0
2022102308_3207,2022,0
2022102308_3280,2022,0
2022102308_3304,2022,0
2022102308_3347,2022,0
2022102308_337,2022,0
2022102308_3371,2022,0
2022102308_3405,2022,0
2022102308_3441,2022,0
2022102308_3470,2022,0
2022102308_3492,2022,0
2022102308_3516,2022,0
2022102308_588,2022,0
2022102308_671,2022,0
2022102308_702,2022,0
2022102308_724,2022,0
2022102308_790,2022,0
2022102308_833,2022,0
2022102308_857,2022,0
2022102308_881,2022,0
2022102308_928,2022,0
2022102309_1001,2022,0
2022102309_1073,2022,0
2022102309_1148,2022,0
2022102309_1177,2022,0
2022102309_1225,2022,0
2022102309_1249,2022,0
2022102309_1299,2022,0
2022102309_1321,2022,0
2022102309_135,2022,0
2022102309_1511,2022,0
2022102309_1535,2022,0
2022102309_1735,2022,0
2022102309_1759,2022,0
2022102309_182,2022,0
2022102309_1834,2022,0
2022102309_1858,2022,0
2022102309_1929,2022,0
2022102309_2128,2022,0
2022102309_2152,2022,0
2022102309_2176,2022,0
2022102309_2212,2022,0
2022102309_2234,2022,0
2022102309_2256,2022,0
2022102309_2410,2022,0
2022102309_2438,2022,0
2022102309_2467,2022,0
2022102309_2524,2022,0
2022102309_2548,2022,0
2022102309_2612,2022,0
2022102309_2657,2022,0
2022102309_2728,2022,0
2022102309_2775,2022,0
2022102309_2837,2022,0
2022102309_2941,2022,0
2022102309_2965,2022,0
2022102309_3124,2022,0
2022102309_3167,2022,0
2022102309_3213,2022,0
2022102309_3333,2022,0
2022102309_3367,2022,0
2022102309_3411,2022,0
2022102309_3531,2022,0
2022102309_3625,2022,0
2022102309_3654,2022,0
2022102309_3676,2022,0
2022102309_3700,2022,0
2022102309_3722,2022,0
2022102309_3883,2022,0
2022102309_3905,2022,0
2022102309_3929,2022,0
2022102309_3964,2022,0
2022102309_3993,2022,0
2022102309_4036,2022,0
2022102309_4060,2022,0
2022102309_4082,2022,0
2022102309_413,2022,0
2022102309_4143,2022,0
2022102309_523,2022,0
2022102309_547,2022,0
2022102309_597,2022,0
2022102309_619,2022,0
2022102309_64,2022,0
2022102309_734,2022,0
2022102309_758,2022,0
2022102309_955,2022,0
2022102309_979,2022,0
2022102310_1008,2022,0
2022102310_101,2022,0
2022102310_1057,2022,0
2022102310_1203,2022,0
2022102310_1339,2022,0
2022102310_1464,2022,0
2022102310_1573,2022,0
2022102310_1624,2022,0
2022102310_1653,2022,0
2022102310_1818,2022,0
2022102310_2007,2022,0
2022102310_2037,2022,0
2022102310_2066,2022,0
2022102310_2104,2022,0
2022102310_2154,2022,0
2022102310_2507,2022,0
2022102310_2536,2022,0
2022102310_2606,2022,0
2022102310_2655,2022,0
2022102310_2704,2022,0
2022102310_2799,2022,0
2022102310_2848,2022,0
2022102310_2872,2022,0
2022102310_2959,2022,0
2022102310_2989,2022,0
2022102310_3107,2022,0
2022102310_3242,2022,0
2022102310_3273,2022,0
2022102310_3329,2022,0
2022102310_335,2022,0
2022102310_3513,2022,0
2022102310_3562,2022,0
2022102310_359,2022,0
2022102310_3851,2022,0
2022102310_3873,2022,0
2022102310_3897,2022,0
2022102310_3966,2022,0
2022102310_4097,2022,0
2022102310_410,2022,0
2022102310_4121,2022,0
2022102310_4182,2022,0
2022102310_4288,2022,0
2022102310_4316,2022,0
2022102310_4371,2022,0
2022102310_4395,2022,0
2022102310_4443,2022,0
2022102310_540,2022,0
2022102310_664,2022,0
2022102310_77,2022,0
2022102310_796,2022,0
2022102310_874,2022,0
2022102311_1018,2022,0
2022102311_1063,2022,0
2022102311_111,2022,0
2022102311_1153,2022,0
2022102311_1175,2022,0
2022102311_1199,2022,0
2022102311_1244,2022,0
2022102311_1266,2022,0
2022102311_1313,2022,0
2022102311_1337,2022,0
2022102311_135,2022,0
2022102311_1366,2022,0
2022102311_1445,2022,0
2022102311_1469,2022,0
2022102311_1535,2022,0
2022102311_159,2022,0
2022102311_1727,2022,0
2022102311_1856,2022,0
2022102311_1908,2022,0
2022102311_1932,2022,0
2022102311_204,2022,0
2022102311_2088,2022,0
2022102311_2184,2022,0
2022102311_2330,2022,0
2022102311_2364,2022,0
2022102311_2388,2022,0
2022102311_2415,2022,0
2022102311_2508,2022,0
2022102311_2530,2022,0
2022102311_2675,2022,0
2022102311_2763,2022,0
2022102311_278,2022,0
2022102311_2901,2022,0
2022102311_2970,2022,0
2022102311_3020,2022,0
2022102311_3117,2022,0
2022102311_3141,2022,0
2022102311_3372,2022,0
2022102311_3403,2022,0
2022102311_3425,2022,0
2022102311_3471,2022,0
2022102311_3500,2022,0
2022102311_3524,2022,0
2022102311_3546,2022,0
2022102311_3713,2022,0
2022102311_3798,2022,0
2022102311_3849,2022,0
2022102311_3873,2022,0
2022102311_4049,2022,0
2022102311_448,2022,0
2022102311_556,2022,0
2022102311_612,2022,0
2022102311_707,2022,0
2022102311_758,2022,0
2022102311_857,2022,0
2022102311_87,2022,0
2022102311_881,2022,0
2022102400_1005,2022,0
2022102400_1098,2022,0
2022102400_1187,2022,0
2022102400_132,2022,0
2022102400_1351,2022,0
2022102400_1536,2022,0
2022102400_1560,2022,0
2022102400_1732,2022,0
2022102400_1754,2022,0
2022102400_1948,2022,0
2022102400_2108,2022,0
2022102400_2208,2022,0
2022102400_2307,2022,0
2022102400_2384,2022,0
2022102400_2470,2022,0
2022102400_2600,2022,0
2022102400_267,2022,0
2022102400_2736,2022,0
2022102400_2769,2022,0
2022102400_2866,2022,0
2022102400_2890,2022,0
2022102400_296,2022,0
2022102400_3095,2022,0
2022102400_3140,2022,0
2022102400_3209,2022,0
2022102400_3233,2022,0
2022102400_3292,2022,0
2022102400_3466,2022,0
2022102400_3492,2022,0
2022102400_3527,2022,0
2022102400_3556,2022,0
2022102400_3601,2022,0
2022102400_564,2022,0
2022102400_609,2022,0
2022102400_633,2022,0
2022102400_844,2022,0
2022102400_957,2022,0
2022102400_979,2022,0
2022102700_1045,2022,0
2022102700_1150,2022,0
2022102700_1179,2022,0
2022102700_121,2022,0
2022102700_1224,2022,0
2022102700_1325,2022,0
2022102700_1365,2022,0
2022102700_1459,2022,0
2022102700_1481,2022,0
2022102700_150,2022,0
2022102700_1528,2022,0
2022102700_1603,2022,0
2022102700_1627,2022,0
2022102700_1656,2022,0
2022102700_1678,2022,0
2022102700_1753,2022,0
2022102700_1777,2022,0
2022102700_1941,2022,0
2022102700_1970,2022,0
2022102700_2034,2022,0
2022102700_2186,2022,0
2022102700_2208,2022,0
2022102700_222,2022,0
2022102700_2401,2022,0
2022102700_2536,2022,0
2022102700_2602,2022,0
2022102700_2820,2022,0
2022102700_2870,2022,0
2022102700_2926,2022,0
2022102700_2969,2022,0
2022102700_2993,2022,0
2022102700_3015,2022,0
2022102700_302,2022,0
2022102700_3235,2022,0
2022102700_3401,2022,0
2022102700_3430,2022,0
2022102700_3464,2022,0
2022102700_3498,2022,0
2022102700_3581,2022,0
2022102700_366,2022,0
2022102700_3671,2022,0
2022102700_3889,2022,0
2022102700_390,2022,0
2022102700_3955,2022,0
2022102700_4063,2022,0
2022102700_4094,2022,0
2022102700_4118,2022,0
2022102700_4159,2022,0
2022102700_4205,2022,0
2022102700_549,2022,0
2022102700_594,2022,0
2022102700_662,2022,0
2022102700_686,2022,0
2022102700_731,2022,0
2022102700_755,2022,0
2022102700_804,2022,0
2022102700_882,2022,0
2022102700_942,2022,0
2022102700_97,2022,0
2022103000_1130,2022,0
2022103000_1246,2022,0
2022103000_1315,2022,0
2022103000_1337,2022,0
2022103000_1395,2022,0
2022103000_1419,2022,0
2022103000_150,2022,0
2022103000_1554,2022,0
2022103000_1578,2022,0
2022103000_1636,2022,0
2022103000_1723,2022,0
2022103000_1785,2022,0
2022103000_1837,2022,0
2022103000_1866,2022,0
2022103000_1909,2022,0
2022103000_1974,2022,0
2022103000_2007,2022,0
2022103000_2058,2022,0
2022103000_2085,2022,0
2022103000_2174,2022,0
2022103000_2203,2022,0
2022103000_2390,2022,0
2022103000_2487,2022,0
2022103000_2532,2022,0
2022103000_254,2022,0
2022103000_2601,2022,0
2022103000_2625,2022,0
2022103000_2834,2022,0
2022103000_2858,2022,0
2022103000_3020,2022,0
2022103000_3042,2022,0
2022103000_3193,2022,0
2022103000_323,2022,0
2022103000_3293,2022,0
2022103000_3317,2022,0
2022103000_3402,2022,0
2022103000_349,2022,0
2022103000_3522,2022,0
2022103000_3742,2022,0
2022103000_3949,2022,0
2022103000_447,2022,0
2022103000_476,2022,0
2022103000_585,2022,0
2022103000_636,2022,0
2022103000_64,2022,0
2022103000_700,2022,0
2022103000_755,2022,0
2022103000_858,2022,0
2022103000_893,2022,0
2022103000_989,2022,0
2022103001_1028,2022,0
2022103001_1171,2022,0
2022103001_1242,2022,0
2022103001_1304,2022,0
2022103001_132,2022,0
2022103001_1667,2022,0
2022103001_1712,2022,0
2022103001_1798,2022,0
2022103001_1822,2022,0
2022103001_1906,2022,0
2022103001_1996,2022,0
2022103001_2020,2022,0
2022103001_210,2022,0
2022103001_2120,2022,0
2022103001_2165,2022,0
2022103001_2303,2022,0
2022103001_2357,2022,0
2022103001_2381,2022,0
2022103001_2472,2022,0
2022103001_2623,2022,0
2022103001_2764,2022,0
2022103001_3039,2022,0
2022103001_3105,2022,0
2022103001_3194,2022,0
2022103001_3250,2022,0
2022103001_3493,2022,0
2022103001_3515,2022,0
2022103001_3544,2022,0
2022103001_3671,2022,0
2022103001_3726,2022,0
2022103001_3902,2022,0
2022103001_3924,2022,0
2022103001_3953,2022,0
2022103001_4020,2022,0
2022103001_4125,2022,0
2022103001_4147,2022,0
2022103001_4209,2022,0
2022103001_435,2022,0
2022103001_4353,2022,0
2022103001_56,2022,0
2022103001_572,2022,0
2022103001_664,2022,0
2022103001_735,2022,0
2022103001_757,2022,0
2022103001_871,2022,0
2022103001_959,2022,0
2022103001_983,2022,0
2022103002_1075,2022,0
2022103002_1120,2022,0
2022103002_1263,2022,0
2022103002_127,2022,0
2022103002_1399,2022,0
2022103002_1431,2022,0
2022103002_1483,2022,0
2022103002_1537,2022,0
2022103002_1781,2022,0
2022103002_1803,2022,0
2022103002_1865,2022,0
2022103002_2058,2022,0
2022103002_2084,2022,0
2022103002_240,2022,0
2022103002_2500,2022,0
2022103002_2684,2022,0
2022103002_2706,2022,0
2022103002_2791,2022,0
2022103002_290,2022,0
2022103002_2935,2022,0
2022103002_3086,2022,0
2022103002_3108,2022,0
2022103002_3137,2022,0
2022103002_3359,2022,0
2022103002_3672,2022,0
2022103002_370,2022,0
2022103002_3713,2022,0
2022103002_448,2022,0
2022103002_491,2022,0
2022103002_520,2022,0
2022103002_544,2022,0
2022103002_56,2022,0
2022103002_572,2022,0
2022103002_662,2022,0
2022103002_765,2022,0
2022103003_1105,2022,0
2022103003_1217,2022,0
2022103003_1262,2022,0
2022103003_1363,2022,0
2022103003_1440,2022,0
2022103003_1462,2022,0
2022103003_1665,2022,0
2022103003_1687,2022,0
2022103003_1732,2022,0
2022103003_1765,2022,0
2022103003_1789,2022,0
2022103003_1876,2022,0
2022103003_1955,2022,0
2022103003_2051,2022,0
2022103003_2128,2022,0
2022103003_2197,2022,0
2022103003_2242,2022,0
2022103003_2325,2022,0
2022103003_2370,2022,0
2022103003_2394,2022,0
2022103003_2486,2022,0
2022103003_254,2022,0
2022103003_2608,2022,0
2022103003_2736,2022,0
2022103003_2758,2022,0
2022103003_2782,2022,0
2022103003_2831,2022,0
2022103003_2855,2022,0
2022103003_2877,2022,0
2022103003_2985,2022,0
2022103003_3014,2022,0
2022103003_3085,2022,0
2022103003_323,2022,0
2022103003_3324,2022,0
2022103003_3414,2022,0
2022103003_347,2022,0
2022103003_3476,2022,0
2022103003_3526,2022,0
2022103003_3550,2022,0
2022103003_3630,2022,0
2022103003_3708,2022,0
2022103003_3796,2022,0
2022103003_395,2022,0
2022103003_456,2022,0
2022103003_480,2022,0
2022103003_547,2022,0
2022103003_56,2022,0
2022103003_612,2022,0
2022103003_641,2022,0
2022103003_697,2022,0
2022103003_719,2022,0
2022103003_771,2022,0
2022103003_840,2022,0
2022103003_895,2022,0
2022103003_985,2022,0
2022103004_1138,2022,0
2022103004_1281,2022,0
2022103004_1423,2022,0
2022103004_1546,2022,0
2022103004_1591,2022,0
2022103004_1643,2022,0
2022103004_1763,2022,0
2022103004_1787,2022,0
2022103004_208,2022,0
2022103004_2217,2022,0
2022103004_2262,2022,0
2022103004_2609,2022,0
2022103004_2664,2022,0
2022103004_2691,2022,0
2022103004_2839,2022,0
2022103004_2863,2022,0
2022103004_2885,2022,0
2022103004_3146,2022,0
2022103004_3252,2022,0
2022103004_3274,2022,0
2022103004_328,2022,0
2022103004_3298,2022,0
2022103004_444,2022,0
2022103004_639,2022,0
2022103004_870,2022,0
2022103004_967,2022,0
2022103005_1062,2022,0
2022103005_1086,2022,0
2022103005_1198,2022,0
2022103005_1278,2022,0
2022103005_1302,2022,0
2022103005_1324,2022,0
2022103005_1348,2022,0
2022103005_1412,2022,0
2022103005_1519,2022,0
2022103005_1543,2022,0
2022103005_1565,2022,0
2022103005_1659,2022,0
2022103005_1683,2022,0
2022103005_1712,2022,0
2022103005_184,2022,0
2022103005_1907,2022,0
2022103005_1931,2022,0
2022103005_1983,2022,0
2022103005_2016,2022,0
2022103005_206,2022,0
2022103005_2234,2022,0
2022103005_2339,2022,0
2022103005_2499,2022,0
2022103005_251,2022,0
2022103005_2549,2022,0
2022103005_2629,2022,0
2022103005_2684,2022,0
2022103005_2756,2022,0
2022103005_2909,2022,0
2022103005_2968,2022,0
2022103005_3054,2022,0
2022103005_3078,2022,0
2022103005_3102,2022,0
2022103005_3126,2022,0
2022103005_3329,2022,0
2022103005_3379,2022,0
2022103005_3492,2022,0
2022103005_3514,2022,0
2022103005_3570,2022,0
2022103005_3665,2022,0
2022103005_3755,2022,0
2022103005_3779,2022,0
2022103005_3801,2022,0
2022103005_382,2022,0
2022103005_3846,2022,0
2022103005_3993,2022,0
2022103005_4017,2022,0
2022103005_4046,2022,0
2022103005_406,2022,0
2022103005_4132,2022,0
2022103005_4253,2022,0
2022103005_4330,2022,0
2022103005_4352,2022,0
2022103005_4419,2022,0
2022103005_4480,2022,0
2022103005_472,2022,0
2022103005_496,2022,0
2022103005_559,2022,0
2022103005_685,2022,0
2022103005_714,2022,0
2022103005_859,2022,0
2022103006_1001,2022,0
2022103006_101,2022,0
2022103006_1023,2022,0
2022103006_1157,2022,0
2022103006_1187,2022,0
2022103006_1333,2022,0
2022103006_1393,2022,0
2022103006_152,2022,0
2022103006_1525,2022,0
2022103006_1574,2022,0
2022103006_1596,2022,0
2022103006_1648,2022,0
2022103006_1672,2022,0
2022103006_1698,2022,0
2022103006_1754,2022,0
2022103006_176,2022,0
2022103006_1778,2022,0
2022103006_1856,2022,0
2022103006_1917,2022,0
2022103006_198,2022,0
2022103006_2095,2022,0
2022103006_2124,2022,0
2022103006_2289,2022,0
2022103006_2387,2022,0
2022103006_2530,2022,0
2022103006_2583,2022,0
2022103006_2674,2022,0
2022103006_2698,2022,0
2022103006_2724,2022,0
2022103006_2752,2022,0
2022103006_2912,2022,0
2022103006_2936,2022,0
2022103006_3030,2022,0
2022103006_325,2022,0
2022103006_3389,2022,0
2022103006_3415,2022,0
2022103006_3462,2022,0
2022103006_3543,2022,0
2022103006_3569,2022,0
2022103006_3593,2022,0
2022103006_3619,2022,0
2022103006_3647,2022,0
2022103006_3676,2022,0
2022103006_3700,2022,0
2022103006_428,2022,0
2022103006_450,2022,0
2022103006_533,2022,0
2022103006_614,2022,0
2022103006_642,2022,0
2022103006_670,2022,0
2022103006_77,2022,0
2022103006_817,2022,0
2022103006_850,2022,0
2022103007_1040,2022,0
2022103007_1101,2022,0
2022103007_1272,2022,0
2022103007_1485,2022,0
2022103007_1507,2022,0
2022103007_1552,2022,0
2022103007_157,2022,0
2022103007_1609,2022,0
2022103007_1727,2022,0
2022103007_1756,2022,0
2022103007_1780,2022,0
2022103007_1818,2022,0
2022103007_1848,2022,0
2022103007_2142,2022,0
2022103007_2166,2022,0
2022103007_2317,2022,0
2022103007_2341,2022,0
2022103007_2386,2022,0
2022103007_2450,2022,0
2022103007_2495,2022,0
2022103007_2561,2022,0
2022103007_2594,2022,0
2022103007_2733,2022,0
2022103007_280,2022,0
2022103007_2844,2022,0
2022103007_2868,2022,0
2022103007_2924,2022,0
2022103007_3005,2022,0
2022103007_333,2022,0
2022103007_3349,2022,0
2022103007_3373,2022,0
2022103007_3397,2022,0
2022103007_3550,2022,0
2022103007_3616,2022,0
2022103007_3659,2022,0
2022103007_376,2022,0
2022103007_3873,2022,0
2022103007_3901,2022,0
2022103007_426,2022,0
2022103007_546,2022,0
2022103007_637,2022,0
2022103007_671,2022,0
2022103007_818,2022,0
2022103007_86,2022,0
2022103007_914,2022,0
2022103007_938,2022,0
2022103008_1143,2022,0
2022103008_1326,2022,0
2022103008_1371,2022,0
2022103008_1425,2022,0
2022103008_1480,2022,0
2022103008_1529,2022,0
2022103008_1573,2022,0
2022103008_1666,2022,0
2022103008_1809,2022,0
2022103008_1885,2022,0
2022103008_1912,2022,0
2022103008_1962,2022,0
2022103008_2019,2022,0
2022103008_2168,2022,0
2022103008_2242,2022,0
2022103008_2490,2022,0
2022103008_2514,2022,0
2022103008_2536,2022,0
2022103008_2644,2022,0
2022103008_2689,2022,0
2022103008_2713,2022,0
2022103008_2742,2022,0
2022103008_2949,2022,0
2022103008_306,2022,0
2022103008_3236,2022,0
2022103008_3258,2022,0
2022103008_3482,2022,0
2022103008_3527,2022,0
2022103008_3572,2022,0
2022103008_3772,2022,0
2022103008_3857,2022,0
2022103008_3881,2022,0
2022103008_391,2022,0
2022103008_467,2022,0
2022103008_491,2022,0
2022103008_606,2022,0
2022103008_672,2022,0
2022103008_696,2022,0
2022103008_767,2022,0
2022103008_848,2022,0
2022103008_980,2022,0
2022103009_1066,2022,0
2022103009_1152,2022,0
2022103009_1176,2022,0
2022103009_1508,2022,0
2022103009_152,2022,0
2022103009_1560,2022,0
2022103009_1689,2022,0
2022103009_1760,2022,0
2022103009_1782,2022,0
2022103009_1895,2022,0
2022103009_1943,2022,0
2022103009_1988,2022,0
2022103009_2105,2022,0
2022103009_2382,2022,0
2022103009_2491,2022,0
2022103009_2541,2022,0
2022103009_261,2022,0
2022103009_2626,2022,0
2022103009_2652,2022,0
2022103009_2812,2022,0
2022103009_2836,2022,0
2022103009_2865,2022,0
2022103009_2889,2022,0
2022103009_2911,2022,0
2022103009_2935,2022,0
2022103009_2993,2022,0
2022103009_3069,2022,0
2022103009_314,2022,0
2022103009_3229,2022,0
2022103009_3302,2022,0
2022103009_3326,2022,0
2022103009_3393,2022,0
2022103009_3417,2022,0
2022103009_3501,2022,0
2022103009_3535,2022,0
2022103009_361,2022,0
2022103009_512,2022,0
2022103009_671,2022,0
2022103009_76,2022,0
2022103009_943,2022,0
2022103009_999,2022,0
2022103010_1012,2022,0
2022103010_105,2022,0
2022103010_1068,2022,0
2022103010_1092,2022,0
2022103010_1145,2022,0
2022103010_1169,2022,0
2022103010_1267,2022,0
2022103010_1330,2022,0
2022103010_1365,2022,0
2022103010_1443,2022,0
2022103010_148,2022,0
2022103010_1606,2022,0
2022103010_1876,2022,0
2022103010_1997,2022,0
2022103010_2064,2022,0
2022103010_214,2022,0
2022103010_2161,2022,0
2022103010_2185,2022,0
2022103010_2246,2022,0
2022103010_2315,2022,0
2022103010_2386,2022,0
2022103010_2410,2022,0
2022103010_2487,2022,0
2022103010_2553,2022,0
2022103010_2612,2022,0
2022103010_2636,2022,0
2022103010_264,2022,0
2022103010_2786,2022,0
2022103010_2843,2022,0
2022103010_286,2022,0
2022103010_2865,2022,0
2022103010_2955,2022,0
2022103010_3021,2022,0
2022103010_3084,2022,0
2022103010_327,2022,0
2022103010_3310,2022,0
2022103010_351,2022,0
2022103010_375,2022,0
2022103010_425,2022,0
2022103010_470,2022,0
2022103010_506,2022,0
2022103010_533,2022,0
2022103010_588,2022,0
2022103010_83,2022,0
2022103010_879,2022,0
2022103010_943,2022,0
2022103010_967,2022,0
2022103011_1083,2022,0
2022103011_1179,2022,0
2022103011_1412,2022,0
2022103011_1604,2022,0
2022103011_1728,2022,0
2022103011_1817,2022,0
2022103011_2125,2022,0
2022103011_2246,2022,0
2022103011_227,2022,0
2022103011_2291,2022,0
2022103011_2315,2022,0
2022103011_2386,2022,0
2022103011_2484,2022,0
2022103011_256,2022,0
2022103011_2654,2022,0
2022103011_2766,2022,0
2022103011_278,2022,0
2022103011_2855,2022,0
2022103011_2877,2022,0
2022103011_2935,2022,0
2022103011_2988,2022,0
2022103011_3017,2022,0
2022103011_3046,2022,0
2022103011_3102,2022,0
2022103011_3394,2022,0
2022103011_3418,2022,0
2022103011_3447,2022,0
2022103011_3469,2022,0
2022103011_3496,2022,0
2022103011_3539,2022,0
2022103011_3561,2022,0
2022103011_3812,2022,0
2022103011_3837,2022,0
2022103011_3859,2022,0
2022103011_3888,2022,0
2022103011_482,2022,0
2022103011_548,2022,0
2022103011_597,2022,0
2022103011_728,2022,0
2022103011_797,2022,0
2022103011_821,2022,0
2022103011_84,2022,0
2022103011_864,2022,0
2022103011_992,2022,0
2022103012_116,2022,0
2022103012_1356,2022,0
2022103012_1526,2022,0
2022103012_1766,2022,0
2022103012_2024,2022,0
2022103012_2083,2022,0
2022103012_210,2022,0
2022103012_2206,2022,0
2022103012_2230,2022,0
2022103012_244,2022,0
2022103012_268,2022,0
2022103012_2719,2022,0
2022103012_2842,2022,0
2022103012_2864,2022,0
2022103012_2900,2022,0
2022103012_2951,2022,0
2022103012_3020,2022,0
2022103012_3067,2022,0
2022103012_3091,2022,0
2022103012_3139,2022,0
2022103012_3182,2022,0
2022103012_3206,2022,0
2022103012_3301,2022,0
2022103012_333,2022,0
2022103012_3330,2022,0
2022103012_3528,2022,0
2022103012_3587,2022,0
2022103012_3611,2022,0
2022103012_3635,2022,0
2022103012_3671,2022,0
2022103012_3717,2022,0
2022103012_3739,2022,0
2022103012_3761,2022,0
2022103012_611,2022,0
2022103012_637,2022,0
2022103012_738,2022,0
2022103012_82,2022,0
2022103012_821,2022,0
2022103012_994,2022,0
2022103100_1034,2022,0
2022103100_1058,2022,0
2022103100_1171,2022,0
2022103100_1258,2022,0
2022103100_140,2022,0
2022103100_164,2022,0
2022103100_1656,2022,0
2022103100_1689,2022,0
2022103100_1713,2022,0
2022103100_1737,2022,0
2022103100_1785,2022,0
2022103100_1843,2022,0
2022103100_1867,2022,0
2022103100_1929,2022,0
2022103100_1960,2022,0
2022103100_215,2022,0
2022103100_2169,2022,0
2022103100_2362,2022,0
2022103100_237,2022,0
2022103100_2449,2022,0
2022103100_261,2022,0
2022103100_2656,2022,0
2022103100_2678,2022,0
2022103100_2744,2022,0
2022103100_2789,2022,0
2022103100_2847,2022,0
2022103100_285,2022,0
2022103100_2911,2022,0
2022103100_3189,2022,0
2022103100_3213,2022,0
2022103100_3275,2022,0
2022103100_3304,2022,0
2022103100_334,2022,0
2022103100_3486,2022,0
2022103100_3527,2022,0
2022103100_477,2022,0
2022103100_521,2022,0
2022103100_550,2022,0
2022103100_574,2022,0
2022103100_626,2022,0
2022103100_916,2022,0
2022103100_940,2022,0
2022110300_1045,2022,0
2022110300_1069,2022,0
2022110300_1253,2022,0
2022110300_1503,2022,0
2022110300_1555,2022,0
2022110300_1677,2022,0
2022110300_168,2022,0
2022110300_1709,2022,0
2022110300_1951,2022,0
2022110300_1994,2022,0
2022110300_2185,2022,0
2022110300_2211,2022,0
2022110300_2233,2022,0
2022110300_2284,2022,0
2022110300_242,2022,0
2022110300_2500,2022,0
2022110300_2556,2022,0
2022110300_2646,2022,0
2022110300_2947,2022,0
2022110300_2981,2022,0
2022110300_314,2022,0
2022110300_3162,2022,0
2022110300_3184,2022,0
2022110300_3328,2022,0
2022110300_3369,2022,0
2022110300_395,2022,0
2022110300_417,2022,0
2022110300_465,2022,0
2022110300_513,2022,0
2022110300_558,2022,0
2022110300_580,2022,0
2022110300_647,2022,0
2022110300_695,2022,0
2022110300_76,2022,0
2022110300_883,2022,0
2022110300_968,2022,0
2022110300_992,2022,0
2022110600_1005,2022,0
2022110600_1029,2022,0
2022110600_1058,2022,0
2022110600_1114,2022,0
2022110600_1138,2022,0
2022110600_1341,2022,0
2022110600_143,2022,0
2022110600_1461,2022,0
2022110600_1497,2022,0
2022110600_1526,2022,0
2022110600_1553,2022,0
2022110600_1582,2022,0
2022110600_1627,2022,0
2022110600_1657,2022,0
2022110600_1738,2022,0
2022110600_1760,2022,0
2022110600_1782,2022,0
2022110600_1891,2022,0
2022110600_2038,2022,0
2022110600_2060,2022,0
2022110600_2117,2022,0
2022110600_2183,2022,0
2022110600_2223,2022,0
2022110600_2266,2022,0
2022110600_2313,2022,0
2022110600_2595,2022,0
2022110600_2617,2022,0
2022110600_2639,2022,0
2022110600_273,2022,0
2022110600_2808,2022,0
2022110600_2879,2022,0
2022110600_2928,2022,0
2022110600_2963,2022,0
2022110600_3008,2022,0
2022110600_302,2022,0
2022110600_3074,2022,0
2022110600_3128,2022,0
2022110600_3173,2022,0
2022110600_3319,2022,0
2022110600_3341,2022,0
2022110600_3430,2022,0
2022110600_3497,2022,0
2022110600_387,2022,0
2022110600_453,2022,0
2022110600_56,2022,0
2022110600_566,2022,0
2022110600_611,2022,0
2022110600_633,2022,0
2022110600_712,2022,0
2022110600_755,2022,0
2022110600_817,2022,0
2022110600_938,2022,0
2022110600_960,2022,0
2022110601_104,2022,0
2022110601_1083,2022,0
2022110601_1294,2022,0
2022110601_1428,2022,0
2022110601_1667,2022,0
2022110601_1757,2022,0
2022110601_1791,2022,0
2022110601_1905,2022,0
2022110601_1971,2022,0
2022110601_2039,2022,0
2022110601_2144,2022,0
2022110601_2176,2022,0
2022110601_2200,2022,0
2022110601_2245,2022,0
2022110601_2290,2022,0
2022110601_2357,2022,0
2022110601_2490,2022,0
2022110601_2564,2022,0
2022110601_2616,2022,0
2022110601_2841,2022,0
2022110601_2863,2022,0
2022110601_2908,2022,0
2022110601_3018,2022,0
2022110601_3094,2022,0
2022110601_3188,2022,0
2022110601_325,2022,0
2022110601_3287,2022,0
2022110601_3370,2022,0
2022110601_3484,2022,0
2022110601_349,2022,0
2022110601_3538,2022,0
2022110601_394,2022,0
2022110601_56,2022,0
2022110601_579,2022,0
2022110601_630,2022,0
2022110601_654,2022,0
2022110601_80,2022,0
2022110601_955,2022,0
2022110601_979,2022,0
2022110602_1090,2022,0
2022110602_1140,2022,0
2022110602_1212,2022,0
2022110602_1272,2022,0
2022110602_1401,2022,0
2022110602_148,2022,0
2022110602_1664,2022,0
2022110602_1707,2022,0
2022110602_1792,2022,0
2022110602_1828,2022,0
2022110602_1850,2022,0
2022110602_1917,2022,0
2022110602_1946,2022,0
2022110602_1993,2022,0
2022110602_2017,2022,0
2022110602_206,2022,0
2022110602_2098,2022,0
2022110602_2223,2022,0
2022110602_2245,2022,0
2022110602_2323,2022,0
2022110602_2368,2022,0
2022110602_2570,2022,0
2022110602_2680,2022,0
2022110602_2711,2022,0
2022110602_2827,2022,0
2022110602_2993,2022,0
2022110602_3165,2022,0
2022110602_3189,2022,0
2022110602_3234,2022,0
2022110602_3337,2022,0
2022110602_3361,2022,0
2022110602_3557,2022,0
2022110602_3579,2022,0
2022110602_3645,2022,0
2022110602_423,2022,0
2022110602_445,2022,0
2022110602_560,2022,0
2022110602_722,2022,0
2022110602_79,2022,0
2022110602_967,2022,0
2022110603_1011,2022,0
2022110603_1035,2022,0
2022110603_1117,2022,0
2022110603_1288,2022,0
2022110603_1418,2022,0
2022110603_153,2022,0
2022110603_1645,2022,0
2022110603_1990,2022,0
2022110603_2019,2022,0
2022110603_203,2022,0
2022110603_2060,2022,0
2022110603_2135,2022,0
2022110603_2189,2022,0
2022110603_2220,2022,0
2022110603_2263,2022,0
2022110603_2325,2022,0
2022110603_2427,2022,0
2022110603_2460,2022,0
2022110603_2521,2022,0
2022110603_2578,2022,0
2022110603_2761,2022,0
2022110603_2874,2022,0
2022110603_2951,2022,0
2022110603_2978,2022,0
2022110603_3042,2022,0
2022110603_305,2022,0
2022110603_3127,2022,0
2022110603_3215,2022,0
2022110603_3417,2022,0
2022110603_3439,2022,0
2022110603_3498,2022,0
2022110603_3522,2022,0
2022110603_3667,2022,0
2022110603_374,2022,0
2022110603_3784,2022,0
2022110603_3813,2022,0
2022110603_3835,2022,0
2022110603_3857,2022,0
2022110603_510,2022,0
2022110603_534,2022,0
2022110603_649,2022,0
2022110603_671,2022,0
2022110603_772,2022,0
2022110603_853,2022,0
2022110603_87,2022,0
2022110603_915,2022,0
2022110604_1006,2022,0
2022110604_1051,2022,0
2022110604_1130,2022,0
2022110604_1154,2022,0
2022110604_1254,2022,0
2022110604_1304,2022,0
2022110604_1375,2022,0
2022110604_1495,2022,0
2022110604_151,2022,0
2022110604_1584,2022,0
2022110604_1641,2022,0
2022110604_1754,2022,0
2022110604_1778,2022,0
2022110604_1826,2022,0
2022110604_1862,2022,0
2022110604_1886,2022,0
2022110604_194,2022,0
2022110604_2065,2022,0
2022110604_2138,2022,0
2022110604_221,2022,0
2022110604_2381,2022,0
2022110604_2405,2022,0
2022110604_2445,2022,0
2022110604_2490,2022,0
2022110604_2514,2022,0
2022110604_2559,2022,0
2022110604_2625,2022,0
2022110604_2797,2022,0
2022110604_2821,2022,0
2022110604_2864,2022,0
2022110604_2972,2022,0
2022110604_3047,2022,0
2022110604_3103,2022,0
2022110604_3179,2022,0
2022110604_3201,2022,0
2022110604_3225,2022,0
2022110604_3340,2022,0
2022110604_3364,2022,0
2022110604_354,2022,0
2022110604_3567,2022,0
2022110604_3594,2022,0
2022110604_3787,2022,0
2022110604_3809,2022,0
2022110604_383,2022,0
2022110604_442,2022,0
2022110604_498,2022,0
2022110604_520,2022,0
2022110604_542,2022,0
2022110604_56,2022,0
2022110604_625,2022,0
2022110604_699,2022,0
2022110604_78,2022,0
2022110604_788,2022,0
2022110604_838,2022,0
2022110604_926,2022,0
2022110605_1006,2022,0
2022110605_1125,2022,0
2022110605_1181,2022,0
2022110605_1264,2022,0
2022110605_1336,2022,0
2022110605_1422,2022,0
2022110605_1467,2022,0
2022110605_1593,2022,0
2022110605_1770,2022,0
2022110605_1863,2022,0
2022110605_1892,2022,0
2022110605_2150,2022,0
2022110605_2190,2022,0
2022110605_2235,2022,0
2022110605_225,2022,0
2022110605_2397,2022,0
2022110605_2447,2022,0
2022110605_2471,2022,0
2022110605_2495,2022,0
2022110605_2543,2022,0
2022110605_2565,2022,0
2022110605_2628,2022,0
2022110605_2657,2022,0
2022110605_2963,2022,0
2022110605_2985,2022,0
2022110605_3009,2022,0
2022110605_3054,2022,0
2022110605_3078,2022,0
2022110605_3238,2022,0
2022110605_3279,2022,0
2022110605_3370,2022,0
2022110605_3394,2022,0
2022110605_3434,2022,0
2022110605_3520,2022,0
2022110605_3626,2022,0
2022110605_3676,2022,0
2022110605_3700,2022,0
2022110605_3722,2022,0
2022110605_498,2022,0
2022110605_585,2022,0
2022110605_804,2022,0
2022110605_982,2022,0
2022110605_99,2022,0
2022110606_1036,2022,0
2022110606_1193,2022,0
2022110606_120,2022,0
2022110606_1241,2022,0
2022110606_1414,2022,0
2022110606_1506,2022,0
2022110606_1576,2022,0
2022110606_1677,2022,0
2022110606_172,2022,0
2022110606_1780,2022,0
2022110606_1804,2022,0
2022110606_1835,2022,0
2022110606_1864,2022,0
2022110606_1982,2022,0
2022110606_2027,2022,0
2022110606_2350,2022,0
2022110606_2455,2022,0
2022110606_2629,2022,0
2022110606_2747,2022,0
2022110606_287,2022,0
2022110606_2941,2022,0
2022110606_2993,2022,0
2022110606_3059,2022,0
2022110606_3081,2022,0
2022110606_3498,2022,0
2022110606_3559,2022,0
2022110606_3581,2022,0
2022110606_378,2022,0
2022110606_423,2022,0
2022110606_65,2022,0
2022110606_659,2022,0
2022110606_736,2022,0
2022110606_870,2022,0
2022110606_941,2022,0
2022110606_968,2022,0
2022110606_98,2022,0
2022110606_990,2022,0
2022110607_1037,2022,0
2022110607_108,2022,0
2022110607_1251,2022,0
2022110607_1439,2022,0
2022110607_1555,2022,0
2022110607_1579,2022,0
2022110607_1608,2022,0
2022110607_1630,2022,0
2022110607_1739,2022,0
2022110607_1766,2022,0
2022110607_1828,2022,0
2022110607_1940,2022,0
2022110607_203,2022,0
2022110607_2036,2022,0
2022110607_2193,2022,0
2022110607_2259,2022,0
2022110607_2309,2022,0
2022110607_2333,2022,0
2022110607_2409,2022,0
2022110607_2438,2022,0
2022110607_2462,2022,0
2022110607_248,2022,0
2022110607_2484,2022,0
2022110607_2578,2022,0
2022110607_2602,2022,0
2022110607_2709,2022,0
2022110607_2984,2022,0
2022110607_3070,2022,0
2022110607_3092,2022,0
2022110607_3178,2022,0
2022110607_325,2022,0
2022110607_3258,2022,0
2022110607_3284,2022,0
2022110607_3306,2022,0
2022110607_3362,2022,0
2022110607_3475,2022,0
2022110607_3499,2022,0
2022110607_3596,2022,0
2022110607_3649,2022,0
2022110607_3692,2022,0
2022110607_3869,2022,0
2022110607_461,2022,0
2022110607_649,2022,0
2022110607_673,2022,0
2022110607_758,2022,0
2022110607_782,2022,0
2022110607_829,2022,0
2022110607_84,2022,0
2022110607_853,2022,0
2022110607_987,2022,0
2022110608_112,2022,0
2022110608_1141,2022,0
2022110608_1202,2022,0
2022110608_1226,2022,0
2022110608_1296,2022,0
2022110608_1403,2022,0
2022110608_1427,2022,0
2022110608_1451,2022,0
2022110608_1494,2022,0
2022110608_1535,2022,0
2022110608_1559,2022,0
2022110608_1642,2022,0
2022110608_169,2022,0
2022110608_1710,2022,0
2022110608_1788,2022,0
2022110608_1812,2022,0
2022110608_1841,2022,0
2022110608_1865,2022,0
2022110608_1918,2022,0
2022110608_1977,2022,0
2022110608_2033,2022,0
2022110608_2131,2022,0
2022110608_2155,2022,0
2022110608_2213,2022,0
2022110608_2327,2022,0
2022110608_2351,2022,0
2022110608_2459,2022,0
2022110608_2561,2022,0
2022110608_2679,2022,0
2022110608_2838,2022,0
2022110608_2860,2022,0
2022110608_2969,2022,0
2022110608_3126,2022,0
2022110608_315,2022,0
2022110608_3239,2022,0
2022110608_3303,2022,0
2022110608_3519,2022,0
2022110608_3543,2022,0
2022110608_3725,2022,0
2022110608_3749,2022,0
2022110608_3771,2022,0
2022110608_3883,2022,0
2022110608_402,2022,0
2022110608_4251,2022,0
2022110608_452,2022,0
2022110608_476,2022,0
2022110608_505,2022,0
2022110608_568,2022,0
2022110608_592,2022,0
2022110608_67,2022,0
2022110608_684,2022,0
2022110608_753,2022,0
2022110608_798,2022,0
2022110608_883,2022,0
2022110609_1050,2022,0
2022110609_1134,2022,0
2022110609_1208,2022,0
2022110609_1230,2022,0
2022110609_1254,2022,0
2022110609_1318,2022,0
2022110609_1345,2022,0
2022110609_1367,2022,0
2022110609_1545,2022,0
2022110609_1688,2022,0
2022110609_1730,2022,0
2022110609_1758,2022,0
2022110609_178,2022,0
2022110609_1901,2022,0
2022110609_1925,2022,0
2022110609_1949,2022,0
2022110609_1971,2022,0
2022110609_2006,2022,0
2022110609_2030,2022,0
2022110609_2059,2022,0
2022110609_212,2022,0
2022110609_2198,2022,0
2022110609_2220,2022,0
2022110609_2304,2022,0
2022110609_2349,2022,0
2022110609_2371,2022,0
2022110609_2449,2022,0
2022110609_2473,2022,0
2022110609_2572,2022,0
2022110609_2596,2022,0
2022110609_2829,2022,0
2022110609_2898,2022,0
2022110609_294,2022,0
2022110609_3017,2022,0
2022110609_3102,2022,0
2022110609_3126,2022,0
2022110609_3148,2022,0
2022110609_3208,2022,0
2022110609_3232,2022,0
2022110609_3332,2022,0
2022110609_3356,2022,0
2022110609_3380,2022,0
2022110609_339,2022,0
2022110609_3404,2022,0
2022110609_3426,2022,0
2022110609_3483,2022,0
2022110609_3644,2022,0
2022110609_3668,2022,0
2022110609_367,2022,0
2022110609_3743,2022,0
2022110609_3767,2022,0
2022110609_3817,2022,0
2022110609_3862,2022,0
2022110609_3891,2022,0
2022110609_3913,2022,0
2022110609_4058,2022,0
2022110609_4104,2022,0
2022110609_4133,2022,0
2022110609_414,2022,0
2022110609_4162,2022,0
2022110609_4224,2022,0
2022110609_4313,2022,0
2022110609_500,2022,0
2022110609_522,2022,0
2022110609_606,2022,0
2022110609_62,2022,0
2022110609_647,2022,0
2022110609_754,2022,0
2022110609_778,2022,0
2022110609_850,2022,0
2022110609_900,2022,0
2022110610_112,2022,0
2022110610_1233,2022,0
2022110610_1278,2022,0
2022110610_1300,2022,0
2022110610_1376,2022,0
2022110610_141,2022,0
2022110610_1835,2022,0
2022110610_1883,2022,0
2022110610_191,2022,0
2022110610_2324,2022,0
2022110610_247,2022,0
2022110610_2490,2022,0
2022110610_2512,2022,0
2022110610_2581,2022,0
2022110610_2605,2022,0
2022110610_2629,2022,0
2022110610_2653,2022,0
2022110610_2792,2022,0
2022110610_2846,2022,0
2022110610_2875,2022,0
2022110610_2918,2022,0
2022110610_3121,2022,0
2022110610_3289,2022,0
2022110610_3332,2022,0
2022110610_3356,2022,0
2022110610_3380,2022,0
2022110610_3404,2022,0
2022110610_3466,2022,0
2022110610_348,2022,0
2022110610_3500,2022,0
2022110610_3524,2022,0
2022110610_3548,2022,0
2022110610_3593,2022,0
2022110610_3860,2022,0
2022110610_401,2022,0
2022110610_4041,2022,0
2022110610_4064,2022,0
2022110610_4086,2022,0
2022110610_4133,2022,0
2022110610_4162,2022,0
2022110610_4255,2022,0
2022110610_4324,2022,0
2022110610_4383,2022,0
2022110610_4481,2022,0
2022110610_4503,2022,0
2022110610_4525,2022,0
2022110610_455,2022,0
2022110610_4640,2022,0
2022110610_477,2022,0
2022110610_612,2022,0
2022110610_634,2022,0
2022110610_64,2022,0
2022110610_692,2022,0
2022110610_787,2022,0
2022110610_809,2022,0
2022110610_833,2022,0
2022110610_88,2022,0
2022110700_1025,2022,0
2022110700_1047,2022,0
2022110700_1088,2022,0
2022110700_126,2022,0
2022110700_1271,2022,0
2022110700_1338,2022,0
2022110700_1482,2022,0
2022110700_1506,2022,0
2022110700_1577,2022,0
2022110700_1670,2022,0
2022110700_1768,2022,0
2022110700_2096,2022,0
2022110700_2182,2022,0
2022110700_2261,2022,0
2022110700_2363,2022,0
2022110700_2412,2022,0
2022110700_2496,2022,0
2022110700_2558,2022,0
2022110700_271,2022,0
2022110700_2761,2022,0
2022110700_3127,2022,0
2022110700_3299,2022,0
2022110700_3323,2022,0
2022110700_3347,2022,0
2022110700_3375,2022,0
2022110700_3401,2022,0
2022110700_3458,2022,0
2022110700_3480,2022,0
2022110700_354,2022,0
2022110700_464,2022,0
2022110700_518,2022,0
2022110700_56,2022,0
2022110700_588,2022,0
2022110700_646,2022,0
2022110700_700,2022,0
2022110700_817,2022,0
2022110700_839,2022,0
2023090700_101,2023,0
2023090700_1069,2023,0
2023090700_1154,2023,0
2023090700_1201,2023,0
2023090700_1300,2023,0
2023090700_1494,2023,0
2023090700_1563,2023,0
2023090700_1588,2023,0
2023090700_1618,2023,0
2023090700_1679,2023,0
2023090700_1711,2023,0
2023090700_1812,2023,0
2023090700_1837,2023,0
2023090700_1940,2023,0
2023090700_2118,2023,0
2023090700_2141,2023,0
2023090700_2186,2023,0
2023090700_219,2023,0
2023090700_2306,2023,0
2023090700_2364,2023,0
2023090700_2435,2023,0
2023090700_2487,2023,0
2023090700_2510,2023,0
2023090700_2825,2023,0
2023090700_2906,2023,0
2023090700_2959,2023,0
2023090700_3089,2023,0
2023090700_3114,2023,0
2023090700_3233,2023,0
2023090700_3461,2023,0
2023090700_3486,2023,0
2023090700_361,2023,0
2023090700_3674,2023,0
2023090700_3912,2023,0
2023090700_3971,2023,0
2023090700_4041,2023,0
2023090700_461,2023,0
2023090700_530,2023,0
2023090700_713,2023,0
2023090700_877,2023,0
2023091000_1046,2023,0
2023091000_1193,2023,0
2023091000_1240,2023,0
2023091000_1300,2023,0
2023091000_1382,2023,0
2023091000_1599,2023,0
2023091000_1697,2023,0
2023091000_1720,2023,0
2023091000_1743,2023,0
2023091000_1837,2023,0
2023091000_185,2023,0
2023091000_1925,2023,0
2023091000_1972,2023,0
2023091000_2101,2023,0
2023091000_2207,2023,0
2023091000_2342,2023,0
2023091000_2580,2023,0
2023091000_2793,2023,0
2023091000_2823,2023,0
2023091000_3026,2023,0
2023091000_3078,2023,0
2023091000_3260,2023,0
2023091000_3369,2023,0
2023091000_3486,2023,0
2023091000_3886,2023,0
2023091000_3916,2023,0
2023091000_661,2023,0
2023091000_842,2023,0
2023091000_877,2023,0
2023091001_1042,2023,0
2023091001_1065,2023,0
2023091001_1232,2023,0
2023091001_1438,2023,0
2023091001_1470,2023,0
2023091001_1517,2023,0
2023091001_1574,2023,0
2023091001_166,2023,0
2023091001_1980,2023,0
2023091001_2033,2023,0
2023091001_2151,2023,0
2023091001_2351,2023,0
2023091001_2469,2023,0
2023091001_2523,2023,0
2023091001_2759,2023,0
2023091001_3111,2023,0
2023091001_3216,2023,0
2023091001_3257,2023,0
2023091001_3302,2023,0
2023091001_3383,2023,0
2023091001_3514,2023,0
2023091001_3879,2023,0
2023091001_407,2023,0
2023091001_4191,2023,0
2023091001_4239,2023,0
2023091001_4322,2023,0
2023091001_4564,2023,0
2023091001_4614,2023,0
2023091001_4639,2023,0
2023091001_4662,2023,0
2023091001_893,2023,0
2023091002_1048,2023,0
2023091002_110,2023,0
2023091002_1209,2023,0
2023091002_1464,2023,0
2023091002_1540,2023,0
2023091002_1832,2023,0
2023091002_1944,2023,0
2023091002_2039,2023,0
2023091002_2095,2023,0
2023091002_2127,2023,0
2023091002_2179,2023,0
2023091002_2211,2023,0
2023091002_2517,2023,0
2023091002_2620,2023,0
2023091002_2847,2023,0
2023091002_3138,2023,0
2023091002_319,2023,0
2023091002_3253,2023,0
2023091002_3314,2023,0
2023091002_3337,2023,0
2023091002_3409,2023,0
2023091002_3505,2023,0
2023091002_3571,2023,0
2023091002_3594,2023,0
2023091002_3617,2023,0
2023091002_3787,2023,0
2023091002_3835,2023,0
2023091002_4036,2023,0
2023091002_599,2023,0
2023091002_873,2023,0
2023091003_1171,2023,0
2023091003_143,2023,0
2023091003_1503,2023,0
2023091003_1649,2023,0
2023091003_166,2023,0
2023091003_1706,2023,0
2023091003_1782,2023,0
2023091003_1805,2023,0
2023091003_1841,2023,0
2023091003_191,2023,0
2023091003_1929,2023,0
2023091003_1954,2023,0
2023091003_2062,2023,0
2023091003_2087,2023,0
2023091003_2204,2023,0
2023091003_2227,2023,0
2023091003_2286,2023,0
2023091003_2369,2023,0
2023091003_2519,2023,0
2023091003_2608,2023,0
2023091003_263,2023,0
2023091003_2638,2023,0
2023091003_2798,2023,0
2023091003_2902,2023,0
2023091003_2979,2023,0
2023091003_3002,2023,0
2023091003_3202,2023,0
2023091003_3335,2023,0
2023091003_3409,2023,0
2023091003_3645,2023,0
2023091003_3750,2023,0
2023091003_3797,2023,0
2023091003_3820,2023,0
2023091003_3845,2023,0
2023091003_3998,2023,0
2023091003_4047,2023,0
2023091003_410,2023,0
2023091003_4153,2023,0
2023091003_4201,2023,0
2023091003_4283,2023,0
2023091003_4333,2023,0
2023091003_4363,2023,0
2023091003_4416,2023,0
2023091003_529,2023,0
2023091003_662,2023,0
2023091003_761,2023,0
2023091003_81,2023,0
2023091004_1190,2023,0
2023091004_1326,2023,0
2023091004_1594,2023,0
2023091004_1676,2023,0
2023091004_1701,2023,0
2023091004_1839,2023,0
2023091004_1933,2023,0
2023091004_1958,2023,0
2023091004_196,2023,0
2023091004_2077,2023,0
2023091004_2102,2023,0
2023091004_2154,2023,0
2023091004_2177,2023,0
2023091004_219,2023,0
2023091004_2234,2023,0
2023091004_2257,2023,0
2023091004_2287,2023,0
2023091004_2344,2023,0
2023091004_2369,2023,0
2023091004_2607,2023,0
2023091004_2724,2023,0
2023091004_2749,2023,0
2023091004_2827,2023,0
2023091004_2850,2023,0
2023091004_2936,2023,0
2023091004_2961,2023,0
2023091004_3030,2023,0
2023091004_3105,2023,0
2023091004_315,2023,0
2023091004_3177,2023,0
2023091004_3244,2023,0
2023091004_3365,2023,0
2023091004_340,2023,0
2023091004_3429,2023,0
2023091004_3584,2023,0
2023091004_3616,2023,0
2023091004_3641,2023,0
2023091004_365,2023,0
2023091004_3690,2023,0
2023091004_3849,2023,0
2023091004_390,2023,0
2023091004_3922,2023,0
2023091004_4015,2023,0
2023091004_4040,2023,0
2023091004_4122,2023,0
2023091004_413,2023,0
2023091004_4249,2023,0
2023091004_438,2023,0
2023091004_542,2023,0
2023091004_592,2023,0
2023091004_695,2023,0
2023091004_766,2023,0
2023091004_821,2023,0
2023091004_936,2023,0
2023091004_983,2023,0
2023091005_1016,2023,0
2023091005_1217,2023,0
2023091005_1289,2023,0
2023091005_159,2023,0
2023091005_1721,2023,0
2023091005_2166,2023,0
2023091005_2251,2023,0
2023091005_228,2023,0
2023091005_2283,2023,0
2023091005_2366,2023,0
2023091005_2440,2023,0
2023091005_2720,2023,0
2023091005_2834,2023,0
2023091005_2964,2023,0
2023091005_301,2023,0
2023091005_3042,2023,0
2023091005_3067,2023,0
2023091005_3128,2023,0
2023091005_331,2023,0
2023091005_3436,2023,0
2023091005_3850,2023,0
2023091005_3875,2023,0
2023091005_4036,2023,0
2023091005_4124,2023,0
2023091005_4147,2023,0
2023091005_768,2023,0
2023091005_793,2023,0
2023091005_849,2023,0
2023091005_991,2023,0
2023091006_1096,2023,0
2023091006_1207,2023,0
2023091006_1421,2023,0
2023091006_144,2023,0
2023091006_1717,2023,0
2023091006_1999,2023,0
2023091006_2156,2023,0
2023091006_2188,2023,0
2023091006_2274,2023,0
2023091006_2299,2023,0
2023091006_2324,2023,0
2023091006_2380,2023,0
2023091006_2470,2023,0
2023091006_2529,2023,0
2023091006_2657,2023,0
2023091006_282,2023,0
2023091006_2861,2023,0
2023091006_3078,2023,0
2023091006_3137,2023,0
2023091006_3234,2023,0
2023091006_3295,2023,0
2023091006_3422,2023,0
2023091006_3447,2023,0
2023091006_3472,2023,0
2023091006_3722,2023,0
2023091006_3754,2023,0
2023091006_3779,2023,0
2023091006_3804,2023,0
2023091006_3829,2023,0
2023091006_3881,2023,0
2023091006_4079,2023,0
2023091006_4163,2023,0
2023091006_4186,2023,0
2023091006_4211,2023,0
2023091006_4270,2023,0
2023091006_4315,2023,0
2023091006_4340,2023,0
2023091006_4395,2023,0
2023091006_4420,2023,0
2023091006_492,2023,0
2023091006_55,2023,0
2023091006_550,2023,0
2023091006_575,2023,0
2023091006_598,2023,0
2023091006_822,2023,0
2023091006_899,2023,0
2023091007_1167,2023,0
2023091007_1214,2023,0
2023091007_124,2023,0
2023091007_1424,2023,0
2023091007_147,2023,0
2023091007_1620,2023,0
2023091007_1764,2023,0
2023091007_1794,2023,0
2023091007_1848,2023,0
2023091007_2013,2023,0
2023091007_2036,2023,0
2023091007_2135,2023,0
2023091007_2160,2023,0
2023091007_2183,2023,0
2023091007_2359,2023,0
2023091007_2421,2023,0
2023091007_2447,2023,0
2023091007_2672,2023,0
2023091007_2719,2023,0
2023091007_3145,2023,0
2023091007_3542,2023,0
2023091007_357,2023,0
2023091007_3890,2023,0
2023091007_4101,2023,0
2023091007_4234,2023,0
2023091007_580,2023,0
2023091007_77,2023,0
2023091007_842,2023,0
2023091007_935,2023,0
2023091008_1105,2023,0
2023091008_1130,2023,0
2023091008_1155,2023,0
2023091008_1200,2023,0
2023091008_125,2023,0
2023091008_1292,2023,0
2023091008_1473,2023,0
2023091008_1551,2023,0
2023091008_1576,2023,0
2023091008_1601,2023,0
2023091008_1626,2023,0
2023091008_1818,2023,0
2023091008_1929,2023,0
2023091008_1952,2023,0
2023091008_1981,2023,0
2023091008_2007,2023,0
2023091008_2390,2023,0
2023091008_2475,2023,0
2023091008_2697,2023,0
2023091008_273,2023,0
2023091008_2749,2023,0
2023091008_2865,2023,0
2023091008_2921,2023,0
2023091008_3010,2023,0
2023091008_3178,2023,0
2023091008_3354,2023,0
2023091008_3377,2023,0
2023091008_3495,2023,0
2023091008_3745,2023,0
2023091008_3826,2023,0
2023091008_3851,2023,0
2023091008_3923,2023,0
2023091008_3975,2023,0
2023091008_3998,2023,0
2023091008_4021,2023,0
2023091008_4051,2023,0
2023091008_4452,2023,0
2023091008_4491,2023,0
2023091008_4514,2023,0
2023091008_4539,2023,0
2023091008_496,2023,0
2023091008_572,2023,0
2023091008_619,2023,0
2023091008_735,2023,0
2023091008_840,2023,0
2023091008_888,2023,0
2023091009_1017,2023,0
2023091009_103,2023,0
2023091009_1212,2023,0
2023091009_1507,2023,0
2023091009_1621,2023,0
2023091009_1680,2023,0
2023091009_1710,2023,0
2023091009_1735,2023,0
2023091009_1772,2023,0
2023091009_1802,2023,0
2023091009_1827,2023,0
2023091009_1886,2023,0
2023091009_1946,2023,0
2023091009_2102,2023,0
2023091009_2499,2023,0
2023091009_2546,2023,0
2023091009_2609,2023,0
2023091009_2634,2023,0
2023091009_2907,2023,0
2023091009_2932,2023,0
2023091009_3009,2023,0
2023091009_3108,2023,0
2023091009_3140,2023,0
2023091009_3170,2023,0
2023091009_3195,2023,0
2023091009_3242,2023,0
2023091009_3361,2023,0
2023091009_3386,2023,0
2023091009_3418,2023,0
2023091009_3454,2023,0
2023091009_3501,2023,0
2023091009_3587,2023,0
2023091009_417,2023,0
2023091009_442,2023,0
2023091009_511,2023,0
2023091009_570,2023,0
2023091009_681,2023,0
2023091009_797,2023,0
2023091009_861,2023,0
2023091009_953,2023,0
2023091010_1119,2023,0
2023091010_1249,2023,0
2023091010_1337,2023,0
2023091010_1513,2023,0
2023091010_1558,2023,0
2023091010_1761,2023,0
2023091010_1835,2023,0
2023091010_1858,2023,0
2023091010_1888,2023,0
2023091010_1940,2023,0
2023091010_2103,2023,0
2023091010_2151,2023,0
2023091010_2176,2023,0
2023091010_2206,2023,0
2023091010_2236,2023,0
2023091010_2261,2023,0
2023091010_2284,2023,0
2023091010_2372,2023,0
2023091010_2930,2023,0
2023091010_2982,2023,0
2023091010_3198,2023,0
2023091010_3274,2023,0
2023091010_328,2023,0
2023091010_3309,2023,0
2023091010_3701,2023,0
2023091010_3803,2023,0
2023091010_3890,2023,0
2023091010_4076,2023,0
2023091010_4099,2023,0
2023091010_4321,2023,0
2023091010_4473,2023,0
2023091010_4498,2023,0
2023091010_4615,2023,0
2023091010_4699,2023,0
2023091010_630,2023,0
2023091010_997,2023,0
2023091011_1034,2023,0
2023091011_140,2023,0
2023091011_1418,2023,0
2023091011_1661,2023,0
2023091011_1759,2023,0
2023091011_1792,2023,0
2023091011_1839,2023,0
2023091011_209,2023,0
2023091011_2093,2023,0
2023091011_2125,2023,0
2023091011_2196,2023,0
2023091011_2363,2023,0
2023091011_2388,2023,0
2023091011_2449,2023,0
2023091011_2508,2023,0
2023091011_2555,2023,0
2023091011_2580,2023,0
2023091011_2643,2023,0
2023091011_2857,2023,0
2023091011_3006,2023,0
2023091011_3108,2023,0
2023091011_3140,2023,0
2023091011_3217,2023,0
2023091011_3262,2023,0
2023091011_3425,2023,0
2023091011_3455,2023,0
2023091011_3491,2023,0
2023091011_3683,2023,0
2023091011_3797,2023,0
2023091011_3976,2023,0
2023091011_4046,2023,0
2023091011_4071,2023,0
2023091011_4096,2023,0
2023091011_4270,2023,0
2023091011_4317,2023,0
2023091011_4457,2023,0
2023091011_4485,2023,0
2023091011_4557,2023,0
2023091011_515,2023,0
2023091011_55,2023,0
2023091011_614,2023,0
2023091011_637,2023,0
2023091011_952,2023,0
2023091012_102,2023,0
2023091012_1090,2023,0
2023091012_1165,2023,0
2023091012_1392,2023,0
2023091012_1455,2023,0
2023091012_1641,2023,0
2023091012_1666,2023,0
2023091012_176,2023,0
2023091012_1831,2023,0
2023091012_1956,2023,0
2023091012_1979,2023,0
2023091012_2002,2023,0
2023091012_2034,2023,0
2023091012_2240,2023,0
2023091012_2263,2023,0
2023091012_2476,2023,0
2023091012_2543,2023,0
2023091012_2602,2023,0
2023091012_2656,2023,0
2023091012_2725,2023,0
2023091012_2791,2023,0
2023091012_2956,2023,0
2023091012_3093,2023,0
2023091012_3140,2023,0
2023091012_3197,2023,0
2023091012_327,2023,0
2023091012_3382,2023,0
2023091012_3516,2023,0
2023091012_3618,2023,0
2023091012_3663,2023,0
2023091012_3729,2023,0
2023091012_55,2023,0
2023091012_582,2023,0
2023091012_605,2023,0
2023091012_652,2023,0
2023091012_677,2023,0
2023091012_783,2023,0
2023091012_925,2023,0
2023091012_950,2023,0
2023091013_1015,2023,0
2023091013_1072,2023,0
2023091013_1117,2023,0
2023091013_1337,2023,0
2023091013_1870,2023,0
2023091013_1943,2023,0
2023091013_2144,2023,0
2023091013_2292,2023,0
2023091013_2572,2023,0
2023091013_2738,2023,0
2023091013_2802,2023,0
2023091013_2872,2023,0
2023091013_3047,2023,0
2023091013_3538,2023,0
2023091013_3711,2023,0
2023091013_3845,2023,0
2023091013_3870,2023,0
2023091013_3974,2023,0
2023091013_422,2023,0
2023091013_616,2023,0
2023091013_639,2023,0
2023091013_801,2023,0
2023091100_1186,2023,0
2023091100_1216,2023,0
2023091100_1239,2023,0
2023091100_1356,2023,0
2023091100_1499,2023,0
2023091100_152,2023,0
2023091100_1551,2023,0
2023091100_1589,2023,0
2023091100_1701,2023,0
2023091100_2306,2023,0
2023091100_2358,2023,0
2023091100_2383,2023,0
2023091100_2428,2023,0
2023091100_2513,2023,0
2023091100_2536,2023,0
2023091100_2844,2023,0
2023091100_2916,2023,0
2023091100_299,2023,0
2023091100_3015,2023,0
2023091100_3098,2023,0
2023091100_3167,2023,0
2023091100_331,2023,0
2023091100_3593,2023,0
2023091100_3618,2023,0
2023091100_3942,2023,0
2023091100_482,2023,0
2023091100_534,2023,0
2023091100_559,2023,0
2023091100_629,2023,0
2023091100_779,2023,0
2023091100_804,2023,0
2023091100_962,2023,0
2023091400_1000,2023,0
2023091400_1072,2023,0
2023091400_1213,2023,0
2023091400_1420,2023,0
2023091400_151,2023,0
2023091400_1588,2023,0
2023091400_1645,2023,0
2023091400_1702,2023,0
2023091400_1725,2023,0
2023091400_1767,2023,0
2023091400_1962,2023,0
2023091400_2247,2023,0
2023091400_2500,2023,0
2023091400_2523,2023,0
2023091400_2645,2023,0
2023091400_2694,2023,0
2023091400_2768,2023,0
2023091400_2793,2023,0
2023091400_2885,2023,0
2023091400_2976,2023,0
2023091400_3072,2023,0
2023091400_3117,2023,0
2023091400_318,2023,0
2023091400_3333,2023,0
2023091400_3413,2023,0
2023091400_3438,2023,0
2023091400_3486,2023,0
2023091400_3516,2023,0
2023091400_3668,2023,0
2023091400_3813,2023,0
2023091400_3836,2023,0
2023091400_3927,2023,0
2023091400_3950,2023,0
2023091400_3975,2023,0
2023091400_4000,2023,0
2023091400_4084,2023,0
2023091400_4107,2023,0
2023091400_431,2023,0
2023091400_685,2023,0
2023091400_779,2023,0
2023091400_928,2023,0
2023091400_953,2023,0
2023091700_111,2023,0
2023091700_1311,2023,0
2023091700_1358,2023,0
2023091700_1427,2023,0
2023091700_1593,2023,0
2023091700_1728,2023,0
2023091700_1809,2023,0
2023091700_1856,2023,0
2023091700_1959,2023,0
2023091700_2147,2023,0
2023091700_2170,2023,0
2023091700_2193,2023,0
2023091700_2258,2023,0
2023091700_2307,2023,0
2023091700_2337,2023,0
2023091700_2859,2023,0
2023091700_2911,2023,0
2023091700_2941,2023,0
2023091700_3163,2023,0
2023091700_3232,2023,0
2023091700_3373,2023,0
2023091700_3506,2023,0
2023091700_3585,2023,0
2023091700_3781,2023,0
2023091700_3843,2023,0
2023091700_430,2023,0
2023091700_453,2023,0
2023091700_522,2023,0
2023091700_545,2023,0
2023091700_597,2023,0
2023091700_855,2023,0
2023091701_1105,2023,0
2023091701_1169,2023,0
2023091701_1194,2023,0
2023091701_1317,2023,0
2023091701_1395,2023,0
2023091701_1447,2023,0
2023091701_1573,2023,0
2023091701_1727,2023,0
2023091701_1811,2023,0
2023091701_1908,2023,0
2023091701_2018,2023,0
2023091701_2055,2023,0
2023091701_2168,2023,0
2023091701_2267,2023,0
2023091701_2435,2023,0
2023091701_2465,2023,0
2023091701_2616,2023,0
2023091701_2675,2023,0
2023091701_2752,2023,0
2023091701_2953,2023,0
2023091701_3000,2023,0
2023091701_3025,2023,0
2023091701_339,2023,0
2023091701_3521,2023,0
2023091701_415,2023,0
2023091701_487,2023,0
2023091701_637,2023,0
2023091701_757,2023,0
2023091701_807,2023,0
2023091701_832,2023,0
2023091701_857,2023,0
2023091701_936,2023,0
2023091702_1177,2023,0
2023091702_1327,2023,0
2023091702_1556,2023,0
2023091702_164,2023,0
2023091702_1681,2023,0
2023091702_1706,2023,0
2023091702_1736,2023,0
2023091702_1878,2023,0
2023091702_189,2023,0
2023091702_1903,2023,0
2023091702_1928,2023,0
2023091702_1957,2023,0
2023091702_2094,2023,0
2023091702_2136,2023,0
2023091702_2298,2023,0
2023091702_2374,2023,0
2023091702_2399,2023,0
2023091702_2483,2023,0
2023091702_2515,2023,0
2023091702_2663,2023,0
2023091702_2718,2023,0
2023091702_2817,2023,0
2023091702_3189,2023,0
2023091702_336,2023,0
2023091702_3661,2023,0
2023091702_3771,2023,0
2023091702_3796,2023,0
2023091702_3876,2023,0
2023091702_3901,2023,0
2023091702_504,2023,0
2023091702_529,2023,0
2023091702_55,2023,0
2023091702_584,2023,0
2023091702_638,2023,0
2023091702_663,2023,0
2023091702_842,2023,0
2023091703_1008,2023,0
2023091703_104,2023,0
2023091703_1131,2023,0
2023091703_1206,2023,0
2023091703_1238,2023,0
2023091703_1393,2023,0
2023091703_1496,2023,0
2023091703_1611,2023,0
2023091703_1663,2023,0
2023091703_1771,2023,0
2023091703_180,2023,0
2023091703_1890,2023,0
2023091703_1961,2023,0
2023091703_2062,2023,0
2023091703_210,2023,0
2023091703_2182,2023,0
2023091703_2268,2023,0
2023091703_2498,2023,0
2023091703_2754,2023,0
2023091703_281,2023,0
2023091703_3017,2023,0
2023091703_306,2023,0
2023091703_3135,2023,0
2023091703_3185,2023,0
2023091703_3215,2023,0
2023091703_3361,2023,0
2023091703_3506,2023,0
2023091703_3589,2023,0
2023091703_3690,2023,0
2023091703_3733,2023,0
2023091703_3827,2023,0
2023091703_4077,2023,0
2023091703_4124,2023,0
2023091703_4149,2023,0
2023091703_4179,2023,0
2023091703_4278,2023,0
2023091703_4326,2023,0
2023091703_4401,2023,0
2023091703_530,2023,0
2023091703_582,2023,0
2023091703_665,2023,0
2023091703_736,2023,0
2023091703_913,2023,0
2023091703_980,2023,0
2023091704_1127,2023,0
2023091704_1309,2023,0
2023091704_1332,2023,0
2023091704_1381,2023,0
2023091704_1481,2023,0
2023091704_1584,2023,0
2023091704_1609,2023,0
2023091704_1807,2023,0
2023091704_2036,2023,0
2023091704_206,2023,0
2023091704_2084,2023,0
2023091704_2109,2023,0
2023091704_2157,2023,0
2023091704_2396,2023,0
2023091704_2421,2023,0
2023091704_2742,2023,0
2023091704_2767,2023,0
2023091704_2792,2023,0
2023091704_2880,2023,0
2023091704_3010,2023,0
2023091704_3079,2023,0
2023091704_3104,2023,0
2023091704_3134,2023,0
2023091704_3164,2023,0
2023091704_3200,2023,0
2023091704_3455,2023,0
2023091704_3571,2023,0
2023091704_3619,2023,0
2023091704_3644,2023,0
2023091704_368,2023,0
2023091704_3791,2023,0
2023091704_3895,2023,0
2023091704_3920,2023,0
2023091704_3991,2023,0
2023091704_4016,2023,0
2023091704_4041,2023,0
2023091704_4086,2023,0
2023091704_4277,2023,0
2023091704_4302,2023,0
2023091704_4327,2023,0
2023091704_4350,2023,0
2023091704_4375,2023,0
2023091704_565,2023,0
2023091704_591,2023,0
2023091704_706,2023,0
2023091704_822,2023,0
2023091704_926,2023,0
2023091705_1027,2023,0
2023091705_1240,2023,0
2023091705_1285,2023,0
2023091705_1332,2023,0
2023091705_1530,2023,0
2023091705_1680,2023,0
2023091705_175,2023,0
2023091705_1908,2023,0
2023091705_1933,2023,0
2023091705_1995,2023,0
2023091705_2020,2023,0
2023091705_2132,2023,0
2023091705_2230,2023,0
2023091705_2380,2023,0
2023091705_2450,2023,0
2023091705_2480,2023,0
2023091705_2611,2023,0
2023091705_2636,2023,0
2023091705_267,2023,0
2023091705_2722,2023,0
2023091705_2780,2023,0
2023091705_2873,2023,0
2023091705_292,2023,0
2023091705_3097,2023,0
2023091705_3477,2023,0
2023091705_3578,2023,0
2023091705_3601,2023,0
2023091705_3670,2023,0
2023091705_3789,2023,0
2023091705_3867,2023,0
2023091705_3890,2023,0
2023091705_3928,2023,0
2023091705_4064,2023,0
2023091705_4117,2023,0
2023091705_531,2023,0
2023091705_561,2023,0
2023091705_701,2023,0
2023091705_785,2023,0
2023091705_859,2023,0
2023091705_906,2023,0
2023091706_100,2023,0
2023091706_1028,2023,0
2023091706_1087,2023,0
2023091706_1173,2023,0
2023091706_1433,2023,0
2023091706_1537,2023,0
2023091706_1562,2023,0
2023091706_1703,2023,0
2023091706_1750,2023,0
2023091706_1797,2023,0
2023091706_1829,2023,0
2023091706_1852,2023,0
2023091706_1882,2023,0
2023091706_2321,2023,0
2023091706_237,2023,0
2023091706_2465,2023,0
2023091706_2517,2023,0
2023091706_2542,2023,0
2023091706_2583,2023,0
2023091706_2669,2023,0
2023091706_2719,2023,0
2023091706_2893,2023,0
2023091706_2962,2023,0
2023091706_3033,2023,0
2023091706_3129,2023,0
2023091706_3241,2023,0
2023091706_3266,2023,0
2023091706_329,2023,0
2023091706_3311,2023,0
2023091706_3422,2023,0
2023091706_3475,2023,0
2023091706_3512,2023,0
2023091706_3751,2023,0
2023091706_3929,2023,0
2023091706_397,2023,0
2023091706_3981,2023,0
2023091706_472,2023,0
2023091706_676,2023,0
2023091706_726,2023,0
2023091706_77,2023,0
2023091707_1022,2023,0
2023091707_1093,2023,0
2023091707_1234,2023,0
2023091707_1259,2023,0
2023091707_1413,2023,0
2023091707_1576,2023,0
2023091707_172,2023,0
2023091707_1739,2023,0
2023091707_2216,2023,0
2023091707_2334,2023,0
2023091707_2498,2023,0
2023091707_2523,2023,0
2023091707_2592,2023,0
2023091707_2617,2023,0
2023091707_2678,2023,0
2023091707_2745,2023,0
2023091707_2792,2023,0
2023091707_2817,2023,0
2023091707_2878,2023,0
2023091707_3010,2023,0
2023091707_3091,2023,0
2023091707_3185,2023,0
2023091707_3324,2023,0
2023091707_3399,2023,0
2023091707_3707,2023,0
2023091707_3830,2023,0
2023091707_4001,2023,0
2023091707_418,2023,0
2023091707_470,2023,0
2023091707_500,2023,0
2023091707_55,2023,0
2023091707_577,2023,0
2023091707_750,2023,0
2023091707_824,2023,0
2023091707_90,2023,0
2023091708_1110,2023,0
2023091708_1168,2023,0
2023091708_1325,2023,0
2023091708_1436,2023,0
2023091708_1582,2023,0
2023091708_1628,2023,0
2023091708_166,2023,0
2023091708_1675,2023,0
2023091708_1727,2023,0
2023091708_1759,2023,0
2023091708_1864,2023,0
2023091708_1968,2023,0
2023091708_1993,2023,0
2023091708_2018,2023,0
2023091708_2043,2023,0
2023091708_2139,2023,0
2023091708_2164,2023,0
2023091708_2300,2023,0
2023091708_2522,2023,0
2023091708_264,2023,0
2023091708_2698,2023,0
2023091708_289,2023,0
2023091708_2933,2023,0
2023091708_2999,2023,0
2023091708_3082,2023,0
2023091708_3128,2023,0
2023091708_3169,2023,0
2023091708_3206,2023,0
2023091708_3231,2023,0
2023091708_3310,2023,0
2023091708_3384,2023,0
2023091708_3512,2023,0
2023091708_3665,2023,0
2023091708_3755,2023,0
2023091708_3780,2023,0
2023091708_3805,2023,0
2023091708_402,2023,0
2023091708_4048,2023,0
2023091708_4093,2023,0
2023091708_449,2023,0
2023091708_494,2023,0
2023091708_678,2023,0
2023091708_846,2023,0
2023091708_94,2023,0
2023091709_102,2023,0
2023091709_1058,2023,0
2023091709_1083,2023,0
2023091709_1228,2023,0
2023091709_1302,2023,0
2023091709_1403,2023,0
2023091709_1462,2023,0
2023091709_1524,2023,0
2023091709_1581,2023,0
2023091709_1808,2023,0
2023091709_1860,2023,0
2023091709_1885,2023,0
2023091709_2085,2023,0
2023091709_2159,2023,0
2023091709_2189,2023,0
2023091709_2244,2023,0
2023091709_2391,2023,0
2023091709_2440,2023,0
2023091709_2477,2023,0
2023091709_2534,2023,0
2023091709_2617,2023,0
2023091709_2642,2023,0
2023091709_2676,2023,0
2023091709_2708,2023,0
2023091709_2854,2023,0
2023091709_2877,2023,0
2023091709_2993,2023,0
2023091709_3207,2023,0
2023091709_3278,2023,0
2023091709_3303,2023,0
2023091709_3326,2023,0
2023091709_3390,2023,0
2023091709_3503,2023,0
2023091709_386,2023,0
2023091709_3889,2023,0
2023091709_3944,2023,0
2023091709_4189,2023,0
2023091709_4212,2023,0
2023091709_4269,2023,0
2023091709_4294,2023,0
2023091709_4317,2023,0
2023091709_4342,2023,0
2023091709_4372,2023,0
2023091709_438,2023,0
2023091709_4397,2023,0
2023091709_493,2023,0
2023091709_583,2023,0
2023091709_718,2023,0
2023091709_998,2023,0
2023091710_100,2023,0
2023091710_1137,2023,0
2023091710_1322,2023,0
2023091710_1345,2023,0
2023091710_1460,2023,0
2023091710_1485,2023,0
2023091710_1510,2023,0
2023091710_1538,2023,0
2023091710_1678,2023,0
2023091710_172,2023,0
2023091710_1899,2023,0
2023091710_1924,2023,0
2023091710_1949,2023,0
2023091710_2266,2023,0
2023091710_230,2023,0
2023091710_2452,2023,0
2023091710_2822,2023,0
2023091710_2849,2023,0
2023091710_2958,2023,0
2023091710_3029,2023,0
2023091710_3223,2023,0
2023091710_3299,2023,0
2023091710_3659,2023,0
2023091710_3682,2023,0
2023091710_3815,2023,0
2023091710_3860,2023,0
2023091710_3973,2023,0
2023091710_4021,2023,0
2023091710_4103,2023,0
2023091710_467,2023,0
2023091710_521,2023,0
2023091710_805,2023,0
2023091711_1031,2023,0
2023091711_1232,2023,0
2023091711_1577,2023,0
2023091711_1680,2023,0
2023091711_182,2023,0
2023091711_1960,2023,0
2023091711_2035,2023,0
2023091711_2060,2023,0
2023091711_2118,2023,0
2023091711_2150,2023,0
2023091711_2539,2023,0
2023091711_2647,2023,0
2023091711_2693,2023,0
2023091711_2863,2023,0
2023091711_2939,2023,0
2023091711_2998,2023,0
2023091711_3023,2023,0
2023091711_3073,2023,0
2023091711_3211,2023,0
2023091711_3369,2023,0
2023091711_3511,2023,0
2023091711_3747,2023,0
2023091711_3873,2023,0
2023091711_3920,2023,0
2023091711_3943,2023,0
2023091711_4035,2023,0
2023091711_4071,2023,0
2023091711_4096,2023,0
2023091711_4471,2023,0
2023091711_4501,2023,0
2023091711_4592,2023,0
2023091711_504,2023,0
2023091711_551,2023,0
2023091711_622,2023,0
2023091711_675,2023,0
2023091711_720,2023,0
2023091711_750,2023,0
2023091711_855,2023,0
2023091712_1304,2023,0
2023091712_1493,2023,0
2023091712_1579,2023,0
2023091712_1639,2023,0
2023091712_1712,2023,0
2023091712_1848,2023,0
2023091712_1946,2023,0
2023091712_2003,2023,0
2023091712_2028,2023,0
2023091712_2053,2023,0
2023091712_2078,2023,0
2023091712_2480,2023,0
2023091712_2579,2023,0
2023091712_2611,2023,0
2023091712_2685,2023,0
2023091712_2828,2023,0
2023091712_2935,2023,0
2023091712_3011,2023,0
2023091712_3163,2023,0
2023091712_318,2023,0
2023091712_3306,2023,0
2023091712_3331,2023,0
2023091712_343,2023,0
2023091712_3576,2023,0
2023091712_3606,2023,0
2023091712_3844,2023,0
2023091712_3903,2023,0
2023091712_3928,2023,0
2023091712_3951,2023,0
2023091712_3976,2023,0
2023091712_420,2023,0
2023091712_4328,2023,0
2023091712_4405,2023,0
2023091712_4428,2023,0
2023091712_445,2023,0
2023091712_4453,2023,0
2023091712_56,2023,0
2023091712_643,2023,0
2023091712_719,2023,0
2023091712_81,2023,0
2023091712_922,2023,0
2023091712_991,2023,0
2023091800_1027,2023,0
2023091800_1236,2023,0
2023091800_1340,2023,0
2023091800_1363,2023,0
2023091800_148,2023,0
2023091800_1646,2023,0
2023091800_1705,2023,0
2023091800_1773,2023,0
2023091800_1854,2023,0
2023091800_1920,2023,0
2023091800_1945,2023,0
2023091800_2098,2023,0
2023091800_2151,2023,0
2023091800_2196,2023,0
2023091800_2430,2023,0
2023091800_2700,2023,0
2023091800_2839,2023,0
2023091800_2968,2023,0
2023091800_3042,2023,0
2023091800_3202,2023,0
2023091800_3225,2023,0
2023091800_3587,2023,0
2023091800_3634,2023,0
2023091800_3705,2023,0
2023091800_4057,2023,0
2023091800_4114,2023,0
2023091800_4142,2023,0
2023091800_4167,2023,0
2023091800_4197,2023,0
2023091800_4274,2023,0
2023091800_429,2023,0
2023091800_4304,2023,0
2023091800_4339,2023,0
2023091800_523,2023,0
2023091800_646,2023,0
2023091800_743,2023,0
2023091800_790,2023,0
2023091800_837,2023,0
2023091800_881,2023,0
2023091801_1071,2023,0
2023091801_1163,2023,0
2023091801_1304,2023,0
2023091801_144,2023,0
2023091801_1478,2023,0
2023091801_1539,2023,0
2023091801_1615,2023,0
2023091801_1640,2023,0
2023091801_1838,2023,0
2023091801_1863,2023,0
2023091801_1945,2023,0
2023091801_1990,2023,0
2023091801_2116,2023,0
2023091801_2139,2023,0
2023091801_2253,2023,0
2023091801_230,2023,0
2023091801_2308,2023,0
2023091801_2597,2023,0
2023091801_2698,2023,0
2023091801_2723,2023,0
2023091801_2789,2023,0
2023091801_2955,2023,0
2023091801_3131,2023,0
2023091801_3204,2023,0
2023091801_3265,2023,0
2023091801_3509,2023,0
2023091801_3640,2023,0
2023091801_3826,2023,0
2023091801_384,2023,0
2023091801_4004,2023,0
2023091801_4169,2023,0
2023091801_4371,2023,0
2023091801_4401,2023,0
2023091801_4431,2023,0
2023091801_56,2023,0
2023091801_592,2023,0
2023091801_911,2023,0
2023092100_101,2023,0
2023092100_126,2023,0
2023092100_1441,2023,0
2023092100_1536,2023,0
2023092100_1632,2023,0
2023092100_1744,2023,0
2023092100_1856,2023,0
2023092100_1881,2023,0
2023092100_1961,2023,0
2023092100_2200,2023,0
2023092100_2463,2023,0
2023092100_2588,2023,0
2023092100_2633,2023,0
2023092100_2993,2023,0
2023092100_307,2023,0
2023092100_3339,2023,0
2023092100_3445,2023,0
2023092100_3470,2023,0
2023092100_3677,2023,0
2023092100_3788,2023,0
2023092100_3823,2023,0
2023092100_3907,2023,0
2023092100_3957,2023,0
2023092100_498,2023,0
2023092100_572,2023,0
2023092100_627,2023,0
2023092100_771,2023,0
2023092100_78,2023,0
2023092100_851,2023,0
2023092100_971,2023,0
2023092400_1878,2023,0
2023092400_2105,2023,0
2023092400_221,2023,0
2023092400_2312,2023,0
2023092400_2452,2023,0
2023092400_2505,2023,0
2023092400_2614,2023,0
2023092400_2639,2023,0
2023092400_268,2023,0
2023092400_2711,2023,0
2023092400_2814,2023,0
2023092400_2910,2023,0
2023092400_293,2023,0
2023092400_2962,2023,0
2023092400_3110,2023,0
2023092400_3317,2023,0
2023092400_3386,2023,0
2023092400_3409,2023,0
2023092400_3477,2023,0
2023092400_3578,2023,0
2023092400_362,2023,0
2023092400_3798,2023,0
2023092400_419,2023,0
2023092400_4274,2023,0
2023092400_4297,2023,0
2023092400_4322,2023,0
2023092400_4448,2023,0
2023092400_4590,2023,0
2023092400_4615,2023,0
2023092400_4834,2023,0
2023092400_4951,2023,0
2023092400_4974,2023,0
2023092400_601,2023,0
2023092400_724,2023,0
2023092400_857,2023,0
2023092400_882,2023,0
2023092401_1016,2023,0
2023092401_112,2023,0
2023092401_1288,2023,0
2023092401_1429,2023,0
2023092401_1781,2023,0
2023092401_1840,2023,0
2023092401_189,2023,0
2023092401_1915,2023,0
2023092401_1938,2023,0
2023092401_2005,2023,0
2023092401_2053,2023,0
2023092401_2083,2023,0
2023092401_2138,2023,0
2023092401_2168,2023,0
2023092401_2308,2023,0
2023092401_2414,2023,0
2023092401_2662,2023,0
2023092401_2687,2023,0
2023092401_2829,2023,0
2023092401_2874,2023,0
2023092401_2943,2023,0
2023092401_3015,2023,0
2023092401_3045,2023,0
2023092401_3075,2023,0
2023092401_3452,2023,0
2023092401_3521,2023,0
2023092401_518,2023,0
2023092401_572,2023,0
2023092401_768,2023,0
2023092401_793,2023,0
2023092402_1078,2023,0
2023092402_1200,2023,0
2023092402_1271,2023,0
2023092402_1418,2023,0
2023092402_1515,2023,0
2023092402_1713,2023,0
2023092402_1909,2023,0
2023092402_1964,2023,0
2023092402_1987,2023,0
2023092402_2036,2023,0
2023092402_2066,2023,0
2023092402_2209,2023,0
2023092402_2376,2023,0
2023092402_2423,2023,0
2023092402_2634,2023,0
2023092402_2793,2023,0
2023092402_2819,2023,0
2023092402_2901,2023,0
2023092402_2926,2023,0
2023092402_2951,2023,0
2023092402_3058,2023,0
2023092402_306,2023,0
2023092402_3188,2023,0
2023092402_3211,2023,0
2023092402_3383,2023,0
2023092402_3509,2023,0
2023092402_3657,2023,0
2023092402_3686,2023,0
2023092402_3714,2023,0
2023092402_3793,2023,0
2023092402_3818,2023,0
2023092402_3841,2023,0
2023092402_3908,2023,0
2023092402_4030,2023,0
2023092402_4300,2023,0
2023092402_4336,2023,0
2023092402_565,2023,0
2023092402_612,2023,0
2023092402_912,2023,0
2023092402_937,2023,0
2023092403_1129,2023,0
2023092403_1214,2023,0
2023092403_1237,2023,0
2023092403_1409,2023,0
2023092403_1546,2023,0
2023092403_1704,2023,0
2023092403_1749,2023,0
2023092403_1835,2023,0
2023092403_1919,2023,0
2023092403_1989,2023,0
2023092403_203,2023,0
2023092403_2171,2023,0
2023092403_2220,2023,0
2023092403_2269,2023,0
2023092403_2437,2023,0
2023092403_2528,2023,0
2023092403_2781,2023,0
2023092403_2880,2023,0
2023092403_2905,2023,0
2023092403_3114,2023,0
2023092403_3228,2023,0
2023092403_3310,2023,0
2023092403_3383,2023,0
2023092403_3466,2023,0
2023092403_3620,2023,0
2023092403_3643,2023,0
2023092403_3666,2023,0
2023092403_3873,2023,0
2023092403_393,2023,0
2023092403_3958,2023,0
2023092403_4078,2023,0
2023092403_4103,2023,0
2023092403_4151,2023,0
2023092403_4208,2023,0
2023092403_474,2023,0
2023092403_526,2023,0
2023092403_673,2023,0
2023092403_77,2023,0
2023092403_863,2023,0
2023092403_918,2023,0
2023092403_978,2023,0
2023092404_1027,2023,0
2023092404_1096,2023,0
2023092404_1200,2023,0
2023092404_1478,2023,0
2023092404_1505,2023,0
2023092404_1677,2023,0
2023092404_1725,2023,0
2023092404_1845,2023,0
2023092404_185,2023,0
2023092404_1870,2023,0
2023092404_1924,2023,0
2023092404_1947,2023,0
2023092404_1970,2023,0
2023092404_2033,2023,0
2023092404_2063,2023,0
2023092404_2110,2023,0
2023092404_2178,2023,0
2023092404_2235,2023,0
2023092404_2265,2023,0
2023092404_2519,2023,0
2023092404_255,2023,0
2023092404_2744,2023,0
2023092404_2816,2023,0
2023092404_2841,2023,0
2023092404_2866,2023,0
2023092404_2918,2023,0
2023092404_299,2023,0
2023092404_3072,2023,0
2023092404_3122,2023,0
2023092404_3183,2023,0
2023092404_3232,2023,0
2023092404_3257,2023,0
2023092404_3343,2023,0
2023092404_3516,2023,0
2023092404_3541,2023,0
2023092404_3566,2023,0
2023092404_3591,2023,0
2023092404_3614,2023,0
2023092404_3639,2023,0
2023092404_3804,2023,0
2023092404_3829,2023,0
2023092404_3882,2023,0
2023092404_397,2023,0
2023092404_3996,2023,0
2023092404_4223,2023,0
2023092404_4255,2023,0
2023092404_561,2023,0
2023092404_62,2023,0
2023092404_733,2023,0
2023092404_758,2023,0
2023092404_810,2023,0
2023092405_102,2023,0
2023092405_1103,2023,0
2023092405_1241,2023,0
2023092405_1321,2023,0
2023092405_1640,2023,0
2023092405_1741,2023,0
2023092405_1773,2023,0
2023092405_1798,2023,0
2023092405_1997,2023,0
2023092405_2098,2023,0
2023092405_210,2023,0
2023092405_2201,2023,0
2023092405_2226,2023,0
2023092405_2312,2023,0
2023092405_2337,2023,0
2023092405_2505,2023,0
2023092405_2672,2023,0
2023092405_2742,2023,0
2023092405_2928,2023,0
2023092405_3028,2023,0
2023092405_3143,2023,0
2023092405_3234,2023,0
2023092405_344,2023,0
2023092405_3559,2023,0
2023092405_3804,2023,0
2023092405_3916,2023,0
2023092405_4121,2023,0
2023092405_416,2023,0
2023092405_4180,2023,0
2023092405_529,2023,0
2023092405_648,2023,0
2023092405_717,2023,0
2023092405_752,2023,0
2023092405_838,2023,0
2023092406_1004,2023,0
2023092406_1052,2023,0
2023092406_1183,2023,0
2023092406_1215,2023,0
2023092406_1240,2023,0
2023092406_1323,2023,0
2023092406_1417,2023,0
2023092406_1537,2023,0
2023092406_1663,2023,0
2023092406_1740,2023,0
2023092406_1977,2023,0
2023092406_2019,2023,0
2023092406_2301,2023,0
2023092406_2331,2023,0
2023092406_2356,2023,0
2023092406_2512,2023,0
2023092406_2607,2023,0
2023092406_2691,2023,0
2023092406_2764,2023,0
2023092406_2830,2023,0
2023092406_2855,2023,0
2023092406_2904,2023,0
2023092406_295,2023,0
2023092406_3018,2023,0
2023092406_3048,2023,0
2023092406_3112,2023,0
2023092406_320,2023,0
2023092406_3225,2023,0
2023092406_3250,2023,0
2023092406_361,2023,0
2023092406_3617,2023,0
2023092406_3642,2023,0
2023092406_3667,2023,0
2023092406_3692,2023,0
2023092406_3757,2023,0
2023092406_3873,2023,0
2023092406_4004,2023,0
2023092406_4029,2023,0
2023092406_4134,2023,0
2023092406_4157,2023,0
2023092406_4193,2023,0
2023092406_4223,2023,0
2023092406_4611,2023,0
2023092406_4690,2023,0
2023092406_4724,2023,0
2023092406_4761,2023,0
2023092406_4823,2023,0
2023092406_620,2023,0
2023092406_714,2023,0
2023092406_817,2023,0
2023092407_1190,2023,0
2023092407_1215,2023,0
2023092407_1308,2023,0
2023092407_1430,2023,0
2023092407_1836,2023,0
2023092407_2129,2023,0
2023092407_2220,2023,0
2023092407_2345,2023,0
2023092407_243,2023,0
2023092407_2527,2023,0
2023092407_268,2023,0
2023092407_2710,2023,0
2023092407_2834,2023,0
2023092407_2972,2023,0
2023092407_3022,2023,0
2023092407_3289,2023,0
2023092407_3337,2023,0
2023092407_3446,2023,0
2023092407_356,2023,0
2023092407_3766,2023,0
2023092407_3857,2023,0
2023092407_4157,2023,0
2023092407_4288,2023,0
2023092407_573,2023,0
2023092407_742,2023,0
2023092407_849,2023,0
2023092407_872,2023,0
2023092408_1197,2023,0
2023092408_1368,2023,0
2023092408_1442,2023,0
2023092408_146,2023,0
2023092408_1525,2023,0
2023092408_1574,2023,0
2023092408_1674,2023,0
2023092408_1699,2023,0
2023092408_1724,2023,0
2023092408_1803,2023,0
2023092408_1849,2023,0
2023092408_196,2023,0
2023092408_2043,2023,0
2023092408_2100,2023,0
2023092408_2147,2023,0
2023092408_2177,2023,0
2023092408_2268,2023,0
2023092408_2295,2023,0
2023092408_232,2023,0
2023092408_2449,2023,0
2023092408_2629,2023,0
2023092408_2709,2023,0
2023092408_2893,2023,0
2023092408_2918,2023,0
2023092408_3073,2023,0
2023092408_3187,2023,0
2023092408_3518,2023,0
2023092408_3543,2023,0
2023092408_3600,2023,0
2023092408_372,2023,0
2023092408_3762,2023,0
2023092408_449,2023,0
2023092408_514,2023,0
2023092408_546,2023,0
2023092408_598,2023,0
2023092408_668,2023,0
2023092408_759,2023,0
2023092408_840,2023,0
2023092408_990,2023,0
2023092409_100,2023,0
2023092409_1100,2023,0
2023092409_1390,2023,0
2023092409_1413,2023,0
2023092409_1502,2023,0
2023092409_1530,2023,0
2023092409_1659,2023,0
2023092409_1713,2023,0
2023092409_173,2023,0
2023092409_1770,2023,0
2023092409_1824,2023,0
2023092409_1875,2023,0
2023092409_196,2023,0
2023092409_2015,2023,0
2023092409_2040,2023,0
2023092409_2070,2023,0
2023092409_2117,2023,0
2023092409_2270,2023,0
2023092409_2302,2023,0
2023092409_2384,2023,0
2023092409_259,2023,0
2023092409_2659,2023,0
2023092409_2684,2023,0
2023092409_2714,2023,0
2023092409_2739,2023,0
2023092409_289,2023,0
2023092409_3023,2023,0
2023092409_3090,2023,0
2023092409_3241,2023,0
2023092409_3478,2023,0
2023092409_3576,2023,0
2023092409_3611,2023,0
2023092409_3745,2023,0
2023092409_3770,2023,0
2023092409_3984,2023,0
2023092409_4009,2023,0
2023092409_4034,2023,0
2023092409_4081,2023,0
2023092409_4104,2023,0
2023092409_4309,2023,0
2023092409_4383,2023,0
2023092409_4406,2023,0
2023092409_4673,2023,0
2023092409_4703,2023,0
2023092409_4726,2023,0
2023092409_4751,2023,0
2023092409_4776,2023,0
2023092409_4801,2023,0
2023092409_4826,2023,0
2023092409_4938,2023,0
2023092409_4968,2023,0
2023092409_570,2023,0
2023092409_595,2023,0
2023092409_697,2023,0
2023092409_818,2023,0
2023092409_865,2023,0
2023092409_930,2023,0
2023092409_967,2023,0
2023092410_1178,2023,0
2023092410_1352,2023,0
2023092410_1382,2023,0
2023092410_1405,2023,0
2023092410_1603,2023,0
2023092410_2079,2023,0
2023092410_2104,2023,0
2023092410_2257,2023,0
2023092410_2320,2023,0
2023092410_2550,2023,0
2023092410_2619,2023,0
2023092410_2644,2023,0
2023092410_3039,2023,0
2023092410_3098,2023,0
2023092410_3247,2023,0
2023092410_3526,2023,0
2023092410_3671,2023,0
2023092410_3696,2023,0
2023092410_374,2023,0
2023092410_3860,2023,0
2023092410_4023,2023,0
2023092410_4048,2023,0
2023092410_4071,2023,0
2023092410_4187,2023,0
2023092410_661,2023,0
2023092410_686,2023,0
2023092410_765,2023,0
2023092410_810,2023,0
2023092410_840,2023,0
2023092410_995,2023,0
2023092411_1002,2023,0
2023092411_1030,2023,0
2023092411_1319,2023,0
2023092411_1376,2023,0
2023092411_1474,2023,0
2023092411_1730,2023,0
2023092411_1860,2023,0
2023092411_1897,2023,0
2023092411_1922,2023,0
2023092411_2013,2023,0
2023092411_2043,2023,0
2023092411_2208,2023,0
2023092411_2244,2023,0
2023092411_2267,2023,0
2023092411_2395,2023,0
2023092411_2469,2023,0
2023092411_2563,2023,0
2023092411_2689,2023,0
2023092411_3515,2023,0
2023092411_3643,2023,0
2023092411_369,2023,0
2023092411_3717,2023,0
2023092411_3820,2023,0
2023092411_401,2023,0
2023092411_631,2023,0
2023092411_77,2023,0
2023092411_780,2023,0
2023092411_856,2023,0
2023092411_901,2023,0
2023092412_1052,2023,0
2023092412_1175,2023,0
2023092412_1234,2023,0
2023092412_1261,2023,0
2023092412_148,2023,0
2023092412_1512,2023,0
2023092412_1559,2023,0
2023092412_1604,2023,0
2023092412_1737,2023,0
2023092412_1979,2023,0
2023092412_2164,2023,0
2023092412_2187,2023,0
2023092412_2210,2023,0
2023092412_2254,2023,0
2023092412_2371,2023,0
2023092412_2528,2023,0
2023092412_2576,2023,0
2023092412_2603,2023,0
2023092412_2682,2023,0
2023092412_2818,2023,0
2023092412_2901,2023,0
2023092412_3099,2023,0
2023092412_3255,2023,0
2023092412_3292,2023,0
2023092412_3317,2023,0
2023092412_3653,2023,0
2023092412_3765,2023,0
2023092412_3790,2023,0
2023092412_3940,2023,0
2023092412_3965,2023,0
2023092412_410,2023,0
2023092412_545,2023,0
2023092412_792,2023,0
2023092412_866,2023,0
2023092412_965,2023,0
2023092500_100,2023,0
2023092500_1081,2023,0
2023092500_1155,2023,0
2023092500_1180,2023,0
2023092500_135,2023,0
2023092500_1384,2023,0
2023092500_1463,2023,0
2023092500_1511,2023,0
2023092500_1558,2023,0
2023092500_1654,2023,0
2023092500_1943,2023,0
2023092500_2007,2023,0
2023092500_2077,2023,0
2023092500_2285,2023,0
2023092500_2381,2023,0
2023092500_2407,2023,0
2023092500_2658,2023,0
2023092500_2705,2023,0
2023092500_2728,2023,0
2023092500_288,2023,0
2023092500_3064,2023,0
2023092500_3272,2023,0
2023092500_3307,2023,0
2023092500_3406,2023,0
2023092500_3719,2023,0
2023092500_373,2023,0
2023092500_3793,2023,0
2023092500_418,2023,0
2023092500_450,2023,0
2023092500_651,2023,0
2023092500_730,2023,0
2023092500_861,2023,0
2023092500_943,2023,0
2023092501_109,2023,0
2023092501_1110,2023,0
2023092501_1176,2023,0
2023092501_1235,2023,0
2023092501_1310,2023,0
2023092501_1398,2023,0
2023092501_1494,2023,0
2023092501_156,2023,0
2023092501_1659,2023,0
2023092501_1684,2023,0
2023092501_1730,2023,0
2023092501_1773,2023,0
2023092501_181,2023,0
2023092501_1916,2023,0
2023092501_1939,2023,0
2023092501_2042,2023,0
2023092501_2147,2023,0
2023092501_2177,2023,0
2023092501_2202,2023,0
2023092501_2335,2023,0
2023092501_2529,2023,0
2023092501_2669,2023,0
2023092501_2817,2023,0
2023092501_282,2023,0
2023092501_2910,2023,0
2023092501_2962,2023,0
2023092501_3026,2023,0
2023092501_3086,2023,0
2023092501_3109,2023,0
2023092501_3175,2023,0
2023092501_336,2023,0
2023092501_3522,2023,0
2023092501_3596,2023,0
2023092501_3759,2023,0
2023092501_4117,2023,0
2023092501_4241,2023,0
2023092501_459,2023,0
2023092501_547,2023,0
2023092501_625,2023,0
2023092501_699,2023,0
2023092501_773,2023,0
2023092501_79,2023,0
2023092501_845,2023,0
2023092501_870,2023,0
2023092501_895,2023,0
2023092501_967,2023,0
2023092800_103,2023,0
2023092800_1072,2023,0
2023092800_1156,2023,0
2023092800_1310,2023,0
2023092800_1359,2023,0
2023092800_1446,2023,0
2023092800_1493,2023,0
2023092800_1548,2023,0
2023092800_1573,2023,0
2023092800_1669,2023,0
2023092800_1748,2023,0
2023092800_1818,2023,0
2023092800_1841,2023,0
2023092800_1866,2023,0
2023092800_188,2023,0
2023092800_2035,2023,0
2023092800_2083,2023,0
2023092800_2228,2023,0
2023092800_2275,2023,0
2023092800_2300,2023,0
2023092800_2425,2023,0
2023092800_2511,2023,0
2023092800_2677,2023,0
2023092800_2748,2023,0
2023092800_2771,2023,0
2023092800_2889,2023,0
2023092800_3032,2023,0
2023092800_3057,2023,0
2023092800_322,2023,0
2023092800_3234,2023,0
2023092800_3325,2023,0
2023092800_3618,2023,0
2023092800_3643,2023,0
2023092800_3691,2023,0
2023092800_3763,2023,0
2023092800_3791,2023,0
2023092800_394,2023,0
2023092800_3987,2023,0
2023092800_4178,2023,0
2023092800_485,2023,0
2023092800_508,2023,0
2023092800_596,2023,0
2023092800_648,2023,0
2023092800_78,2023,0
2023092800_873,2023,0
2023100100_1283,2023,0
2023100100_1313,2023,0
2023100100_1360,2023,0
2023100100_1429,2023,0
2023100100_1495,2023,0
2023100100_1560,2023,0
2023100100_1686,2023,0
2023100100_1748,2023,0
2023100100_1771,2023,0
2023100100_1870,2023,0
2023100100_2091,2023,0
2023100100_2245,2023,0
2023100100_2304,2023,0
2023100100_2616,2023,0
2023100100_2676,2023,0
2023100100_2735,2023,0
2023100100_2814,2023,0
2023100100_3109,2023,0
2023100100_3200,2023,0
2023100100_3245,2023,0
2023100100_3314,2023,0
2023100100_3392,2023,0
2023100100_3776,2023,0
2023100100_3806,2023,0
2023100100_465,2023,0
2023100100_522,2023,0
2023100100_762,2023,0
2023100100_846,2023,0
2023100100_995,2023,0
2023100101_1009,2023,0
2023100101_1198,2023,0
2023100101_128,2023,0
2023100101_1507,2023,0
2023100101_1617,2023,0
2023100101_1676,2023,0
2023100101_1960,2023,0
2023100101_1990,2023,0
2023100101_2100,2023,0
2023100101_2190,2023,0
2023100101_2352,2023,0
2023100101_238,2023,0
2023100101_2493,2023,0
2023100101_2590,2023,0
2023100101_2682,2023,0
2023100101_2892,2023,0
2023100101_2941,2023,0
2023100101_2966,2023,0
2023100101_302,2023,0
2023100101_3066,2023,0
2023100101_3135,2023,0
2023100101_3216,2023,0
2023100101_327,2023,0
2023100101_3441,2023,0
2023100101_3567,2023,0
2023100101_3653,2023,0
2023100101_3730,2023,0
2023100101_374,2023,0
2023100101_3919,2023,0
2023100101_3990,2023,0
2023100101_403,2023,0
2023100101_589,2023,0
2023100101_614,2023,0
2023100101_639,2023,0
2023100101_671,2023,0
2023100101_81,2023,0
2023100101_892,2023,0
2023100101_974,2023,0
2023100102_1062,2023,0
2023100102_1092,2023,0
2023100102_1237,2023,0
2023100102_1336,2023,0
2023100102_1390,2023,0
2023100102_1700,2023,0
2023100102_1830,2023,0
2023100102_1855,2023,0
2023100102_2105,2023,0
2023100102_2320,2023,0
2023100102_2374,2023,0
2023100102_2437,2023,0
2023100102_2857,2023,0
2023100102_2887,2023,0
2023100102_2980,2023,0
2023100102_3054,2023,0
2023100102_313,2023,0
2023100102_3175,2023,0
2023100102_3330,2023,0
2023100102_3413,2023,0
2023100102_3460,2023,0
2023100102_3485,2023,0
2023100102_3540,2023,0
2023100102_430,2023,0
2023100102_628,2023,0
2023100102_945,2023,0
2023100102_992,2023,0
2023100103_1023,2023,0
2023100103_1075,2023,0
2023100103_1231,2023,0
2023100103_1256,2023,0
2023100103_1404,2023,0
2023100103_148,2023,0
2023100103_1560,2023,0
2023100103_1607,2023,0
2023100103_1751,2023,0
2023100103_1810,2023,0
2023100103_1885,2023,0
2023100103_2000,2023,0
2023100103_2174,2023,0
2023100103_2219,2023,0
2023100103_2244,2023,0
2023100103_225,2023,0
2023100103_2371,2023,0
2023100103_2396,2023,0
2023100103_250,2023,0
2023100103_2587,2023,0
2023100103_2636,2023,0
2023100103_297,2023,0
2023100103_2977,2023,0
2023100103_3035,2023,0
2023100103_3105,2023,0
2023100103_3180,2023,0
2023100103_3244,2023,0
2023100103_338,2023,0
2023100103_3409,2023,0
2023100103_3467,2023,0
2023100103_3733,2023,0
2023100103_3875,2023,0
2023100103_3923,2023,0
2023100103_3958,2023,0
2023100103_4023,2023,0
2023100103_540,2023,0
2023100103_609,2023,0
2023100103_685,2023,0
2023100103_735,2023,0
2023100103_81,2023,0
2023100103_868,2023,0
2023100104_1137,2023,0
2023100104_1237,2023,0
2023100104_1316,2023,0
2023100104_1397,2023,0
2023100104_1490,2023,0
2023100104_1513,2023,0
2023100104_1693,2023,0
2023100104_1893,2023,0
2023100104_2133,2023,0
2023100104_2229,2023,0
2023100104_228,2023,0
2023100104_2335,2023,0
2023100104_2457,2023,0
2023100104_2527,2023,0
2023100104_2672,2023,0
2023100104_2853,2023,0
2023100104_2914,2023,0
2023100104_2937,2023,0
2023100104_3048,2023,0
2023100104_316,2023,0
2023100104_3160,2023,0
2023100104_3242,2023,0
2023100104_3289,2023,0
2023100104_341,2023,0
2023100104_3732,2023,0
2023100104_3757,2023,0
2023100104_3782,2023,0
2023100104_3984,2023,0
2023100104_406,2023,0
2023100104_517,2023,0
2023100104_590,2023,0
2023100104_613,2023,0
2023100104_767,2023,0
2023100104_903,2023,0
2023100105_1003,2023,0
2023100105_1103,2023,0
2023100105_1195,2023,0
2023100105_1293,2023,0
2023100105_1318,2023,0
2023100105_1439,2023,0
2023100105_1615,2023,0
2023100105_1711,2023,0
2023100105_1829,2023,0
2023100105_1861,2023,0
2023100105_1922,2023,0
2023100105_2044,2023,0
2023100105_2102,2023,0
2023100105_2526,2023,0
2023100105_2610,2023,0
2023100105_2664,2023,0
2023100105_2692,2023,0
2023100105_2744,2023,0
2023100105_2810,2023,0
2023100105_2966,2023,0
2023100105_3024,2023,0
2023100105_3047,2023,0
2023100105_3157,2023,0
2023100105_3246,2023,0
2023100105_3337,2023,0
2023100105_3403,2023,0
2023100105_3433,2023,0
2023100105_3456,2023,0
2023100105_3596,2023,0
2023100105_3916,2023,0
2023100105_3970,2023,0
2023100105_524,2023,0
2023100105_62,2023,0
2023100105_655,2023,0
2023100105_805,2023,0
2023100105_830,2023,0
2023100105_946,2023,0
2023100106_102,2023,0
2023100106_1186,2023,0
2023100106_158,2023,0
2023100106_1596,2023,0
2023100106_1724,2023,0
2023100106_2008,2023,0
2023100106_233,2023,0
2023100106_2337,2023,0
2023100106_2639,2023,0
2023100106_2695,2023,0
2023100106_2827,2023,0
2023100106_2926,2023,0
2023100106_3110,2023,0
2023100106_3189,2023,0
2023100106_3248,2023,0
2023100106_3398,2023,0
2023100106_3607,2023,0
2023100106_3654,2023,0
2023100106_369,2023,0
2023100106_3723,2023,0
2023100106_3746,2023,0
2023100106_3897,2023,0
2023100106_4138,2023,0
2023100106_4187,2023,0
2023100106_4212,2023,0
2023100106_4237,2023,0
2023100106_4391,2023,0
2023100106_4438,2023,0
2023100106_4470,2023,0
2023100106_4565,2023,0
2023100106_55,2023,0
2023100106_835,2023,0
2023100106_952,2023,0
2023100107_1045,2023,0
2023100107_1075,2023,0
2023100107_1120,2023,0
2023100107_1195,2023,0
2023100107_1220,2023,0
2023100107_1289,2023,0
2023100107_1374,2023,0
2023100107_1451,2023,0
2023100107_1564,2023,0
2023100107_1936,2023,0
2023100107_2097,2023,0
2023100107_2127,2023,0
2023100107_2587,2023,0
2023100107_2612,2023,0
2023100107_2915,2023,0
2023100107_3008,2023,0
2023100107_3088,2023,0
2023100107_336,2023,0
2023100107_3413,2023,0
2023100107_3497,2023,0
2023100107_3522,2023,0
2023100107_3550,2023,0
2023100107_3575,2023,0
2023100107_3605,2023,0
2023100107_3666,2023,0
2023100107_3725,2023,0
2023100107_3773,2023,0
2023100107_3843,2023,0
2023100107_4000,2023,0
2023100107_408,2023,0
2023100107_4158,2023,0
2023100107_4181,2023,0
2023100107_4373,2023,0
2023100107_455,2023,0
2023100107_584,2023,0
2023100107_609,2023,0
2023100107_63,2023,0
2023100107_653,2023,0
2023100107_874,2023,0
2023100107_996,2023,0
2023100108_102,2023,0
2023100108_1180,2023,0
2023100108_1451,2023,0
2023100108_179,2023,0
2023100108_1800,2023,0
2023100108_1902,2023,0
2023100108_1925,2023,0
2023100108_1972,2023,0
2023100108_1997,2023,0
2023100108_2213,2023,0
2023100108_2431,2023,0
2023100108_2456,2023,0
2023100108_2587,2023,0
2023100108_2685,2023,0
2023100108_2777,2023,0
2023100108_2805,2023,0
2023100108_293,2023,0
2023100108_3078,2023,0
2023100108_3297,2023,0
2023100108_3417,2023,0
2023100108_3442,2023,0
2023100108_3500,2023,0
2023100108_3704,2023,0
2023100108_3996,2023,0
2023100108_4218,2023,0
2023100108_4293,2023,0
2023100108_4407,2023,0
2023100108_4467,2023,0
2023100108_461,2023,0
2023100108_4666,2023,0
2023100108_4793,2023,0
2023100108_486,2023,0
2023100108_582,2023,0
2023100108_896,2023,0
2023100108_926,2023,0
2023100109_1274,2023,0
2023100109_146,2023,0
2023100109_1534,2023,0
2023100109_1559,2023,0
2023100109_1673,2023,0
2023100109_1724,2023,0
2023100109_1789,2023,0
2023100109_1900,2023,0
2023100109_1947,2023,0
2023100109_1979,2023,0
2023100109_2042,2023,0
2023100109_2211,2023,0
2023100109_2439,2023,0
2023100109_2526,2023,0
2023100109_2607,2023,0
2023100109_2908,2023,0
2023100109_2933,2023,0
2023100109_2958,2023,0
2023100109_3287,2023,0
2023100109_3363,2023,0
2023100109_3469,2023,0
2023100109_3518,2023,0
2023100109_3568,2023,0
2023100109_3742,2023,0
2023100109_461,2023,0
2023100109_507,2023,0
2023100109_620,2023,0
2023100109_730,2023,0
2023100109_787,2023,0
2023100110_107,2023,0
2023100110_1082,2023,0
2023100110_1184,2023,0
2023100110_1209,2023,0
2023100110_1252,2023,0
2023100110_1325,2023,0
2023100110_1623,2023,0
2023100110_1752,2023,0
2023100110_1922,2023,0
2023100110_1945,2023,0
2023100110_2087,2023,0
2023100110_2148,2023,0
2023100110_2173,2023,0
2023100110_2317,2023,0
2023100110_2435,2023,0
2023100110_2458,2023,0
2023100110_2550,2023,0
2023100110_2575,2023,0
2023100110_2642,2023,0
2023100110_2747,2023,0
2023100110_3067,2023,0
2023100110_3122,2023,0
2023100110_3150,2023,0
2023100110_3369,2023,0
2023100110_3582,2023,0
2023100110_3607,2023,0
2023100110_3642,2023,0
2023100110_3667,2023,0
2023100110_3690,2023,0
2023100110_3750,2023,0
2023100110_3911,2023,0
2023100110_3936,2023,0
2023100110_4017,2023,0
2023100110_4042,2023,0
2023100110_4088,2023,0
2023100110_4111,2023,0
2023100110_556,2023,0
2023100110_599,2023,0
2023100110_653,2023,0
2023100110_963,2023,0
2023100111_1007,2023,0
2023100111_1086,2023,0
2023100111_1294,2023,0
2023100111_1341,2023,0
2023100111_1422,2023,0
2023100111_1447,2023,0
2023100111_157,2023,0
2023100111_1737,2023,0
2023100111_1865,2023,0
2023100111_1955,2023,0
2023100111_2025,2023,0
2023100111_2395,2023,0
2023100111_2436,2023,0
2023100111_2483,2023,0
2023100111_2512,2023,0
2023100111_2535,2023,0
2023100111_2592,2023,0
2023100111_2680,2023,0
2023100111_2791,2023,0
2023100111_2903,2023,0
2023100111_2986,2023,0
2023100111_3089,2023,0
2023100111_318,2023,0
2023100111_3207,2023,0
2023100111_3331,2023,0
2023100111_3540,2023,0
2023100111_365,2023,0
2023100111_3658,2023,0
2023100111_3683,2023,0
2023100111_3706,2023,0
2023100111_3859,2023,0
2023100111_390,2023,0
2023100111_3906,2023,0
2023100111_55,2023,0
2023100111_629,2023,0
2023100111_723,2023,0
2023100111_80,2023,0
2023100111_948,2023,0
2023100112_102,2023,0
2023100112_1183,2023,0
2023100112_1253,2023,0
2023100112_1376,2023,0
2023100112_1498,2023,0
2023100112_1523,2023,0
2023100112_1548,2023,0
2023100112_1734,2023,0
2023100112_1838,2023,0
2023100112_1890,2023,0
2023100112_1915,2023,0
2023100112_1940,2023,0
2023100112_1977,2023,0
2023100112_2006,2023,0
2023100112_2160,2023,0
2023100112_2207,2023,0
2023100112_2237,2023,0
2023100112_2383,2023,0
2023100112_2539,2023,0
2023100112_2591,2023,0
2023100112_2709,2023,0
2023100112_2828,2023,0
2023100112_3012,2023,0
2023100112_3060,2023,0
2023100112_307,2023,0
2023100112_3119,2023,0
2023100112_332,2023,0
2023100112_3439,2023,0
2023100112_3522,2023,0
2023100112_3741,2023,0
2023100112_3766,2023,0
2023100112_3791,2023,0
2023100112_3816,2023,0
2023100112_3839,2023,0
2023100112_3864,2023,0
2023100112_3889,2023,0
2023100112_3914,2023,0
2023100112_3950,2023,0
2023100112_3980,2023,0
2023100112_4010,2023,0
2023100112_55,2023,0
2023100112_667,2023,0
2023100112_692,2023,0
2023100112_804,2023,0
2023100112_940,2023,0
2023100113_1078,2023,0
2023100113_110,2023,0
2023100113_1236,2023,0
2023100113_1261,2023,0
2023100113_135,2023,0
2023100113_1389,2023,0
2023100113_1476,2023,0
2023100113_1682,2023,0
2023100113_1751,2023,0
2023100113_2000,2023,0
2023100113_2025,2023,0
2023100113_2077,2023,0
2023100113_2102,2023,0
2023100113_2357,2023,0
2023100113_2451,2023,0
2023100113_2476,2023,0
2023100113_2580,2023,0
2023100113_2689,2023,0
2023100113_298,2023,0
2023100113_3023,2023,0
2023100113_3082,2023,0
2023100113_3112,2023,0
2023100113_3167,2023,0
2023100113_323,2023,0
2023100113_3298,2023,0
2023100113_3402,2023,0
2023100113_3497,2023,0
2023100113_3522,2023,0
2023100113_3547,2023,0
2023100113_377,2023,0
2023100113_3911,2023,0
2023100113_580,2023,0
2023100113_627,2023,0
2023100113_724,2023,0
2023100113_905,2023,0
2023100113_930,2023,0
2023100113_975,2023,0
2023100200_101,2023,0
2023100200_1113,2023,0
2023100200_1236,2023,0
2023100200_1439,2023,0
2023100200_148,2023,0
2023100200_1527,2023,0
2023100200_1584,2023,0
2023100200_1609,2023,0
2023100200_1668,2023,0
2023100200_1693,2023,0
2023100200_1818,2023,0
2023100200_1878,2023,0
2023100200_1901,2023,0
2023100200_2029,2023,0
2023100200_2054,2023,0
2023100200_2568,2023,0
2023100200_2649,2023,0
2023100200_2946,2023,0
2023100200_3020,2023,0
2023100200_3123,2023,0
2023100200_3211,2023,0
2023100200_3236,2023,0
2023100200_3331,2023,0
2023100200_3423,2023,0
2023100200_3499,2023,0
2023100200_3685,2023,0
2023100200_376,2023,0
2023100200_3950,2023,0
2023100200_4017,2023,0
2023100200_492,2023,0
2023100200_537,2023,0
2023100200_578,2023,0
2023100200_709,2023,0
2023100200_779,2023,0
2023100200_976,2023,0
2023100500_1064,2023,0
2023100500_1089,2023,0
2023100500_1119,2023,0
2023100500_1171,2023,0
2023100500_1201,2023,0
2023100500_1226,2023,0
2023100500_1421,2023,0
2023100500_1535,2023,0
2023100500_180,2023,0
2023100500_1963,2023,0
2023100500_1993,2023,0
2023100500_2131,2023,0
2023100500_2156,2023,0
2023100500_2186,2023,0
2023100500_2400,2023,0
2023100500_2501,2023,0
2023100500_2531,2023,0
2023100500_266,2023,0
2023100500_2730,2023,0
2023100500_2755,2023,0
2023100500_3163,2023,0
2023100500_3199,2023,0
2023100500_3224,2023,0
2023100500_3247,2023,0
2023100500_3302,2023,0
2023100500_3325,2023,0
2023100500_3350,2023,0
2023100500_3575,2023,0
2023100500_3605,2023,0
2023100500_3672,2023,0
2023100500_3697,2023,0
2023100500_3770,2023,0
2023100500_3793,2023,0
2023100500_3827,2023,0
2023100500_4002,2023,0
2023100500_4195,2023,0
2023100500_4220,2023,0
2023100500_4268,2023,0
2023100500_4293,2023,0
2023100500_4318,2023,0
2023100500_476,2023,0
2023100500_592,2023,0
2023100500_964,2023,0
2023100800_1006,2023,0
2023100800_1053,2023,0
2023100800_1120,2023,0
2023100800_1186,2023,0
2023100800_1238,2023,0
2023100800_1393,2023,0
2023100800_1418,2023,0
2023100800_1479,2023,0
2023100800_1516,2023,0
2023100800_1563,2023,0
2023100800_1676,2023,0
2023100800_1699,2023,0
2023100800_1744,2023,0
2023100800_1821,2023,0
2023100800_1933,2023,0
2023100800_2020,2023,0
2023100800_2077,2023,0
2023100800_2102,2023,0
2023100800_2132,2023,0
2023100800_2157,2023,0
2023100800_2199,2023,0
2023100800_220,2023,0
2023100800_2342,2023,0
2023100800_2389,2023,0
2023100800_2782,2023,0
2023100800_2812,2023,0
2023100800_2835,2023,0
2023100800_2934,2023,0
2023100800_2981,2023,0
2023100800_3004,2023,0
2023100800_3066,2023,0
2023100800_3098,2023,0
2023100800_3123,2023,0
2023100800_317,2023,0
2023100800_3359,2023,0
2023100800_3443,2023,0
2023100800_3466,2023,0
2023100800_3504,2023,0
2023100800_3604,2023,0
2023100800_3708,2023,0
2023100800_3917,2023,0
2023100800_3975,2023,0
2023100800_4000,2023,0
2023100800_4055,2023,0
2023100800_4113,2023,0
2023100800_4174,2023,0
2023100800_4478,2023,0
2023100800_4503,2023,0
2023100800_62,2023,0
2023100800_657,2023,0
2023100800_682,2023,0
2023100800_783,2023,0
2023100800_835,2023,0
2023100800_860,2023,0
2023100800_883,2023,0
2023100801_1005,2023,0
2023100801_1148,2023,0
2023100801_1245,2023,0
2023100801_1311,2023,0
2023100801_1365,2023,0
2023100801_1521,2023,0
2023100801_1680,2023,0
2023100801_1831,2023,0
2023100801_1876,2023,0
2023100801_1967,2023,0
2023100801_1999,2023,0
2023100801_2058,2023,0
2023100801_2081,2023,0
2023100801_2132,2023,0
2023100801_2171,2023,0
2023100801_224,2023,0
2023100801_2393,2023,0
2023100801_2418,2023,0
2023100801_2493,2023,0
2023100801_2675,2023,0
2023100801_2793,2023,0
2023100801_2917,2023,0
2023100801_2942,2023,0
2023100801_3107,2023,0
2023100801_3190,2023,0
2023100801_3358,2023,0
2023100801_341,2023,0
2023100801_3586,2023,0
2023100801_3667,2023,0
2023100801_3739,2023,0
2023100801_3774,2023,0
2023100801_3889,2023,0
2023100801_391,2023,0
2023100801_4088,2023,0
2023100801_4145,2023,0
2023100801_4175,2023,0
2023100801_4222,2023,0
2023100801_4252,2023,0
2023100801_4277,2023,0
2023100801_460,2023,0
2023100801_590,2023,0
2023100801_615,2023,0
2023100801_674,2023,0
2023100801_915,2023,0
2023100801_982,2023,0
2023100802_1052,2023,0
2023100802_1264,2023,0
2023100802_1311,2023,0
2023100802_1334,2023,0
2023100802_1370,2023,0
2023100802_1393,2023,0
2023100802_1418,2023,0
2023100802_1441,2023,0
2023100802_152,2023,0
2023100802_1793,2023,0
2023100802_1820,2023,0
2023100802_1884,2023,0
2023100802_1956,2023,0
2023100802_2308,2023,0
2023100802_2355,2023,0
2023100802_2557,2023,0
2023100802_2644,2023,0
2023100802_2743,2023,0
2023100802_3001,2023,0
2023100802_3033,2023,0
2023100802_3103,2023,0
2023100802_361,2023,0
2023100802_3769,2023,0
2023100802_3816,2023,0
2023100802_3841,2023,0
2023100802_393,2023,0
2023100802_4044,2023,0
2023100802_56,2023,0
2023100802_789,2023,0
2023100802_829,2023,0
2023100802_854,2023,0
2023100802_901,2023,0
2023100803_109,2023,0
2023100803_1135,2023,0
2023100803_1395,2023,0
2023100803_1476,2023,0
2023100803_1528,2023,0
2023100803_157,2023,0
2023100803_1655,2023,0
2023100803_1702,2023,0
2023100803_1750,2023,0
2023100803_180,2023,0
2023100803_2011,2023,0
2023100803_2036,2023,0
2023100803_2421,2023,0
2023100803_2504,2023,0
2023100803_2644,2023,0
2023100803_2735,2023,0
2023100803_2898,2023,0
2023100803_3029,2023,0
2023100803_3098,2023,0
2023100803_3192,2023,0
2023100803_3700,2023,0
2023100803_3723,2023,0
2023100803_3776,2023,0
2023100803_3855,2023,0
2023100803_489,2023,0
2023100803_558,2023,0
2023100803_606,2023,0
2023100803_631,2023,0
2023100803_730,2023,0
2023100803_925,2023,0
2023100803_974,2023,0
2023100804_1209,2023,0
2023100804_1232,2023,0
2023100804_1513,2023,0
2023100804_1755,2023,0
2023100804_1828,2023,0
2023100804_1857,2023,0
2023100804_1914,2023,0
2023100804_1939,2023,0
2023100804_2142,2023,0
2023100804_2296,2023,0
2023100804_2430,2023,0
2023100804_2560,2023,0
2023100804_2585,2023,0
2023100804_2689,2023,0
2023100804_272,2023,0
2023100804_2986,2023,0
2023100804_3128,2023,0
2023100804_3205,2023,0
2023100804_3309,2023,0
2023100804_3337,2023,0
2023100804_3467,2023,0
2023100804_3492,2023,0
2023100804_3578,2023,0
2023100804_3603,2023,0
2023100804_3677,2023,0
2023100804_3702,2023,0
2023100804_3727,2023,0
2023100804_3825,2023,0
2023100804_3850,2023,0
2023100804_4007,2023,0
2023100804_513,2023,0
2023100804_695,2023,0
2023100804_946,2023,0
2023100805_1052,2023,0
2023100805_1099,2023,0
2023100805_1311,2023,0
2023100805_1353,2023,0
2023100805_1476,2023,0
2023100805_180,2023,0
2023100805_1948,2023,0
2023100805_2053,2023,0
2023100805_2095,2023,0
2023100805_2226,2023,0
2023100805_2452,2023,0
2023100805_247,2023,0
2023100805_2586,2023,0
2023100805_2735,2023,0
2023100805_2836,2023,0
2023100805_2864,2023,0
2023100805_3222,2023,0
2023100805_3271,2023,0
2023100805_3338,2023,0
2023100805_3646,2023,0
2023100805_3691,2023,0
2023100805_3749,2023,0
2023100805_3774,2023,0
2023100805_3974,2023,0
2023100805_4019,2023,0
2023100805_4313,2023,0
2023100805_471,2023,0
2023100805_525,2023,0
2023100805_600,2023,0
2023100805_748,2023,0
2023100805_84,2023,0
2023100805_997,2023,0
2023100806_1059,2023,0
2023100806_1143,2023,0
2023100806_1166,2023,0
2023100806_1203,2023,0
2023100806_1300,2023,0
2023100806_1348,2023,0
2023100806_156,2023,0
2023100806_1582,2023,0
2023100806_1629,2023,0
2023100806_1768,2023,0
2023100806_1892,2023,0
2023100806_2112,2023,0
2023100806_2324,2023,0
2023100806_2431,2023,0
2023100806_273,2023,0
2023100806_2831,2023,0
2023100806_2887,2023,0
2023100806_3198,2023,0
2023100806_3254,2023,0
2023100806_3445,2023,0
2023100806_3468,2023,0
2023100806_3672,2023,0
2023100806_3707,2023,0
2023100806_3732,2023,0
2023100806_3755,2023,0
2023100806_3780,2023,0
2023100806_3899,2023,0
2023100806_4088,2023,0
2023100806_4149,2023,0
2023100806_4174,2023,0
2023100806_425,2023,0
2023100806_713,2023,0
2023100806_745,2023,0
2023100807_1296,2023,0
2023100807_1382,2023,0
2023100807_1459,2023,0
2023100807_1561,2023,0
2023100807_162,2023,0
2023100807_1640,2023,0
2023100807_1665,2023,0
2023100807_1690,2023,0
2023100807_1715,2023,0
2023100807_187,2023,0
2023100807_1933,2023,0
2023100807_2125,2023,0
2023100807_2165,2023,0
2023100807_2309,2023,0
2023100807_234,2023,0
2023100807_2356,2023,0
2023100807_2442,2023,0
2023100807_2723,2023,0
2023100807_2748,2023,0
2023100807_2847,2023,0
2023100807_286,2023,0
2023100807_2882,2023,0
2023100807_2905,2023,0
2023100807_3008,2023,0
2023100807_3272,2023,0
2023100807_3344,2023,0
2023100807_3437,2023,0
2023100807_3845,2023,0
2023100807_3875,2023,0
2023100807_3959,2023,0
2023100807_4033,2023,0
2023100807_4056,2023,0
2023100807_4081,2023,0
2023100807_4129,2023,0
2023100807_4152,2023,0
2023100807_4175,2023,0
2023100807_491,2023,0
2023100807_594,2023,0
2023100807_709,2023,0
2023100807_810,2023,0
2023100807_956,2023,0
2023100807_97,2023,0
2023100808_1148,2023,0
2023100808_1229,2023,0
2023100808_1304,2023,0
2023100808_1354,2023,0
2023100808_1401,2023,0
2023100808_157,2023,0
2023100808_182,2023,0
2023100808_2079,2023,0
2023100808_2138,2023,0
2023100808_2303,2023,0
2023100808_2333,2023,0
2023100808_2370,2023,0
2023100808_2417,2023,0
2023100808_2542,2023,0
2023100808_2805,2023,0
2023100808_2919,2023,0
2023100808_3015,2023,0
2023100808_3107,2023,0
2023100808_3173,2023,0
2023100808_3242,2023,0
2023100808_3265,2023,0
2023100808_3368,2023,0
2023100808_3652,2023,0
2023100808_3687,2023,0
2023100808_4133,2023,0
2023100808_415,2023,0
2023100808_465,2023,0
2023100808_546,2023,0
2023100808_715,2023,0
2023100808_80,2023,0
2023100808_801,2023,0
2023100808_893,2023,0
2023100808_938,2023,0
2023100808_984,2023,0
2023100809_1554,2023,0
2023100809_1629,2023,0
2023100809_168,2023,0
2023100809_1681,2023,0
2023100809_1817,2023,0
2023100809_1842,2023,0
2023100809_1895,2023,0
2023100809_1920,2023,0
2023100809_1999,2023,0
2023100809_2036,2023,0
2023100809_2119,2023,0
2023100809_2344,2023,0
2023100809_262,2023,0
2023100809_2840,2023,0
2023100809_3216,2023,0
2023100809_328,2023,0
2023100809_3324,2023,0
2023100809_3580,2023,0
2023100809_3764,2023,0
2023100809_3874,2023,0
2023100809_3904,2023,0
2023100809_3929,2023,0
2023100809_3981,2023,0
2023100809_660,2023,0
2023100809_709,2023,0
2023100809_884,2023,0
2023100809_97,2023,0
2023100809_994,2023,0
2023100810_1076,2023,0
2023100810_1192,2023,0
2023100810_1343,2023,0
2023100810_1434,2023,0
2023100810_1479,2023,0
2023100810_1584,2023,0
2023100810_165,2023,0
2023100810_1753,2023,0
2023100810_190,2023,0
2023100810_1915,2023,0
2023100810_1962,2023,0
2023100810_2049,2023,0
2023100810_215,2023,0
2023100810_2351,2023,0
2023100810_2376,2023,0
2023100810_238,2023,0
2023100810_2453,2023,0
2023100810_2563,2023,0
2023100810_2707,2023,0
2023100810_2822,2023,0
2023100810_2940,2023,0
2023100810_2995,2023,0
2023100810_3121,2023,0
2023100810_3171,2023,0
2023100810_3330,2023,0
2023100810_3524,2023,0
2023100810_3707,2023,0
2023100810_3783,2023,0
2023100810_3830,2023,0
2023100810_3855,2023,0
2023100810_4133,2023,0
2023100810_4181,2023,0
2023100810_4252,2023,0
2023100810_467,2023,0
2023100810_539,2023,0
2023100810_55,2023,0
2023100810_678,2023,0
2023100810_791,2023,0
2023100810_846,2023,0
2023100810_985,2023,0
2023100811_1168,2023,0
2023100811_1191,2023,0
2023100811_1267,2023,0
2023100811_135,2023,0
2023100811_1439,2023,0
2023100811_1469,2023,0
2023100811_1561,2023,0
2023100811_1685,2023,0
2023100811_1880,2023,0
2023100811_1993,2023,0
2023100811_2018,2023,0
2023100811_2041,2023,0
2023100811_211,2023,0
2023100811_2352,2023,0
2023100811_2399,2023,0
2023100811_2513,2023,0
2023100811_2626,2023,0
2023100811_263,2023,0
2023100811_2816,2023,0
2023100811_2894,2023,0
2023100811_2917,2023,0
2023100811_2942,2023,0
2023100811_3190,2023,0
2023100811_3213,2023,0
2023100811_3351,2023,0
2023100811_3576,2023,0
2023100811_360,2023,0
2023100811_3628,2023,0
2023100811_570,2023,0
2023100811_839,2023,0
2023100811_88,2023,0
2023100811_898,2023,0
2023100900_1207,2023,0
2023100900_1366,2023,0
2023100900_1425,2023,0
2023100900_1600,2023,0
2023100900_1630,2023,0
2023100900_1740,2023,0
2023100900_1765,2023,0
2023100900_181,2023,0
2023100900_1968,2023,0
2023100900_1993,2023,0
2023100900_2040,2023,0
2023100900_228,2023,0
2023100900_2305,2023,0
2023100900_2328,2023,0
2023100900_2399,2023,0
2023100900_2656,2023,0
2023100900_2681,2023,0
2023100900_2753,2023,0
2023100900_2892,2023,0
2023100900_2915,2023,0
2023100900_2962,2023,0
2023100900_3031,2023,0
2023100900_3076,2023,0
2023100900_3103,2023,0
2023100900_3330,2023,0
2023100900_3400,2023,0
2023100900_349,2023,0
2023100900_3498,2023,0
2023100900_3605,2023,0
2023100900_3630,2023,0
2023100900_3730,2023,0
2023100900_3753,2023,0
2023100900_3776,2023,0
2023100900_403,2023,0
2023100900_551,2023,0
2023100900_710,2023,0
2023100900_886,2023,0
2023100900_933,2023,0
2023101200_100,2023,0
2023101200_1071,2023,0
2023101200_1096,2023,0
2023101200_1165,2023,0
2023101200_1190,2023,0
2023101200_1365,2023,0
2023101200_1397,2023,0
2023101200_1444,2023,0
2023101200_1514,2023,0
2023101200_1771,2023,0
2023101200_1794,2023,0
2023101200_1918,2023,0
2023101200_2020,2023,0
2023101200_2169,2023,0
2023101200_2251,2023,0
2023101200_2276,2023,0
2023101200_2306,2023,0
2023101200_2602,2023,0
2023101200_2654,2023,0
2023101200_2760,2023,0
2023101200_2994,2023,0
2023101200_332,2023,0
2023101200_3324,2023,0
2023101200_3425,2023,0
2023101200_3484,2023,0
2023101200_3584,2023,0
2023101200_362,2023,0
2023101200_3636,2023,0
2023101200_3683,2023,0
2023101200_3860,2023,0
2023101200_414,2023,0
2023101200_437,2023,0
2023101200_562,2023,0
2023101200_589,2023,0
2023101200_659,2023,0
2023101200_990,2023,0
2023101500_1320,2023,0
2023101500_140,2023,0
2023101500_1477,2023,0
2023101500_1536,2023,0
2023101500_1561,2023,0
2023101500_1655,2023,0
2023101500_170,2023,0
2023101500_1702,2023,0
2023101500_1924,2023,0
2023101500_2098,2023,0
2023101500_2770,2023,0
2023101500_2935,2023,0
2023101500_2984,2023,0
2023101500_3014,2023,0
2023101500_3072,2023,0
2023101500_3120,2023,0
2023101500_3340,2023,0
2023101500_3557,2023,0
2023101500_3604,2023,0
2023101500_3873,2023,0
2023101500_3942,2023,0
2023101500_4145,2023,0
2023101500_425,2023,0
2023101500_651,2023,0
2023101500_676,2023,0
2023101500_701,2023,0
2023101500_931,2023,0
2023101501_102,2023,0
2023101501_1161,2023,0
2023101501_1208,2023,0
2023101501_1233,2023,0
2023101501_127,2023,0
2023101501_1301,2023,0
2023101501_1331,2023,0
2023101501_1507,2023,0
2023101501_152,2023,0
2023101501_1532,2023,0
2023101501_1620,2023,0
2023101501_1741,2023,0
2023101501_177,2023,0
2023101501_1844,2023,0
2023101501_2039,2023,0
2023101501_2069,2023,0
2023101501_2252,2023,0
2023101501_2321,2023,0
2023101501_2461,2023,0
2023101501_2792,2023,0
2023101501_2822,2023,0
2023101501_2847,2023,0
2023101501_305,2023,0
2023101501_3286,2023,0
2023101501_3373,2023,0
2023101501_3442,2023,0
2023101501_3923,2023,0
2023101501_397,2023,0
2023101501_3973,2023,0
2023101501_4005,2023,0
2023101501_4060,2023,0
2023101501_432,2023,0
2023101501_479,2023,0
2023101501_504,2023,0
2023101501_55,2023,0
2023101501_644,2023,0
2023101501_753,2023,0
2023101501_836,2023,0
2023101501_908,2023,0
2023101501_973,2023,0
2023101502_1059,2023,0
2023101502_1228,2023,0
2023101502_1408,2023,0
2023101502_1446,2023,0
2023101502_1489,2023,0
2023101502_1536,2023,0
2023101502_1672,2023,0
2023101502_1843,2023,0
2023101502_1909,2023,0
2023101502_2039,2023,0
2023101502_2064,2023,0
2023101502_2224,2023,0
2023101502_2485,2023,0
2023101502_2532,2023,0
2023101502_260,2023,0
2023101502_2602,2023,0
2023101502_2913,2023,0
2023101502_2990,2023,0
2023101502_3191,2023,0
2023101502_3407,2023,0
2023101502_3437,2023,0
2023101502_3509,2023,0
2023101502_3534,2023,0
2023101502_3671,2023,0
2023101502_3706,2023,0
2023101502_3816,2023,0
2023101502_3915,2023,0
2023101502_3940,2023,0
2023101502_398,2023,0
2023101502_573,2023,0
2023101502_670,2023,0
2023101502_965,2023,0
2023101503_1219,2023,0
2023101503_1244,2023,0
2023101503_126,2023,0
2023101503_1269,2023,0
2023101503_1483,2023,0
2023101503_1578,2023,0
2023101503_1637,2023,0
2023101503_1696,2023,0
2023101503_1721,2023,0
2023101503_178,2023,0
2023101503_1885,2023,0
2023101503_2066,2023,0
2023101503_208,2023,0
2023101503_2130,2023,0
2023101503_2266,2023,0
2023101503_233,2023,0
2023101503_2347,2023,0
2023101503_2374,2023,0
2023101503_2411,2023,0
2023101503_2434,2023,0
2023101503_2547,2023,0
2023101503_2624,2023,0
2023101503_2829,2023,0
2023101503_2969,2023,0
2023101503_3021,2023,0
2023101503_3048,2023,0
2023101503_3094,2023,0
2023101503_3194,2023,0
2023101503_3230,2023,0
2023101503_3356,2023,0
2023101503_3381,2023,0
2023101503_3426,2023,0
2023101503_3493,2023,0
2023101503_3822,2023,0
2023101503_3871,2023,0
2023101503_3896,2023,0
2023101503_504,2023,0
2023101503_529,2023,0
2023101503_55,2023,0
2023101503_581,2023,0
2023101503_611,2023,0
2023101503_666,2023,0
2023101503_691,2023,0
2023101503_935,2023,0
2023101503_997,2023,0
2023101504_1123,2023,0
2023101504_1173,2023,0
2023101504_1256,2023,0
2023101504_1391,2023,0
2023101504_1585,2023,0
2023101504_1789,2023,0
2023101504_1919,2023,0
2023101504_1998,2023,0
2023101504_2081,2023,0
2023101504_2405,2023,0
2023101504_2507,2023,0
2023101504_2658,2023,0
2023101504_2802,2023,0
2023101504_2895,2023,0
2023101504_3080,2023,0
2023101504_310,2023,0
2023101504_3372,2023,0
2023101504_3619,2023,0
2023101504_3712,2023,0
2023101504_3794,2023,0
2023101504_386,2023,0
2023101504_3861,2023,0
2023101504_3911,2023,0
2023101504_3958,2023,0
2023101504_3988,2023,0
2023101504_4129,2023,0
2023101504_4208,2023,0
2023101504_4231,2023,0
2023101504_678,2023,0
2023101505_1053,2023,0
2023101505_1192,2023,0
2023101505_1290,2023,0
2023101505_1389,2023,0
2023101505_1597,2023,0
2023101505_1688,2023,0
2023101505_170,2023,0
2023101505_1738,2023,0
2023101505_1770,2023,0
2023101505_1840,2023,0
2023101505_1931,2023,0
2023101505_2110,2023,0
2023101505_2213,2023,0
2023101505_2338,2023,0
2023101505_240,2023,0
2023101505_2414,2023,0
2023101505_2487,2023,0
2023101505_2701,2023,0
2023101505_2726,2023,0
2023101505_281,2023,0
2023101505_2859,2023,0
2023101505_2994,2023,0
2023101505_3019,2023,0
2023101505_3062,2023,0
2023101505_3198,2023,0
2023101505_3290,2023,0
2023101505_335,2023,0
2023101505_3419,2023,0
2023101505_3518,2023,0
2023101505_360,2023,0
2023101505_3667,2023,0
2023101505_3865,2023,0
2023101505_3890,2023,0
2023101505_3915,2023,0
2023101505_4007,2023,0
2023101505_4072,2023,0
2023101505_4120,2023,0
2023101505_429,2023,0
2023101505_452,2023,0
2023101505_527,2023,0
2023101505_614,2023,0
2023101505_787,2023,0
2023101505_810,2023,0
2023101505_892,2023,0
2023101505_937,2023,0
2023101506_1153,2023,0
2023101506_1183,2023,0
2023101506_1267,2023,0
2023101506_1365,2023,0
2023101506_1390,2023,0
2023101506_143,2023,0
2023101506_1502,2023,0
2023101506_1648,2023,0
2023101506_1671,2023,0
2023101506_1723,2023,0
2023101506_1843,2023,0
2023101506_1875,2023,0
2023101506_1912,2023,0
2023101506_2043,2023,0
2023101506_2068,2023,0
2023101506_2093,2023,0
2023101506_212,2023,0
2023101506_2408,2023,0
2023101506_2463,2023,0
2023101506_2558,2023,0
2023101506_2784,2023,0
2023101506_284,2023,0
2023101506_2954,2023,0
2023101506_2979,2023,0
2023101506_309,2023,0
2023101506_3110,2023,0
2023101506_3133,2023,0
2023101506_3156,2023,0
2023101506_3181,2023,0
2023101506_3275,2023,0
2023101506_3431,2023,0
2023101506_3454,2023,0
2023101506_3484,2023,0
2023101506_3547,2023,0
2023101506_3570,2023,0
2023101506_3605,2023,0
2023101506_3628,2023,0
2023101506_3803,2023,0
2023101506_3828,2023,0
2023101506_386,2023,0
2023101506_3966,2023,0
2023101506_409,2023,0
2023101506_4117,2023,0
2023101506_4285,2023,0
2023101506_4310,2023,0
2023101506_4333,2023,0
2023101506_4358,2023,0
2023101506_4381,2023,0
2023101506_4404,2023,0
2023101506_4434,2023,0
2023101506_571,2023,0
2023101506_64,2023,0
2023101506_645,2023,0
2023101506_93,2023,0
2023101507_1078,2023,0
2023101507_1211,2023,0
2023101507_1236,2023,0
2023101507_1471,2023,0
2023101507_1688,2023,0
2023101507_1735,2023,0
2023101507_1758,2023,0
2023101507_1805,2023,0
2023101507_1830,2023,0
2023101507_189,2023,0
2023101507_1959,2023,0
2023101507_1984,2023,0
2023101507_2009,2023,0
2023101507_2176,2023,0
2023101507_2334,2023,0
2023101507_240,2023,0
2023101507_2505,2023,0
2023101507_2535,2023,0
2023101507_2560,2023,0
2023101507_2712,2023,0
2023101507_2878,2023,0
2023101507_2930,2023,0
2023101507_2992,2023,0
2023101507_3015,2023,0
2023101507_3107,2023,0
2023101507_321,2023,0
2023101507_3302,2023,0
2023101507_3516,2023,0
2023101507_3581,2023,0
2023101507_3637,2023,0
2023101507_3662,2023,0
2023101507_3685,2023,0
2023101507_3731,2023,0
2023101507_3809,2023,0
2023101507_4064,2023,0
2023101507_4111,2023,0
2023101507_472,2023,0
2023101507_593,2023,0
2023101507_635,2023,0
2023101507_901,2023,0
2023101507_946,2023,0
2023101507_994,2023,0
2023101508_1014,2023,0
2023101508_1056,2023,0
2023101508_1199,2023,0
2023101508_124,2023,0
2023101508_147,2023,0
2023101508_1505,2023,0
2023101508_1652,2023,0
2023101508_1725,2023,0
2023101508_1750,2023,0
2023101508_1843,2023,0
2023101508_1873,2023,0
2023101508_1896,2023,0
2023101508_1921,2023,0
2023101508_2036,2023,0
2023101508_2086,2023,0
2023101508_2178,2023,0
2023101508_2222,2023,0
2023101508_2254,2023,0
2023101508_2360,2023,0
2023101508_2466,2023,0
2023101508_2491,2023,0
2023101508_2540,2023,0
2023101508_2598,2023,0
2023101508_2648,2023,0
2023101508_2671,2023,0
2023101508_2989,2023,0
2023101508_3014,2023,0
2023101508_3039,2023,0
2023101508_3180,2023,0
2023101508_3205,2023,0
2023101508_3335,2023,0
2023101508_3365,2023,0
2023101508_3412,2023,0
2023101508_3437,2023,0
2023101508_3600,2023,0
2023101508_3625,2023,0
2023101508_3650,2023,0
2023101508_3673,2023,0
2023101508_3754,2023,0
2023101508_3809,2023,0
2023101508_3834,2023,0
2023101508_3857,2023,0
2023101508_3880,2023,0
2023101508_3903,2023,0
2023101508_397,2023,0
2023101508_571,2023,0
2023101508_596,2023,0
2023101508_731,2023,0
2023101508_756,2023,0
2023101508_77,2023,0
2023101508_781,2023,0
2023101508_925,2023,0
2023101509_1005,2023,0
2023101509_104,2023,0
2023101509_1074,2023,0
2023101509_1300,2023,0
2023101509_1325,2023,0
2023101509_1474,2023,0
2023101509_1670,2023,0
2023101509_1909,2023,0
2023101509_2005,2023,0
2023101509_2028,2023,0
2023101509_2201,2023,0
2023101509_2248,2023,0
2023101509_2328,2023,0
2023101509_2463,2023,0
2023101509_2672,2023,0
2023101509_2783,2023,0
2023101509_2808,2023,0
2023101509_2860,2023,0
2023101509_3118,2023,0
2023101509_3197,2023,0
2023101509_3222,2023,0
2023101509_3374,2023,0
2023101509_3399,2023,0
2023101509_3424,2023,0
2023101509_3557,2023,0
2023101509_3589,2023,0
2023101509_3674,2023,0
2023101509_3862,2023,0
2023101509_3920,2023,0
2023101509_604,2023,0
2023101509_729,2023,0
2023101509_77,2023,0
2023101509_951,2023,0
2023101510_1103,2023,0
2023101510_1126,2023,0
2023101510_1149,2023,0
2023101510_1218,2023,0
2023101510_1379,2023,0
2023101510_1533,2023,0
2023101510_174,2023,0
2023101510_1741,2023,0
2023101510_1984,2023,0
2023101510_2032,2023,0
2023101510_2381,2023,0
2023101510_2530,2023,0
2023101510_2590,2023,0
2023101510_2644,2023,0
2023101510_2764,2023,0
2023101510_280,2023,0
2023101510_2855,2023,0
2023101510_2940,2023,0
2023101510_2985,2023,0
2023101510_3056,2023,0
2023101510_3126,2023,0
2023101510_3213,2023,0
2023101510_333,2023,0
2023101510_3445,2023,0
2023101510_3721,2023,0
2023101510_3744,2023,0
2023101510_3803,2023,0
2023101510_4016,2023,0
2023101510_4041,2023,0
2023101510_4064,2023,0
2023101510_4087,2023,0
2023101510_4112,2023,0
2023101510_4135,2023,0
2023101510_4160,2023,0
2023101510_499,2023,0
2023101510_593,2023,0
2023101510_77,2023,0
2023101510_804,2023,0
2023101510_916,2023,0
2023101510_966,2023,0
2023101511_1288,2023,0
2023101511_1313,2023,0
2023101511_134,2023,0
2023101511_1343,2023,0
2023101511_1391,2023,0
2023101511_1614,2023,0
2023101511_1637,2023,0
2023101511_1689,2023,0
2023101511_1741,2023,0
2023101511_181,2023,0
2023101511_1810,2023,0
2023101511_1833,2023,0
2023101511_1890,2023,0
2023101511_1920,2023,0
2023101511_2108,2023,0
2023101511_2238,2023,0
2023101511_230,2023,0
2023101511_2356,2023,0
2023101511_2514,2023,0
2023101511_2591,2023,0
2023101511_2635,2023,0
2023101511_2716,2023,0
2023101511_2780,2023,0
2023101511_283,2023,0
2023101511_2887,2023,0
2023101511_2910,2023,0
2023101511_3009,2023,0
2023101511_3273,2023,0
2023101511_3339,2023,0
2023101511_336,2023,0
2023101511_3510,2023,0
2023101511_3559,2023,0
2023101511_366,2023,0
2023101511_3785,2023,0
2023101511_3915,2023,0
2023101511_3940,2023,0
2023101511_4033,2023,0
2023101511_4085,2023,0
2023101511_4227,2023,0
2023101511_4317,2023,0
2023101511_4340,2023,0
2023101511_4363,2023,0
2023101511_4388,2023,0
2023101511_55,2023,0
2023101511_558,2023,0
2023101511_708,2023,0
2023101512_1155,2023,0
2023101512_1405,2023,0
2023101512_1518,2023,0
2023101512_1585,2023,0
2023101512_1622,2023,0
2023101512_1696,2023,0
2023101512_178,2023,0
2023101512_1787,2023,0
2023101512_2074,2023,0
2023101512_2108,2023,0
2023101512_2161,2023,0
2023101512_2296,2023,0
2023101512_2553,2023,0
2023101512_2765,2023,0
2023101512_2913,2023,0
2023101512_310,2023,0
2023101512_3464,2023,0
2023101512_3572,2023,0
2023101512_359,2023,0
2023101512_3666,2023,0
2023101512_3691,2023,0
2023101512_3806,2023,0
2023101512_3865,2023,0
2023101512_3890,2023,0
2023101512_3937,2023,0
2023101512_4112,2023,0
2023101512_4167,2023,0
2023101512_4197,2023,0
2023101512_4227,2023,0
2023101512_423,2023,0
2023101512_4252,2023,0
2023101512_4307,2023,0
2023101512_4337,2023,0
2023101512_596,2023,0
2023101512_845,2023,0
2023101512_948,2023,0
2023101512_973,2023,0
2023101600_1165,2023,0
2023101600_1260,2023,0
2023101600_1296,2023,0
2023101600_1515,2023,0
2023101600_1552,2023,0
2023101600_1633,2023,0
2023101600_1678,2023,0
2023101600_1850,2023,0
2023101600_1887,2023,0
2023101600_1917,2023,0
2023101600_1974,2023,0
2023101600_2053,2023,0
2023101600_2076,2023,0
2023101600_2111,2023,0
2023101600_2179,2023,0
2023101600_2220,2023,0
2023101600_2507,2023,0
2023101600_2532,2023,0
2023101600_2579,2023,0
2023101600_2627,2023,0
2023101600_2835,2023,0
2023101600_2940,2023,0
2023101600_3168,2023,0
2023101600_3298,2023,0
2023101600_3421,2023,0
2023101600_3541,2023,0
2023101600_389,2023,0
2023101600_3898,2023,0
2023101600_4008,2023,0
2023101600_4105,2023,0
2023101600_414,2023,0
2023101600_4182,2023,0
2023101600_4288,2023,0
2023101600_848,2023,0
2023101600_927,2023,0
2023101600_952,2023,0
2023101900_1027,2023,0
2023101900_1173,2023,0
2023101900_1203,2023,0
2023101900_1386,2023,0
2023101900_1429,2023,0
2023101900_1526,2023,0
2023101900_1553,2023,0
2023101900_1650,2023,0
2023101900_1704,2023,0
2023101900_1751,2023,0
2023101900_1835,2023,0
2023101900_1928,2023,0
2023101900_1958,2023,0
2023101900_2017,2023,0
2023101900_2070,2023,0
2023101900_2142,2023,0
2023101900_2174,2023,0
2023101900_227,2023,0
2023101900_2393,2023,0
2023101900_2455,2023,0
2023101900_2480,2023,0
2023101900_2527,2023,0
2023101900_2631,2023,0
2023101900_2654,2023,0
2023101900_2785,2023,0
2023101900_2880,2023,0
2023101900_2903,2023,0
2023101900_3023,2023,0
2023101900_3083,2023,0
2023101900_3160,2023,0
2023101900_340,2023,0
2023101900_3640,2023,0
2023101900_3665,2023,0
2023101900_385,2023,0
2023101900_3875,2023,0
2023101900_3907,2023,0
2023101900_4066,2023,0
2023101900_4155,2023,0
2023101900_4274,2023,0
2023101900_4336,2023,0
2023101900_4361,2023,0
2023101900_4411,2023,0
2023101900_4493,2023,0
2023101900_491,2023,0
2023101900_543,2023,0
2023101900_680,2023,0
2023101900_705,2023,0
2023101900_842,2023,0
2023102200_1092,2023,0
2023102200_110,2023,0
2023102200_1198,2023,0
2023102200_1316,2023,0
2023102200_1478,2023,0
2023102200_1523,2023,0
2023102200_1546,2023,0
2023102200_1639,2023,0
2023102200_1785,2023,0
2023102200_1810,2023,0
2023102200_1874,2023,0
2023102200_1904,2023,0
2023102200_2027,2023,0
2023102200_2241,2023,0
2023102200_2420,2023,0
2023102200_2466,2023,0
2023102200_2639,2023,0
2023102200_2671,2023,0
2023102200_2786,2023,0
2023102200_291,2023,0
2023102200_2970,2023,0
2023102200_3022,2023,0
2023102200_3047,2023,0
2023102200_3116,2023,0
2023102200_3152,2023,0
2023102200_3273,2023,0
2023102200_3405,2023,0
2023102200_3498,2023,0
2023102200_3523,2023,0
2023102200_3553,2023,0
2023102200_3583,2023,0
2023102200_3608,2023,0
2023102200_3633,2023,0
2023102200_3658,2023,0
2023102200_3683,2023,0
2023102200_3708,2023,0
2023102200_389,2023,0
2023102200_3950,2023,0
2023102200_3980,2023,0
2023102200_4028,2023,0
2023102200_4053,2023,0
2023102200_55,2023,0
2023102200_661,2023,0
2023102200_754,2023,0
2023102200_80,2023,0
2023102200_857,2023,0
2023102200_922,2023,0
2023102200_967,2023,0
2023102201_1040,2023,0
2023102201_107,2023,0
2023102201_1187,2023,0
2023102201_1303,2023,0
2023102201_1396,2023,0
2023102201_1552,2023,0
2023102201_1582,2023,0
2023102201_1634,2023,0
2023102201_1682,2023,0
2023102201_173,2023,0
2023102201_1764,2023,0
2023102201_1873,2023,0
2023102201_1946,2023,0
2023102201_1976,2023,0
2023102201_2001,2023,0
2023102201_2089,2023,0
2023102201_225,2023,0
2023102201_2668,2023,0
2023102201_2693,2023,0
2023102201_2788,2023,0
2023102201_2857,2023,0
2023102201_2880,2023,0
2023102201_2905,2023,0
2023102201_2960,2023,0
2023102201_3005,2023,0
2023102201_3726,2023,0
2023102201_3799,2023,0
2023102201_3826,2023,0
2023102201_3849,2023,0
2023102201_3874,2023,0
2023102201_3904,2023,0
2023102201_4037,2023,0
2023102201_4062,2023,0
2023102201_4092,2023,0
2023102201_4117,2023,0
2023102201_4142,2023,0
2023102201_4167,2023,0
2023102201_424,2023,0
2023102201_834,2023,0
2023102201_894,2023,0
2023102202_1375,2023,0
2023102202_1400,2023,0
2023102202_1603,2023,0
2023102202_1692,2023,0
2023102202_1896,2023,0
2023102202_1922,2023,0
2023102202_205,2023,0
2023102202_2068,2023,0
2023102202_2380,2023,0
2023102202_2405,2023,0
2023102202_2435,2023,0
2023102202_2460,2023,0
2023102202_2728,2023,0
2023102202_2867,2023,0
2023102202_287,2023,0
2023102202_2931,2023,0
2023102202_3330,2023,0
2023102202_3353,2023,0
2023102202_3769,2023,0
2023102202_3824,2023,0
2023102202_3858,2023,0
2023102202_4094,2023,0
2023102202_4265,2023,0
2023102202_443,2023,0
2023102202_4513,2023,0
2023102202_4536,2023,0
2023102202_4617,2023,0
2023102202_4664,2023,0
2023102202_4938,2023,0
2023102202_62,2023,0
2023102202_634,2023,0
2023102202_938,2023,0
2023102203_1031,2023,0
2023102203_1106,2023,0
2023102203_1208,2023,0
2023102203_1266,2023,0
2023102203_1347,2023,0
2023102203_1415,2023,0
2023102203_1462,2023,0
2023102203_150,2023,0
2023102203_1588,2023,0
2023102203_1706,2023,0
2023102203_1743,2023,0
2023102203_1819,2023,0
2023102203_1983,2023,0
2023102203_2008,2023,0
2023102203_2066,2023,0
2023102203_2347,2023,0
2023102203_2438,2023,0
2023102203_2580,2023,0
2023102203_2628,2023,0
2023102203_2729,2023,0
2023102203_2866,2023,0
2023102203_291,2023,0
2023102203_3099,2023,0
2023102203_318,2023,0
2023102203_3259,2023,0
2023102203_3284,2023,0
2023102203_3343,2023,0
2023102203_3493,2023,0
2023102203_3516,2023,0
2023102203_3557,2023,0
2023102203_3892,2023,0
2023102203_3917,2023,0
2023102203_3942,2023,0
2023102203_3974,2023,0
2023102203_913,2023,0
2023102204_1076,2023,0
2023102204_1236,2023,0
2023102204_1403,2023,0
2023102204_1433,2023,0
2023102204_1481,2023,0
2023102204_1511,2023,0
2023102204_1733,2023,0
2023102204_1799,2023,0
2023102204_1933,2023,0
2023102204_2055,2023,0
2023102204_215,2023,0
2023102204_2296,2023,0
2023102204_2832,2023,0
2023102204_2855,2023,0
2023102204_291,2023,0
2023102204_2992,2023,0
2023102204_3251,2023,0
2023102204_350,2023,0
2023102204_3797,2023,0
2023102204_4017,2023,0
2023102204_4177,2023,0
2023102204_4317,2023,0
2023102204_515,2023,0
2023102204_639,2023,0
2023102204_723,2023,0
2023102204_869,2023,0
2023102204_894,2023,0
2023102204_924,2023,0
2023102205_1057,2023,0
2023102205_1106,2023,0
2023102205_1180,2023,0
2023102205_1234,2023,0
2023102205_1326,2023,0
2023102205_1432,2023,0
2023102205_1457,2023,0
2023102205_1510,2023,0
2023102205_1567,2023,0
2023102205_1590,2023,0
2023102205_1637,2023,0
2023102205_1689,2023,0
2023102205_1749,2023,0
2023102205_1772,2023,0
2023102205_1845,2023,0
2023102205_1897,2023,0
2023102205_2321,2023,0
2023102205_2406,2023,0
2023102205_2458,2023,0
2023102205_256,2023,0
2023102205_2613,2023,0
2023102205_2682,2023,0
2023102205_279,2023,0
2023102205_2846,2023,0
2023102205_3035,2023,0
2023102205_3147,2023,0
2023102205_325,2023,0
2023102205_3293,2023,0
2023102205_3318,2023,0
2023102205_3383,2023,0
2023102205_3415,2023,0
2023102205_3694,2023,0
2023102205_3744,2023,0
2023102205_3769,2023,0
2023102205_3821,2023,0
2023102205_3959,2023,0
2023102205_3982,2023,0
2023102205_4063,2023,0
2023102205_4149,2023,0
2023102205_431,2023,0
2023102205_644,2023,0
2023102205_715,2023,0
2023102205_784,2023,0
2023102205_870,2023,0
2023102205_895,2023,0
2023102205_968,2023,0
2023102206_1059,2023,0
2023102206_1184,2023,0
2023102206_1235,2023,0
2023102206_1443,2023,0
2023102206_1606,2023,0
2023102206_1658,2023,0
2023102206_1889,2023,0
2023102206_2048,2023,0
2023102206_2097,2023,0
2023102206_2364,2023,0
2023102206_2387,2023,0
2023102206_2525,2023,0
2023102206_2583,2023,0
2023102206_2699,2023,0
2023102206_2971,2023,0
2023102206_2996,2023,0
2023102206_3239,2023,0
2023102206_3348,2023,0
2023102206_3422,2023,0
2023102206_3476,2023,0
2023102206_3684,2023,0
2023102206_3777,2023,0
2023102206_401,2023,0
2023102206_55,2023,0
2023102206_650,2023,0
2023102206_673,2023,0
2023102206_746,2023,0
2023102206_853,2023,0
2023102207_1046,2023,0
2023102207_1206,2023,0
2023102207_1276,2023,0
2023102207_1372,2023,0
2023102207_1589,2023,0
2023102207_1614,2023,0
2023102207_1695,2023,0
2023102207_1718,2023,0
2023102207_1743,2023,0
2023102207_178,2023,0
2023102207_1788,2023,0
2023102207_1813,2023,0
2023102207_1914,2023,0
2023102207_2017,2023,0
2023102207_2114,2023,0
2023102207_2139,2023,0
2023102207_2387,2023,0
2023102207_2461,2023,0
2023102207_2491,2023,0
2023102207_272,2023,0
2023102207_2757,2023,0
2023102207_297,2023,0
2023102207_3005,2023,0
2023102207_3052,2023,0
2023102207_3097,2023,0
2023102207_3164,2023,0
2023102207_3452,2023,0
2023102207_3530,2023,0
2023102207_3624,2023,0
2023102207_3647,2023,0
2023102207_3748,2023,0
2023102207_3887,2023,0
2023102207_3953,2023,0
2023102207_3978,2023,0
2023102207_4069,2023,0
2023102207_415,2023,0
2023102207_473,2023,0
2023102207_518,2023,0
2023102207_55,2023,0
2023102207_574,2023,0
2023102207_631,2023,0
2023102207_780,2023,0
2023102207_80,2023,0
2023102207_867,2023,0
2023102207_897,2023,0
2023102208_1169,2023,0
2023102208_1194,2023,0
2023102208_1219,2023,0
2023102208_1278,2023,0
2023102208_1555,2023,0
2023102208_156,2023,0
2023102208_1903,2023,0
2023102208_1940,2023,0
2023102208_1970,2023,0
2023102208_2170,2023,0
2023102208_2193,2023,0
2023102208_2326,2023,0
2023102208_2647,2023,0
2023102208_2741,2023,0
2023102208_2851,2023,0
2023102208_2973,2023,0
2023102208_3059,2023,0
2023102208_3179,2023,0
2023102208_3429,2023,0
2023102208_3518,2023,0
2023102208_3592,2023,0
2023102208_3617,2023,0
2023102208_3681,2023,0
2023102208_3801,2023,0
2023102208_3899,2023,0
2023102208_3926,2023,0
2023102208_425,2023,0
2023102208_521,2023,0
2023102208_79,2023,0
2023102208_798,2023,0
2023102209_1239,2023,0
2023102209_1289,2023,0
2023102209_1509,2023,0
2023102209_1556,2023,0
2023102209_1688,2023,0
2023102209_1731,2023,0
2023102209_1776,2023,0
2023102209_1808,2023,0
2023102209_2182,2023,0
2023102209_225,2023,0
2023102209_2304,2023,0
2023102209_2423,2023,0
2023102209_2577,2023,0
2023102209_2656,2023,0
2023102209_277,2023,0
2023102209_2974,2023,0
2023102209_3123,2023,0
2023102209_3148,2023,0
2023102209_3253,2023,0
2023102209_3359,2023,0
2023102209_3427,2023,0
2023102209_366,2023,0
2023102209_3661,2023,0
2023102209_3770,2023,0
2023102209_3793,2023,0
2023102209_3861,2023,0
2023102209_3909,2023,0
2023102209_4016,2023,0
2023102209_480,2023,0
2023102209_510,2023,0
2023102209_55,2023,0
2023102209_613,2023,0
2023102209_820,2023,0
2023102209_912,2023,0
2023102209_937,2023,0
2023102210_1011,2023,0
2023102210_1125,2023,0
2023102210_1301,2023,0
2023102210_1331,2023,0
2023102210_1401,2023,0
2023102210_1448,2023,0
2023102210_1536,2023,0
2023102210_1583,2023,0
2023102210_1852,2023,0
2023102210_1882,2023,0
2023102210_1919,2023,0
2023102210_1944,2023,0
2023102210_196,2023,0
2023102210_2150,2023,0
2023102210_219,2023,0
2023102210_2229,2023,0
2023102210_2295,2023,0
2023102210_2391,2023,0
2023102210_244,2023,0
2023102210_2606,2023,0
2023102210_2653,2023,0
2023102210_274,2023,0
2023102210_2832,2023,0
2023102210_2879,2023,0
2023102210_2904,2023,0
2023102210_3016,2023,0
2023102210_3114,2023,0
2023102210_3212,2023,0
2023102210_3237,2023,0
2023102210_3568,2023,0
2023102210_3683,2023,0
2023102210_462,2023,0
2023102210_514,2023,0
2023102210_723,2023,0
2023102210_775,2023,0
2023102210_837,2023,0
2023102210_932,2023,0
2023102300_1134,2023,0
2023102300_131,2023,0
2023102300_1497,2023,0
2023102300_161,2023,0
2023102300_1680,2023,0
2023102300_1710,2023,0
2023102300_1735,2023,0
2023102300_1937,2023,0
2023102300_2191,2023,0
2023102300_2536,2023,0
2023102300_2705,2023,0
2023102300_2730,2023,0
2023102300_2777,2023,0
2023102300_2892,2023,0
2023102300_2922,2023,0
2023102300_2995,2023,0
2023102300_3045,2023,0
2023102300_3115,2023,0
2023102300_3221,2023,0
2023102300_3278,2023,0
2023102300_328,2023,0
2023102300_3325,2023,0
2023102300_3350,2023,0
2023102300_3391,2023,0
2023102300_3421,2023,0
2023102300_353,2023,0
2023102300_3539,2023,0
2023102300_3622,2023,0
2023102300_3669,2023,0
2023102300_3697,2023,0
2023102300_378,2023,0
2023102300_3873,2023,0
2023102300_3896,2023,0
2023102300_3921,2023,0
2023102300_3969,2023,0
2023102300_449,2023,0
2023102300_542,2023,0
2023102300_628,2023,0
2023102300_699,2023,0
2023102300_724,2023,0
2023102300_774,2023,0
2023102300_79,2023,0
2023102300_846,2023,0
2023102300_966,2023,0
2023102600_1093,2023,0
2023102600_1116,2023,0
2023102600_1363,2023,0
2023102600_138,2023,0
2023102600_1459,2023,0
2023102600_1482,2023,0
2023102600_1731,2023,0
2023102600_1904,2023,0
2023102600_1997,2023,0
2023102600_2055,2023,0
2023102600_2080,2023,0
2023102600_210,2023,0
2023102600_2163,2023,0
2023102600_2318,2023,0
2023102600_2453,2023,0
2023102600_2478,2023,0
2023102600_253,2023,0
2023102600_2992,2023,0
2023102600_307,2023,0
2023102600_3070,2023,0
2023102600_3159,2023,0
2023102600_3182,2023,0
2023102600_3318,2023,0
2023102600_3444,2023,0
2023102600_3542,2023,0
2023102600_3619,2023,0
2023102600_367,2023,0
2023102600_3729,2023,0
2023102600_3752,2023,0
2023102600_3843,2023,0
2023102600_3868,2023,0
2023102600_3928,2023,0
2023102600_3953,2023,0
2023102600_4175,2023,0
2023102600_4422,2023,0
2023102600_451,2023,0
2023102600_4577,2023,0
2023102600_4607,2023,0
2023102600_476,2023,0
2023102600_743,2023,0
2023102600_800,2023,0
2023102600_884,2023,0
2023102600_934,2023,0
2023102900_1251,2023,0
2023102900_1398,2023,0
2023102900_1423,2023,0
2023102900_1514,2023,0
2023102900_1544,2023,0
2023102900_1620,2023,0
2023102900_1675,2023,0
2023102900_1764,2023,0
2023102900_2035,2023,0
2023102900_2060,2023,0
2023102900_220,2023,0
2023102900_2294,2023,0
2023102900_2414,2023,0
2023102900_243,2023,0
2023102900_2477,2023,0
2023102900_2617,2023,0
2023102900_2785,2023,0
2023102900_2995,2023,0
2023102900_3139,2023,0
2023102900_3162,2023,0
2023102900_3350,2023,0
2023102900_3407,2023,0
2023102900_3497,2023,0
2023102900_3520,2023,0
2023102900_3618,2023,0
2023102900_3735,2023,0
2023102900_554,2023,0
2023102900_586,2023,0
2023102900_660,2023,0
2023102900_825,2023,0
2023102900_934,2023,0
2023102901_1172,2023,0
2023102901_1245,2023,0
2023102901_1321,2023,0
2023102901_1368,2023,0
2023102901_1391,2023,0
2023102901_148,2023,0
2023102901_1697,2023,0
2023102901_1776,2023,0
2023102901_1801,2023,0
2023102901_1872,2023,0
2023102901_1973,2023,0
2023102901_198,2023,0
2023102901_2044,2023,0
2023102901_223,2023,0
2023102901_2459,2023,0
2023102901_248,2023,0
2023102901_2629,2023,0
2023102901_2681,2023,0
2023102901_2903,2023,0
2023102901_296,2023,0
2023102901_3188,2023,0
2023102901_3233,2023,0
2023102901_3316,2023,0
2023102901_3541,2023,0
2023102901_3658,2023,0
2023102901_469,2023,0
2023102901_635,2023,0
2023102901_753,2023,0
2023102902_1248,2023,0
2023102902_1298,2023,0
2023102902_1357,2023,0
2023102902_1503,2023,0
2023102902_1625,2023,0
2023102902_1672,2023,0
2023102902_1697,2023,0
2023102902_1751,2023,0
2023102902_1787,2023,0
2023102902_2013,2023,0
2023102902_2067,2023,0
2023102902_2104,2023,0
2023102902_2149,2023,0
2023102902_2181,2023,0
2023102902_2322,2023,0
2023102902_2419,2023,0
2023102902_2449,2023,0
2023102902_2568,2023,0
2023102902_2727,2023,0
2023102902_283,2023,0
2023102902_2830,2023,0
2023102902_2877,2023,0
2023102902_2907,2023,0
2023102902_2992,2023,0
2023102902_306,2023,0
2023102902_3374,2023,0
2023102902_3455,2023,0
2023102902_3546,2023,0
2023102902_3686,2023,0
2023102902_3761,2023,0
2023102902_3936,2023,0
2023102902_407,2023,0
2023102902_4298,2023,0
2023102902_4321,2023,0
2023102902_4375,2023,0
2023102902_477,2023,0
2023102902_552,2023,0
2023102902_62,2023,0
2023102902_861,2023,0
2023102903_1193,2023,0
2023102903_1372,2023,0
2023102903_1421,2023,0
2023102903_1525,2023,0
2023102903_1715,2023,0
2023102903_173,2023,0
2023102903_1829,2023,0
2023102903_1918,2023,0
2023102903_1941,2023,0
2023102903_1995,2023,0
2023102903_203,2023,0
2023102903_2140,2023,0
2023102903_2346,2023,0
2023102903_2420,2023,0
2023102903_250,2023,0
2023102903_2518,2023,0
2023102903_2543,2023,0
2023102903_2594,2023,0
2023102903_2670,2023,0
2023102903_2765,2023,0
2023102903_2920,2023,0
2023102903_2969,2023,0
2023102903_3021,2023,0
2023102903_3262,2023,0
2023102903_3355,2023,0
2023102903_3680,2023,0
2023102903_3767,2023,0
2023102903_3792,2023,0
2023102903_3874,2023,0
2023102903_3921,2023,0
2023102903_3968,2023,0
2023102903_3991,2023,0
2023102903_4096,2023,0
2023102903_4119,2023,0
2023102903_4190,2023,0
2023102903_580,2023,0
2023102903_603,2023,0
2023102903_652,2023,0
2023102903_715,2023,0
2023102903_804,2023,0
2023102903_885,2023,0
2023102904_1014,2023,0
2023102904_102,2023,0
2023102904_1255,2023,0
2023102904_1561,2023,0
2023102904_1631,2023,0
2023102904_1747,2023,0
2023102904_1781,2023,0
2023102904_180,2023,0
2023102904_1871,2023,0
2023102904_1903,2023,0
2023102904_1928,2023,0
2023102904_1958,2023,0
2023102904_1983,2023,0
2023102904_2272,2023,0
2023102904_228,2023,0
2023102904_2413,2023,0
2023102904_2562,2023,0
2023102904_2619,2023,0
2023102904_2645,2023,0
2023102904_2717,2023,0
2023102904_2813,2023,0
2023102904_2843,2023,0
2023102904_2971,2023,0
2023102904_3034,2023,0
2023102904_3079,2023,0
2023102904_3272,2023,0
2023102904_3338,2023,0
2023102904_3407,2023,0
2023102904_343,2023,0
2023102904_3630,2023,0
2023102904_3732,2023,0
2023102904_3779,2023,0
2023102904_3912,2023,0
2023102904_3954,2023,0
2023102904_492,2023,0
2023102904_55,2023,0
2023102904_566,2023,0
2023102904_707,2023,0
2023102904_838,2023,0
2023102905_1054,2023,0
2023102905_1677,2023,0
2023102905_2353,2023,0
2023102905_353,2023,0
2023102905_4067,2023,0
2023102905_4148,2023,0
2023102905_4603,2023,0
2023102905_55,2023,0
2023102905_795,2023,0
2023102905_841,2023,0
2023102905_979,2023,0
2023102906_1041,2023,0
2023102906_1066,2023,0
2023102906_1117,2023,0
2023102906_1245,2023,0
2023102906_1308,2023,0
2023102906_1463,2023,0
2023102906_1493,2023,0
2023102906_1655,2023,0
2023102906_1724,2023,0
2023102906_1854,2023,0
2023102906_1980,2023,0
2023102906_2147,2023,0
2023102906_2266,2023,0
2023102906_2315,2023,0
2023102906_2340,2023,0
2023102906_2370,2023,0
2023102906_2577,2023,0
2023102906_2804,2023,0
2023102906_2860,2023,0
2023102906_2981,2023,0
2023102906_3036,2023,0
2023102906_3073,2023,0
2023102906_311,2023,0
2023102906_3655,2023,0
2023102906_3928,2023,0
2023102906_3953,2023,0
2023102906_3978,2023,0
2023102906_4003,2023,0
2023102906_4055,2023,0
2023102906_4133,2023,0
2023102906_428,2023,0
2023102906_4320,2023,0
2023102906_4381,2023,0
2023102906_4406,2023,0
2023102906_4436,2023,0
2023102906_4461,2023,0
2023102906_536,2023,0
2023102906_56,2023,0
2023102906_606,2023,0
2023102906_674,2023,0
2023102906_928,2023,0
2023102907_1009,2023,0
2023102907_1066,2023,0
2023102907_1192,2023,0
2023102907_1270,2023,0
2023102907_1412,2023,0
2023102907_1437,2023,0
2023102907_1583,2023,0
2023102907_2131,2023,0
2023102907_234,2023,0
2023102907_2603,2023,0
2023102907_2779,2023,0
2023102907_281,2023,0
2023102907_2849,2023,0
2023102907_2896,2023,0
2023102907_2924,2023,0
2023102907_3090,2023,0
2023102907_3205,2023,0
2023102907_3529,2023,0
2023102907_3729,2023,0
2023102907_3809,2023,0
2023102907_3886,2023,0
2023102907_3933,2023,0
2023102907_3958,2023,0
2023102907_4020,2023,0
2023102907_4076,2023,0
2023102907_417,2023,0
2023102907_4317,2023,0
2023102907_4371,2023,0
2023102907_618,2023,0
2023102907_759,2023,0
2023102907_837,2023,0
2023102907_889,2023,0
2023102907_914,2023,0
2023102908_1078,2023,0
2023102908_1146,2023,0
2023102908_1171,2023,0
2023102908_1235,2023,0
2023102908_1258,2023,0
2023102908_1313,2023,0
2023102908_1365,2023,0
2023102908_1410,2023,0
2023102908_1435,2023,0
2023102908_1505,2023,0
2023102908_1530,2023,0
2023102908_1679,2023,0
2023102908_1741,2023,0
2023102908_1781,2023,0
2023102908_1848,2023,0
2023102908_1878,2023,0
2023102908_1908,2023,0
2023102908_1997,2023,0
2023102908_2027,2023,0
2023102908_2052,2023,0
2023102908_2338,2023,0
2023102908_236,2023,0
2023102908_2508,2023,0
2023102908_2574,2023,0
2023102908_2634,2023,0
2023102908_3135,2023,0
2023102908_3207,2023,0
2023102908_3409,2023,0
2023102908_3531,2023,0
2023102908_357,2023,0
2023102908_3605,2023,0
2023102908_3664,2023,0
2023102908_3725,2023,0
2023102908_3920,2023,0
2023102908_4066,2023,0
2023102908_4348,2023,0
2023102908_4378,2023,0
2023102908_4403,2023,0
2023102908_524,2023,0
2023102908_696,2023,0
2023102908_721,2023,0
2023102908_794,2023,0
2023102908_80,2023,0
2023102908_903,2023,0
2023102908_928,2023,0
2023102908_958,2023,0
2023102909_1110,2023,0
2023102909_1133,2023,0
2023102909_1280,2023,0
2023102909_1332,2023,0
2023102909_1689,2023,0
2023102909_173,2023,0
2023102909_1906,2023,0
2023102909_2071,2023,0
2023102909_2118,2023,0
2023102909_2148,2023,0
2023102909_2200,2023,0
2023102909_2225,2023,0
2023102909_225,2023,0
2023102909_2565,2023,0
2023102909_2637,2023,0
2023102909_2766,2023,0
2023102909_2952,2023,0
2023102909_3040,2023,0
2023102909_3065,2023,0
2023102909_3149,2023,0
2023102909_334,2023,0
2023102909_3385,2023,0
2023102909_3518,2023,0
2023102909_3570,2023,0
2023102909_3971,2023,0
2023102909_4101,2023,0
2023102909_4124,2023,0
2023102909_4174,2023,0
2023102909_425,2023,0
2023102909_470,2023,0
2023102909_553,2023,0
2023102909_831,2023,0
2023102909_84,2023,0
2023102910_1046,2023,0
2023102910_1087,2023,0
2023102910_1234,2023,0
2023102910_1259,2023,0
2023102910_1562,2023,0
2023102910_1613,2023,0
2023102910_1645,2023,0
2023102910_165,2023,0
2023102910_1724,2023,0
2023102910_1776,2023,0
2023102910_1823,2023,0
2023102910_1932,2023,0
2023102910_2321,2023,0
2023102910_239,2023,0
2023102910_2451,2023,0
2023102910_2524,2023,0
2023102910_2621,2023,0
2023102910_2829,2023,0
2023102910_2861,2023,0
2023102910_3029,2023,0
2023102910_3336,2023,0
2023102910_3366,2023,0
2023102910_3418,2023,0
2023102910_3478,2023,0
2023102910_3503,2023,0
2023102910_3549,2023,0
2023102910_3925,2023,0
2023102910_3950,2023,0
2023102910_3975,2023,0
2023102910_4040,2023,0
2023102910_4368,2023,0
2023102910_518,2023,0
2023102910_568,2023,0
2023102910_591,2023,0
2023102910_638,2023,0
2023102910_815,2023,0
2023102911_1034,2023,0
2023102911_1082,2023,0
2023102911_1265,2023,0
2023102911_1317,2023,0
2023102911_1344,2023,0
2023102911_1449,2023,0
2023102911_1655,2023,0
2023102911_1678,2023,0
2023102911_1801,2023,0
2023102911_1883,2023,0
2023102911_1942,2023,0
2023102911_2088,2023,0
2023102911_2123,2023,0
2023102911_2185,2023,0
2023102911_2291,2023,0
2023102911_2745,2023,0
2023102911_2780,2023,0
2023102911_2851,2023,0
2023102911_3378,2023,0
2023102911_3453,2023,0
2023102911_3476,2023,0
2023102911_3590,2023,0
2023102911_3613,2023,0
2023102911_3643,2023,0
2023102911_3666,2023,0
2023102911_3714,2023,0
2023102911_3916,2023,0
2023102911_500,2023,0
2023102911_604,2023,0
2023102911_651,2023,0
2023102911_77,2023,0
2023102911_889,2023,0
2023102911_938,2023,0
2023102912_1022,2023,0
2023102912_1236,2023,0
2023102912_1355,2023,0
2023102912_147,2023,0
2023102912_1501,2023,0
2023102912_1613,2023,0
2023102912_1650,2023,0
2023102912_1675,2023,0
2023102912_1727,2023,0
2023102912_1752,2023,0
2023102912_1784,2023,0
2023102912_1869,2023,0
2023102912_189,2023,0
2023102912_1894,2023,0
2023102912_218,2023,0
2023102912_243,2023,0
2023102912_2480,2023,0
2023102912_2517,2023,0
2023102912_2542,2023,0
2023102912_266,2023,0
2023102912_2741,2023,0
2023102912_2837,2023,0
2023102912_2954,2023,0
2023102912_3099,2023,0
2023102912_3124,2023,0
2023102912_3368,2023,0
2023102912_3625,2023,0
2023102912_365,2023,0
2023102912_3650,2023,0
2023102912_3675,2023,0
2023102912_412,2023,0
2023102912_501,2023,0
2023102912_639,2023,0
2023102912_823,2023,0
2023102913_1120,2023,0
2023102913_1152,2023,0
2023102913_1184,2023,0
2023102913_1231,2023,0
2023102913_1342,2023,0
2023102913_1453,2023,0
2023102913_1544,2023,0
2023102913_1581,2023,0
2023102913_1642,2023,0
2023102913_1689,2023,0
2023102913_1862,2023,0
2023102913_1887,2023,0
2023102913_1975,2023,0
2023102913_2085,2023,0
2023102913_222,2023,0
2023102913_2540,2023,0
2023102913_2630,2023,0
2023102913_2655,2023,0
2023102913_2733,2023,0
2023102913_2756,2023,0
2023102913_2863,2023,0
2023102913_294,2023,0
2023102913_2964,2023,0
2023102913_3093,2023,0
2023102913_3145,2023,0
2023102913_3227,2023,0
2023102913_324,2023,0
2023102913_3421,2023,0
2023102913_3451,2023,0
2023102913_3553,2023,0
2023102913_3576,2023,0
2023102913_3623,2023,0
2023102913_3648,2023,0
2023102913_3673,2023,0
2023102913_3720,2023,0
2023102913_3743,2023,0
2023102913_3937,2023,0
2023102913_3969,2023,0
2023102913_4019,2023,0
2023102913_4044,2023,0
2023102913_482,2023,0
2023102913_542,2023,0
2023102913_588,2023,0
2023102913_62,2023,0
2023102913_655,2023,0
2023102913_793,2023,0
2023102913_950,2023,0
2023102913_975,2023,0
2023103000_1287,2023,0
2023103000_1357,2023,0
2023103000_1398,2023,0
2023103000_1511,2023,0
2023103000_1829,2023,0
2023103000_1949,2023,0
2023103000_2003,2023,0
2023103000_2038,2023,0
2023103000_2070,2023,0
2023103000_213,2023,0
2023103000_2202,2023,0
2023103000_2249,2023,0
2023103000_2388,2023,0
2023103000_2454,2023,0
2023103000_2506,2023,0
2023103000_2642,2023,0
2023103000_3036,2023,0
2023103000_3212,2023,0
2023103000_3593,2023,0
2023103000_3886,2023,0
2023103000_3927,2023,0
2023103000_3950,2023,0
2023103000_3993,2023,0
2023103000_424,2023,0
2023103000_465,2023,0
2023103000_586,2023,0
2023103000_627,2023,0
2023103000_654,2023,0
2023103000_829,2023,0
2023103000_888,2023,0
2023110200_1063,2023,0
2023110200_108,2023,0
2023110200_1122,2023,0
2023110200_1258,2023,0
2023110200_1281,2023,0
2023110200_1407,2023,0
2023110200_1491,2023,0
2023110200_180,2023,0
2023110200_1902,2023,0
2023110200_1993,2023,0
2023110200_2018,2023,0
2023110200_2240,2023,0
2023110200_2403,2023,0
2023110200_2433,2023,0
2023110200_2546,2023,0
2023110200_2571,2023,0
2023110200_262,2023,0
2023110200_2782,2023,0
2023110200_285,2023,0
2023110200_3030,2023,0
2023110200_3097,2023,0
2023110200_315,2023,0
2023110200_3217,2023,0
2023110200_3440,2023,0
2023110200_3509,2023,0
2023110200_4038,2023,0
2023110200_4061,2023,0
2023110200_4106,2023,0
2023110200_4138,2023,0
2023110200_4234,2023,0
2023110200_4282,2023,0
2023110200_4312,2023,0
2023110200_4335,2023,0
2023110200_4365,2023,0
2023110200_446,2023,0
2023110500_1125,2023,0
2023110500_1212,2023,0
2023110500_1235,2023,0
2023110500_1313,2023,0
2023110500_1370,2023,0
2023110500_1477,2023,0
2023110500_157,2023,0
2023110500_1743,2023,0
2023110500_1932,2023,0
2023110500_1964,2023,0
2023110500_2075,2023,0
2023110500_2100,2023,0
2023110500_2313,2023,0
2023110500_2418,2023,0
2023110500_2465,2023,0
2023110500_2566,2023,0
2023110500_2598,2023,0
2023110500_2692,2023,0
2023110500_2855,2023,0
2023110500_2905,2023,0
2023110500_3092,2023,0
2023110500_3115,2023,0
2023110500_314,2023,0
2023110500_3536,2023,0
2023110500_3596,2023,0
2023110500_3929,2023,0
2023110500_3975,2023,0
2023110500_55,2023,0
2023110500_723,2023,0
2023110500_748,2023,0
2023110500_80,2023,0
2023110500_978,2023,0
2023110501_1003,2023,0
2023110501_102,2023,0
2023110501_1101,2023,0
2023110501_1125,2023,0
2023110501_1210,2023,0
2023110501_127,2023,0
2023110501_1646,2023,0
2023110501_174,2023,0
2023110501_1784,2023,0
2023110501_2124,2023,0
2023110501_2147,2023,0
2023110501_2264,2023,0
2023110501_2530,2023,0
2023110501_2724,2023,0
2023110501_2770,2023,0
2023110501_2936,2023,0
2023110501_3055,2023,0
2023110501_3078,2023,0
2023110501_3199,2023,0
2023110501_3231,2023,0
2023110501_338,2023,0
2023110501_3425,2023,0
2023110501_3448,2023,0
2023110501_3495,2023,0
2023110501_3638,2023,0
2023110501_3712,2023,0
2023110501_3784,2023,0
2023110501_414,2023,0
2023110501_4181,2023,0
2023110501_4213,2023,0
2023110501_4238,2023,0
2023110501_4413,2023,0
2023110501_4436,2023,0
2023110501_4461,2023,0
2023110501_4525,2023,0
2023110501_4550,2023,0
2023110501_4580,2023,0
2023110501_556,2023,0
2023110501_581,2023,0
2023110501_611,2023,0
2023110501_746,2023,0
2023110501_776,2023,0
2023110501_857,2023,0
2023110502_1001,2023,0
2023110502_1176,2023,0
2023110502_1237,2023,0
2023110502_142,2023,0
2023110502_1451,2023,0
2023110502_1716,2023,0
2023110502_2141,2023,0
2023110502_2322,2023,0
2023110502_236,2023,0
2023110502_2435,2023,0
2023110502_2482,2023,0
2023110502_2704,2023,0
2023110502_2773,2023,0
2023110502_2920,2023,0
2023110502_3010,2023,0
2023110502_3065,2023,0
2023110502_3295,2023,0
2023110502_3343,2023,0
2023110502_3507,2023,0
2023110502_3603,2023,0
2023110502_3809,2023,0
2023110502_562,2023,0
2023110502_616,2023,0
2023110502_687,2023,0
2023110502_790,2023,0
2023110502_889,2023,0
2023110502_912,2023,0
2023110503_1611,2023,0
2023110503_1743,2023,0
2023110503_1839,2023,0
2023110503_1864,2023,0
2023110503_1931,2023,0
2023110503_1976,2023,0
2023110503_2001,2023,0
2023110503_2024,2023,0
2023110503_2313,2023,0
2023110503_2404,2023,0
2023110503_2498,2023,0
2023110503_2809,2023,0
2023110503_283,2023,0
2023110503_3019,2023,0
2023110503_3046,2023,0
2023110503_3313,2023,0
2023110503_3410,2023,0
2023110503_3495,2023,0
2023110503_354,2023,0
2023110503_3828,2023,0
2023110503_384,2023,0
2023110503_3907,2023,0
2023110503_626,2023,0
2023110503_676,2023,0
2023110503_701,2023,0
2023110503_838,2023,0
2023110503_84,2023,0
2023110504_101,2023,0
2023110504_1096,2023,0
2023110504_1141,2023,0
2023110504_1597,2023,0
2023110504_1692,2023,0
2023110504_1746,2023,0
2023110504_1788,2023,0
2023110504_1903,2023,0
2023110504_1933,2023,0
2023110504_2028,2023,0
2023110504_2271,2023,0
2023110504_2361,2023,0
2023110504_2472,2023,0
2023110504_257,2023,0
2023110504_282,2023,0
2023110504_2854,2023,0
2023110504_2886,2023,0
2023110504_3127,2023,0
2023110504_3150,2023,0
2023110504_3173,2023,0
2023110504_3364,2023,0
2023110504_3401,2023,0
2023110504_3596,2023,0
2023110504_3619,2023,0
2023110504_3759,2023,0
2023110504_3876,2023,0
2023110504_3940,2023,0
2023110504_3970,2023,0
2023110504_3995,2023,0
2023110504_4025,2023,0
2023110504_4048,2023,0
2023110504_729,2023,0
2023110505_109,2023,0
2023110505_1111,2023,0
2023110505_1282,2023,0
2023110505_1386,2023,0
2023110505_145,2023,0
2023110505_1467,2023,0
2023110505_1492,2023,0
2023110505_1540,2023,0
2023110505_1563,2023,0
2023110505_1812,2023,0
2023110505_1986,2023,0
2023110505_203,2023,0
2023110505_2138,2023,0
2023110505_2174,2023,0
2023110505_2219,2023,0
2023110505_226,2023,0
2023110505_2269,2023,0
2023110505_2344,2023,0
2023110505_2499,2023,0
2023110505_2639,2023,0
2023110505_2686,2023,0
2023110505_2769,2023,0
2023110505_2853,2023,0
2023110505_294,2023,0
2023110505_2949,2023,0
2023110505_3007,2023,0
2023110505_3054,2023,0
2023110505_3145,2023,0
2023110505_3174,2023,0
2023110505_3257,2023,0
2023110505_3304,2023,0
2023110505_341,2023,0
2023110505_3607,2023,0
2023110505_3955,2023,0
2023110505_410,2023,0
2023110505_4103,2023,0
2023110505_4222,2023,0
2023110505_4322,2023,0
2023110505_4347,2023,0
2023110505_4379,2023,0
2023110505_4434,2023,0
2023110505_4459,2023,0
2023110505_446,2023,0
2023110505_508,2023,0
2023110505_56,2023,0
2023110505_709,2023,0
2023110505_768,2023,0
2023110505_925,2023,0
2023110506_1402,2023,0
2023110506_1432,2023,0
2023110506_1740,2023,0
2023110506_1788,2023,0
2023110506_1955,2023,0
2023110506_1980,2023,0
2023110506_204,2023,0
2023110506_2146,2023,0
2023110506_2267,2023,0
2023110506_2501,2023,0
2023110506_2630,2023,0
2023110506_2945,2023,0
2023110506_3133,2023,0
2023110506_321,2023,0
2023110506_3275,2023,0
2023110506_3369,2023,0
2023110506_366,2023,0
2023110506_3923,2023,0
2023110506_3953,2023,0
2023110506_4240,2023,0
2023110506_4273,2023,0
2023110506_4310,2023,0
2023110506_4335,2023,0
2023110506_443,2023,0
2023110506_468,2023,0
2023110506_540,2023,0
2023110506_67,2023,0
2023110506_683,2023,0
2023110506_713,2023,0
2023110506_814,2023,0
2023110506_869,2023,0
2023110506_892,2023,0
2023110507_1206,2023,0
2023110507_1265,2023,0
2023110507_1626,2023,0
2023110507_1651,2023,0
2023110507_1856,2023,0
2023110507_2090,2023,0
2023110507_2237,2023,0
2023110507_2332,2023,0
2023110507_2494,2023,0
2023110507_2519,2023,0
2023110507_2672,2023,0
2023110507_2820,2023,0
2023110507_2843,2023,0
2023110507_3020,2023,0
2023110507_3045,2023,0
2023110507_3219,2023,0
2023110507_3382,2023,0
2023110507_3407,2023,0
2023110507_3499,2023,0
2023110507_3569,2023,0
2023110507_3650,2023,0
2023110507_366,2023,0
2023110507_3693,2023,0
2023110507_3718,2023,0
2023110507_3852,2023,0
2023110507_391,2023,0
2023110507_507,2023,0
2023110507_55,2023,0
2023110507_597,2023,0
2023110507_679,2023,0
2023110507_726,2023,0
2023110507_755,2023,0
2023110507_80,2023,0
2023110507_802,2023,0
2023110507_911,2023,0
2023110508_1118,2023,0
2023110508_1285,2023,0
2023110508_1310,2023,0
2023110508_1588,2023,0
2023110508_1655,2023,0
2023110508_1678,2023,0
2023110508_1827,2023,0
2023110508_1874,2023,0
2023110508_1937,2023,0
2023110508_1973,2023,0
2023110508_2003,2023,0
2023110508_2097,2023,0
2023110508_2127,2023,0
2023110508_2157,2023,0
2023110508_2239,2023,0
2023110508_2412,2023,0
2023110508_2437,2023,0
2023110508_2579,2023,0
2023110508_2631,2023,0
2023110508_2801,2023,0
2023110508_281,2023,0
2023110508_2826,2023,0
2023110508_2942,2023,0
2023110508_2994,2023,0
2023110508_3162,2023,0
2023110508_3262,2023,0
2023110508_3380,2023,0
2023110508_3411,2023,0
2023110508_3468,2023,0
2023110508_349,2023,0
2023110508_3516,2023,0
2023110508_3568,2023,0
2023110508_3672,2023,0
2023110508_3695,2023,0
2023110508_3960,2023,0
2023110508_3988,2023,0
2023110508_402,2023,0
2023110508_4115,2023,0
2023110508_4140,2023,0
2023110508_4188,2023,0
2023110508_519,2023,0
2023110508_542,2023,0
2023110508_645,2023,0
2023110508_772,2023,0
2023110509_1008,2023,0
2023110509_1354,2023,0
2023110509_1391,2023,0
2023110509_1516,2023,0
2023110509_1689,2023,0
2023110509_2048,2023,0
2023110509_2096,2023,0
2023110509_2166,2023,0
2023110509_2276,2023,0
2023110509_2599,2023,0
2023110509_2624,2023,0
2023110509_2857,2023,0
2023110509_3106,2023,0
2023110509_3260,2023,0
2023110509_3293,2023,0
2023110509_3345,2023,0
2023110509_3390,2023,0
2023110509_3518,2023,0
2023110509_3543,2023,0
2023110509_3605,2023,0
2023110509_3650,2023,0
2023110509_3675,2023,0
2023110509_427,2023,0
2023110509_494,2023,0
2023110509_62,2023,0
2023110509_706,2023,0
2023110509_774,2023,0
2023110509_85,2023,0
2023110509_958,2023,0
2023110510_1417,2023,0
2023110510_148,2023,0
2023110510_1759,2023,0
2023110510_1933,2023,0
2023110510_2026,2023,0
2023110510_2075,2023,0
2023110510_239,2023,0
2023110510_2396,2023,0
2023110510_2585,2023,0
2023110510_2635,2023,0
2023110510_2709,2023,0
2023110510_289,2023,0
2023110510_2898,2023,0
2023110510_3112,2023,0
2023110510_314,2023,0
2023110510_3157,2023,0
2023110510_3234,2023,0
2023110510_3257,2023,0
2023110510_3666,2023,0
2023110510_3696,2023,0
2023110510_3719,2023,0
2023110510_3789,2023,0
2023110510_393,2023,0
2023110510_3967,2023,0
2023110510_4014,2023,0
2023110510_4050,2023,0
2023110510_4096,2023,0
2023110510_4411,2023,0
2023110510_696,2023,0
2023110510_945,2023,0
2023110510_988,2023,0
2023110511_1265,2023,0
2023110511_1310,2023,0
2023110511_1340,2023,0
2023110511_1367,2023,0
2023110511_156,2023,0
2023110511_1762,2023,0
2023110511_1797,2023,0
2023110511_181,2023,0
2023110511_1851,2023,0
2023110511_1945,2023,0
2023110511_1970,2023,0
2023110511_2004,2023,0
2023110511_2029,2023,0
2023110511_2163,2023,0
2023110511_2247,2023,0
2023110511_2283,2023,0
2023110511_2308,2023,0
2023110511_233,2023,0
2023110511_2338,2023,0
2023110511_2551,2023,0
2023110511_2598,2023,0
2023110511_2628,2023,0
2023110511_2651,2023,0
2023110511_2718,2023,0
2023110511_2859,2023,0
2023110511_2916,2023,0
2023110511_3034,2023,0
2023110511_3081,2023,0
2023110511_3227,2023,0
2023110511_3268,2023,0
2023110511_329,2023,0
2023110511_3310,2023,0
2023110511_3340,2023,0
2023110511_3399,2023,0
2023110511_3536,2023,0
2023110511_3644,2023,0
2023110511_377,2023,0
2023110511_3798,2023,0
2023110511_3908,2023,0
2023110511_452,2023,0
2023110511_590,2023,0
2023110511_712,2023,0
2023110600_1099,2023,0
2023110600_1124,2023,0
2023110600_1234,2023,0
2023110600_1349,2023,0
2023110600_1463,2023,0
2023110600_1678,2023,0
2023110600_1703,2023,0
2023110600_172,2023,0
2023110600_1829,2023,0
2023110600_1852,2023,0
2023110600_1906,2023,0
2023110600_2001,2023,0
2023110600_2071,2023,0
2023110600_2153,2023,0
2023110600_2176,2023,0
2023110600_2247,2023,0
2023110600_2270,2023,0
2023110600_2293,2023,0
2023110600_2356,2023,0
2023110600_2481,2023,0
2023110600_2533,2023,0
2023110600_2558,2023,0
2023110600_2583,2023,0
2023110600_2760,2023,0
2023110600_2843,2023,0
2023110600_2868,2023,0
2023110600_2965,2023,0
2023110600_306,2023,0
2023110600_3248,2023,0
2023110600_3363,2023,0
2023110600_3488,2023,0
2023110600_3593,2023,0
2023110600_3616,2023,0
2023110600_3705,2023,0
2023110600_376,2023,0
2023110600_3886,2023,0
2023110600_3918,2023,0
2023110600_4057,2023,0
2023110600_4080,2023,0
2023110600_412,2023,0
2023110600_4130,2023,0
2023110600_4155,2023,0
2023110600_4180,2023,0
2023110600_4246,2023,0
2023110600_4269,2023,0
2023110600_4306,2023,0
2023110600_4331,2023,0
2023110600_4356,2023,0
2023110600_4381,2023,0
2023110600_4463,2023,0
2023110600_534,2023,0
2023110600_650,2023,0
2023110600_78,2023,0
2023110600_852,2023,0
2023110900_1043,2023,0
2023110900_1131,2023,0
2023110900_1258,2023,0
2023110900_138,2023,0
2023110900_1497,2023,0
2023110900_1545,2023,0
2023110900_1593,2023,0
2023110900_1845,2023,0
2023110900_1936,2023,0
2023110900_1972,2023,0
2023110900_2033,2023,0
2023110900_2063,2023,0
2023110900_2111,2023,0
2023110900_2229,2023,0
2023110900_2274,2023,0
2023110900_2366,2023,0
2023110900_2479,2023,0
2023110900_2557,2023,0
2023110900_282,2023,0
2023110900_2820,2023,0
2023110900_2843,2023,0
2023110900_2868,2023,0
2023110900_2940,2023,0
2023110900_3304,2023,0
2023110900_3353,2023,0
2023110900_3436,2023,0
2023110900_351,2023,0
2023110900_3635,2023,0
2023110900_3754,2023,0
2023110900_3828,2023,0
2023110900_3853,2023,0
2023110900_3921,2023,0
2023110900_3946,2023,0
2023110900_4008,2023,0
2023110900_4054,2023,0
2023110900_4163,2023,0
2023110900_537,2023,0
2023110900_631,2023,0
2023110900_683,2023,0
2023110900_757,2023,0
2023110900_899,2023,0
2023110900_929,2023,0
2023110900_93,2023,0
2023111200_1115,2023,0
2023111200_116,2023,0
2023111200_1301,2023,0
2023111200_1448,2023,0
2023111200_1603,2023,0
2023111200_1779,2023,0
2023111200_1843,2023,0
2023111200_185,2023,0
2023111200_1889,2023,0
2023111200_2155,2023,0
2023111200_2459,2023,0
2023111200_2655,2023,0
2023111200_3017,2023,0
2023111200_3227,2023,0
2023111200_3250,2023,0
2023111200_3403,2023,0
2023111200_3581,2023,0
2023111200_3668,2023,0
2023111200_3691,2023,0
2023111200_3744,2023,0
2023111200_3767,2023,0
2023111200_3814,2023,0
2023111200_398,2023,0
2023111200_421,2023,0
2023111200_84,2023,0
2023111200_867,2023,0
2023111201_1285,2023,0
2023111201_1629,2023,0
2023111201_1951,2023,0
2023111201_199,2023,0
2023111201_222,2023,0
2023111201_2239,2023,0
2023111201_2477,2023,0
2023111201_2644,2023,0
2023111201_2887,2023,0
2023111201_2912,2023,0
2023111201_2937,2023,0
2023111201_3016,2023,0
2023111201_3331,2023,0
2023111201_3652,2023,0
2023111201_3699,2023,0
2023111201_3786,2023,0
2023111201_396,2023,0
2023111201_4237,2023,0
2023111201_589,2023,0
2023111201_676,2023,0
2023111201_926,2023,0
2023111202_1056,2023,0
2023111202_1081,2023,0
2023111202_112,2023,0
2023111202_1210,2023,0
2023111202_135,2023,0
2023111202_1463,2023,0
2023111202_1517,2023,0
2023111202_160,2023,0
2023111202_1621,2023,0
2023111202_1721,2023,0
2023111202_1766,2023,0
2023111202_1933,2023,0
2023111202_1956,2023,0
2023111202_2011,2023,0
2023111202_2221,2023,0
2023111202_2290,2023,0
2023111202_2315,2023,0
2023111202_2367,2023,0
2023111202_2532,2023,0
2023111202_2754,2023,0
2023111202_2835,2023,0
2023111202_2860,2023,0
2023111202_2971,2023,0
2023111202_3039,2023,0
2023111202_307,2023,0
2023111202_3131,2023,0
2023111202_3471,2023,0
2023111202_3541,2023,0
2023111202_371,2023,0
2023111202_3731,2023,0
2023111202_3761,2023,0
2023111202_3784,2023,0
2023111202_3832,2023,0
2023111202_3857,2023,0
2023111202_4162,2023,0
2023111202_4241,2023,0
2023111202_4327,2023,0
2023111202_4393,2023,0
2023111202_4438,2023,0
2023111202_4463,2023,0
2023111202_4493,2023,0
2023111202_640,2023,0
2023111202_870,2023,0
2023111202_893,2023,0
2023111203_1068,2023,0
2023111203_1337,2023,0
2023111203_1740,2023,0
2023111203_1897,2023,0
2023111203_196,2023,0
2023111203_2160,2023,0
2023111203_221,2023,0
2023111203_2274,2023,0
2023111203_2504,2023,0
2023111203_2536,2023,0
2023111203_2581,2023,0
2023111203_2758,2023,0
2023111203_2811,2023,0
2023111203_2859,2023,0
2023111203_2911,2023,0
2023111203_3082,2023,0
2023111203_3246,2023,0
2023111203_3310,2023,0
2023111203_336,2023,0
2023111203_3482,2023,0
2023111203_3738,2023,0
2023111203_3802,2023,0
2023111203_3827,2023,0
2023111203_412,2023,0
2023111203_515,2023,0
2023111203_538,2023,0
2023111203_741,2023,0
2023111203_78,2023,0
2023111203_816,2023,0
2023111204_1088,2023,0
2023111204_1173,2023,0
2023111204_1198,2023,0
2023111204_1370,2023,0
2023111204_1424,2023,0
2023111204_1573,2023,0
2023111204_1635,2023,0
2023111204_164,2023,0
2023111204_1866,2023,0
2023111204_1891,2023,0
2023111204_1948,2023,0
2023111204_1973,2023,0
2023111204_2069,2023,0
2023111204_2143,2023,0
2023111204_227,2023,0
2023111204_2519,2023,0
2023111204_2585,2023,0
2023111204_2632,2023,0
2023111204_2657,2023,0
2023111204_2712,2023,0
2023111204_2794,2023,0
2023111204_2967,2023,0
2023111204_2990,2023,0
2023111204_318,2023,0
2023111204_3197,2023,0
2023111204_3271,2023,0
2023111204_3294,2023,0
2023111204_341,2023,0
2023111204_3439,2023,0
2023111204_3512,2023,0
2023111204_3537,2023,0
2023111204_3599,2023,0
2023111204_3645,2023,0
2023111204_3861,2023,0
2023111204_388,2023,0
2023111204_3886,2023,0
2023111204_3991,2023,0
2023111204_4059,2023,0
2023111204_4153,2023,0
2023111204_4245,2023,0
2023111204_4397,2023,0
2023111204_4460,2023,0
2023111204_55,2023,0
2023111204_665,2023,0
2023111204_734,2023,0
2023111204_792,2023,0
2023111204_815,2023,0
2023111204_838,2023,0
2023111204_928,2023,0
2023111205_109,2023,0
2023111205_1103,2023,0
2023111205_1330,2023,0
2023111205_1554,2023,0
2023111205_1835,2023,0
2023111205_1880,2023,0
2023111205_1928,2023,0
2023111205_1953,2023,0
2023111205_1983,2023,0
2023111205_2255,2023,0
2023111205_2278,2023,0
2023111205_2419,2023,0
2023111205_2547,2023,0
2023111205_2570,2023,0
2023111205_2643,2023,0
2023111205_2713,2023,0
2023111205_3425,2023,0
2023111205_3455,2023,0
2023111205_3478,2023,0
2023111205_3820,2023,0
2023111205_4137,2023,0
2023111205_4162,2023,0
2023111205_4242,2023,0
2023111205_4302,2023,0
2023111205_448,2023,0
2023111205_639,2023,0
2023111205_79,2023,0
2023111205_889,2023,0
2023111206_1150,2023,0
2023111206_1235,2023,0
2023111206_1282,2023,0
2023111206_1307,2023,0
2023111206_136,2023,0
2023111206_1401,2023,0
2023111206_1522,2023,0
2023111206_1825,2023,0
2023111206_1877,2023,0
2023111206_1977,2023,0
2023111206_2205,2023,0
2023111206_2311,2023,0
2023111206_2450,2023,0
2023111206_2475,2023,0
2023111206_2527,2023,0
2023111206_2591,2023,0
2023111206_2809,2023,0
2023111206_2839,2023,0
2023111206_2869,2023,0
2023111206_2914,2023,0
2023111206_3005,2023,0
2023111206_311,2023,0
2023111206_3374,2023,0
2023111206_3397,2023,0
2023111206_3645,2023,0
2023111206_3723,2023,0
2023111206_3880,2023,0
2023111206_3905,2023,0
2023111206_397,2023,0
2023111206_3976,2023,0
2023111206_511,2023,0
2023111206_56,2023,0
2023111206_976,2023,0
2023111207_1250,2023,0
2023111207_1297,2023,0
2023111207_1445,2023,0
2023111207_1500,2023,0
2023111207_1792,2023,0
2023111207_203,2023,0
2023111207_2175,2023,0
2023111207_2251,2023,0
2023111207_2335,2023,0
2023111207_2360,2023,0
2023111207_245,2023,0
2023111207_2456,2023,0
2023111207_2502,2023,0
2023111207_2701,2023,0
2023111207_3218,2023,0
2023111207_3285,2023,0
2023111207_3426,2023,0
2023111207_3451,2023,0
2023111207_349,2023,0
2023111207_3498,2023,0
2023111207_3780,2023,0
2023111207_3822,2023,0
2023111207_4033,2023,0
2023111207_4189,2023,0
2023111207_505,2023,0
2023111207_546,2023,0
2023111207_755,2023,0
2023111207_802,2023,0
2023111208_1146,2023,0
2023111208_1188,2023,0
2023111208_1213,2023,0
2023111208_1315,2023,0
2023111208_1362,2023,0
2023111208_151,2023,0
2023111208_1606,2023,0
2023111208_1629,2023,0
2023111208_1654,2023,0
2023111208_1677,2023,0
2023111208_1724,2023,0
2023111208_1932,2023,0
2023111208_203,2023,0
2023111208_2236,2023,0
2023111208_2282,2023,0
2023111208_2340,2023,0
2023111208_2392,2023,0
2023111208_2458,2023,0
2023111208_2546,2023,0
2023111208_2571,2023,0
2023111208_2622,2023,0
2023111208_2669,2023,0
2023111208_2722,2023,0
2023111208_2830,2023,0
2023111208_287,2023,0
2023111208_2877,2023,0
2023111208_3088,2023,0
2023111208_3594,2023,0
2023111208_3619,2023,0
2023111208_3906,2023,0
2023111208_3977,2023,0
2023111208_4056,2023,0
2023111208_4093,2023,0
2023111208_475,2023,0
2023111208_527,2023,0
2023111208_593,2023,0
2023111208_77,2023,0
2023111208_838,2023,0
2023111209_1217,2023,0
2023111209_1242,2023,0
2023111209_1377,2023,0
2023111209_1477,2023,0
2023111209_1773,2023,0
2023111209_1798,2023,0
2023111209_1830,2023,0
2023111209_1921,2023,0
2023111209_2118,2023,0
2023111209_2219,2023,0
2023111209_2471,2023,0
2023111209_2548,2023,0
2023111209_2607,2023,0
2023111209_2654,2023,0
2023111209_2762,2023,0
2023111209_2844,2023,0
2023111209_2898,2023,0
2023111209_2974,2023,0
2023111209_3170,2023,0
2023111209_3202,2023,0
2023111209_3299,2023,0
2023111209_3373,2023,0
2023111209_3564,2023,0
2023111209_3634,2023,0
2023111209_3824,2023,0
2023111209_3859,2023,0
2023111209_3891,2023,0
2023111209_3968,2023,0
2023111209_4031,2023,0
2023111209_427,2023,0
2023111209_635,2023,0
2023111209_804,2023,0
2023111209_829,2023,0
2023111209_878,2023,0
2023111210_1027,2023,0
2023111210_1052,2023,0
2023111210_1082,2023,0
2023111210_1200,2023,0
2023111210_1271,2023,0
2023111210_1318,2023,0
2023111210_132,2023,0
2023111210_1343,2023,0
2023111210_1391,2023,0
2023111210_1563,2023,0
2023111210_1696,2023,0
2023111210_1798,2023,0
2023111210_1872,2023,0
2023111210_1924,2023,0
2023111210_2136,2023,0
2023111210_2204,2023,0
2023111210_2267,2023,0
2023111210_2369,2023,0
2023111210_2594,2023,0
2023111210_266,2023,0
2023111210_2733,2023,0
2023111210_2758,2023,0
2023111210_2915,2023,0
2023111210_3019,2023,0
2023111210_3123,2023,0
2023111210_3178,2023,0
2023111210_3221,2023,0
2023111210_3270,2023,0
2023111210_332,2023,0
2023111210_3386,2023,0
2023111210_3694,2023,0
2023111210_3717,2023,0
2023111210_3882,2023,0
2023111210_4034,2023,0
2023111210_4216,2023,0
2023111210_4296,2023,0
2023111210_4319,2023,0
2023111210_4351,2023,0
2023111210_4390,2023,0
2023111210_4413,2023,0
2023111210_4436,2023,0
2023111210_4493,2023,0
2023111210_4525,2023,0
2023111210_453,2023,0
2023111210_4555,2023,0
2023111210_579,2023,0
2023111210_604,2023,0
2023111210_676,2023,0
2023111210_721,2023,0
2023111210_844,2023,0
2023111210_85,2023,0
2023111210_947,2023,0
2023111210_977,2023,0
2023111211_1059,2023,0
2023111211_1650,2023,0
2023111211_1675,2023,0
2023111211_1867,2023,0
2023111211_1979,2023,0
2023111211_2004,2023,0
2023111211_2029,2023,0
2023111211_2201,2023,0
2023111211_230,2023,0
2023111211_2523,2023,0
2023111211_2681,2023,0
2023111211_2937,2023,0
2023111211_2997,2023,0
2023111211_3243,2023,0
2023111211_3291,2023,0
2023111211_3495,2023,0
2023111211_3627,2023,0
2023111211_3659,2023,0
2023111211_3684,2023,0
2023111211_3709,2023,0
2023111211_3734,2023,0
2023111211_3760,2023,0
2023111211_3785,2023,0
2023111211_3890,2023,0
2023111211_406,2023,0
2023111211_4074,2023,0
2023111211_4099,2023,0
2023111211_492,2023,0
2023111211_517,2023,0
2023111211_654,2023,0
2023111211_679,2023,0
2023111211_763,2023,0
2023111211_787,2023,0
2023111211_900,2023,0
2023111300_1128,2023,0
2023111300_1153,2023,0
2023111300_1229,2023,0
2023111300_1376,2023,0
2023111300_1447,2023,0
2023111300_1617,2023,0
2023111300_1746,2023,0
2023111300_1793,2023,0
2023111300_2166,2023,0
2023111300_2234,2023,0
2023111300_2265,2023,0
2023111300_2557,2023,0
2023111300_2605,2023,0
2023111300_2661,2023,0
2023111300_2691,2023,0
2023111300_272,2023,0
2023111300_2839,2023,0
2023111300_295,2023,0
2023111300_3005,2023,0
2023111300_3190,2023,0
2023111300_320,2023,0
2023111300_3279,2023,0
2023111300_3306,2023,0
2023111300_3371,2023,0
2023111300_3423,2023,0
2023111300_3448,2023,0
2023111300_3500,2023,0
2023111300_3625,2023,0
2023111300_3700,2023,0
2023111300_3752,2023,0
2023111300_4176,2023,0
2023111300_440,2023,0
2023111300_470,2023,0
2023111300_506,2023,0
2023111300_594,2023,0
2023111300_710,2023,0
2023111300_755,2023,0
2023111300_840,2023,0
2023111300_961,2023,0
2023111600_1000,2023,0
2023111600_1127,2023,0
2023111600_1243,2023,0
2023111600_1266,2023,0
2023111600_1683,2023,0
2023111600_1715,2023,0
2023111600_1769,2023,0
2023111600_209,2023,0
2023111600_2120,2023,0
2023111600_2197,2023,0
2023111600_2401,2023,0
2023111600_2610,2023,0
2023111600_2657,2023,0
2023111600_2882,2023,0
2023111600_2951,2023,0
2023111600_3197,2023,0
2023111600_3294,2023,0
2023111600_3421,2023,0
2023111600_3446,2023,0
2023111600_364,2023,0
2023111600_3702,2023,0
2023111600_4082,2023,0
2023111600_448,2023,0
2023111600_526,2023,0
2023111600_56,2023,0
2023111600_977,2023,0
2023111900_1147,2023,0
2023111900_1318,2023,0
2023111900_1455,2023,0
2023111900_1485,2023,0
2023111900_1859,2023,0
2023111900_1882,2023,0
2023111900_1907,2023,0
2023111900_2008,2023,0
2023111900_2031,2023,0
2023111900_2096,2023,0
2023111900_2336,2023,0
2023111900_2410,2023,0
2023111900_2440,2023,0
2023111900_2605,2023,0
2023111900_2759,2023,0
2023111900_2856,2023,0
2023111900_2926,2023,0
2023111900_3141,2023,0
2023111900_3189,2023,0
2023111900_3234,2023,0
2023111900_3714,2023,0
2023111900_3843,2023,0
2023111900_3888,2023,0
2023111900_3993,2023,0
2023111900_417,2023,0
2023111900_538,2023,0
2023111900_640,2023,0
2023111900_850,2023,0
2023111900_882,2023,0
2023111900_905,2023,0
2023111900_955,2023,0
2023111901_1042,2023,0
2023111901_1139,2023,0
2023111901_1431,2023,0
2023111901_1781,2023,0
2023111901_1813,2023,0
2023111901_2155,2023,0
2023111901_221,2023,0
2023111901_2246,2023,0
2023111901_2293,2023,0
2023111901_2316,2023,0
2023111901_2413,2023,0
2023111901_2494,2023,0
2023111901_2519,2023,0
2023111901_2879,2023,0
2023111901_2941,2023,0
2023111901_2966,2023,0
2023111901_3038,2023,0
2023111901_3125,2023,0
2023111901_3289,2023,0
2023111901_3314,2023,0
2023111901_338,2023,0
2023111901_3581,2023,0
2023111901_3604,2023,0
2023111901_3648,2023,0
2023111901_3782,2023,0
2023111901_3836,2023,0
2023111901_3940,2023,0
2023111901_3963,2023,0
2023111901_3986,2023,0
2023111901_4040,2023,0
2023111901_4065,2023,0
2023111901_4095,2023,0
2023111901_446,2023,0
2023111901_677,2023,0
2023111901_771,2023,0
2023111901_859,2023,0
2023111901_882,2023,0
2023111902_127,2023,0
2023111902_1403,2023,0
2023111902_1428,2023,0
2023111902_1458,2023,0
2023111902_152,2023,0
2023111902_1559,2023,0
2023111902_1751,2023,0
2023111902_177,2023,0
2023111902_1776,2023,0
2023111902_1801,2023,0
2023111902_1826,2023,0
2023111902_1849,2023,0
2023111902_1874,2023,0
2023111902_1988,2023,0
2023111902_2133,2023,0
2023111902_2218,2023,0
2023111902_2275,2023,0
2023111902_2482,2023,0
2023111902_2786,2023,0
2023111902_2894,2023,0
2023111902_3118,2023,0
2023111902_3146,2023,0
2023111902_3608,2023,0
2023111902_3638,2023,0
2023111902_3663,2023,0
2023111902_3688,2023,0
2023111902_3723,2023,0
2023111902_381,2023,0
2023111902_3881,2023,0
2023111902_3906,2023,0
2023111902_3970,2023,0
2023111902_3995,2023,0
2023111902_4029,2023,0
2023111902_4076,2023,0
2023111902_530,2023,0
2023111902_596,2023,0
2023111902_745,2023,0
2023111902_848,2023,0
2023111902_883,2023,0
2023111902_995,2023,0
2023111903_1129,2023,0
2023111903_1152,2023,0
2023111903_1248,2023,0
2023111903_1372,2023,0
2023111903_1604,2023,0
2023111903_1778,2023,0
2023111903_1832,2023,0
2023111903_1909,2023,0
2023111903_2003,2023,0
2023111903_206,2023,0
2023111903_2166,2023,0
2023111903_2238,2023,0
2023111903_2359,2023,0
2023111903_2453,2023,0
2023111903_2547,2023,0
2023111903_2580,2023,0
2023111903_2612,2023,0
2023111903_2699,2023,0
2023111903_2758,2023,0
2023111903_2823,2023,0
2023111903_2877,2023,0
2023111903_2958,2023,0
2023111903_3042,2023,0
2023111903_3067,2023,0
2023111903_3235,2023,0
2023111903_3260,2023,0
2023111903_338,2023,0
2023111903_3414,2023,0
2023111903_3439,2023,0
2023111903_3503,2023,0
2023111903_3673,2023,0
2023111903_372,2023,0
2023111903_3846,2023,0
2023111903_3893,2023,0
2023111903_3954,2023,0
2023111903_3977,2023,0
2023111903_4158,2023,0
2023111903_4310,2023,0
2023111903_551,2023,0
2023111903_598,2023,0
2023111903_718,2023,0
2023111903_73,2023,0
2023111903_743,2023,0
2023111903_831,2023,0
2023111903_899,2023,0
2023111903_924,2023,0
2023111904_1011,2023,0
2023111904_1036,2023,0
2023111904_1179,2023,0
2023111904_1282,2023,0
2023111904_1309,2023,0
2023111904_1356,2023,0
2023111904_136,2023,0
2023111904_1413,2023,0
2023111904_1483,2023,0
2023111904_1530,2023,0
2023111904_1616,2023,0
2023111904_1815,2023,0
2023111904_1840,2023,0
2023111904_1865,2023,0
2023111904_1943,2023,0
2023111904_1968,2023,0
2023111904_2095,2023,0
2023111904_2194,2023,0
2023111904_2274,2023,0
2023111904_2371,2023,0
2023111904_251,2023,0
2023111904_276,2023,0
2023111904_2848,2023,0
2023111904_2893,2023,0
2023111904_2945,2023,0
2023111904_299,2023,0
2023111904_3032,2023,0
2023111904_3079,2023,0
2023111904_322,2023,0
2023111904_3238,2023,0
2023111904_3398,2023,0
2023111904_3423,2023,0
2023111904_3468,2023,0
2023111904_3493,2023,0
2023111904_3592,2023,0
2023111904_3639,2023,0
2023111904_3689,2023,0
2023111904_3714,2023,0
2023111904_3771,2023,0
2023111904_461,2023,0
2023111904_643,2023,0
2023111904_666,2023,0
2023111904_732,2023,0
2023111904_799,2023,0
2023111905_1056,2023,0
2023111905_1220,2023,0
2023111905_1243,2023,0
2023111905_1550,2023,0
2023111905_1695,2023,0
2023111905_1792,2023,0
2023111905_1822,2023,0
2023111905_1845,2023,0
2023111905_1870,2023,0
2023111905_2065,2023,0
2023111905_208,2023,0
2023111905_2168,2023,0
2023111905_2307,2023,0
2023111905_233,2023,0
2023111905_2354,2023,0
2023111905_2450,2023,0
2023111905_2497,2023,0
2023111905_2522,2023,0
2023111905_2615,2023,0
2023111905_2905,2023,0
2023111905_3013,2023,0
2023111905_3038,2023,0
2023111905_3063,2023,0
2023111905_390,2023,0
2023111905_469,2023,0
2023111905_528,2023,0
2023111905_553,2023,0
2023111905_866,2023,0
2023111906_1024,2023,0
2023111906_1180,2023,0
2023111906_1210,2023,0
2023111906_1257,2023,0
2023111906_1398,2023,0
2023111906_143,2023,0
2023111906_1506,2023,0
2023111906_1608,2023,0
2023111906_1633,2023,0
2023111906_1658,2023,0
2023111906_168,2023,0
2023111906_1710,2023,0
2023111906_1971,2023,0
2023111906_2062,2023,0
2023111906_2121,2023,0
2023111906_2187,2023,0
2023111906_2236,2023,0
2023111906_2338,2023,0
2023111906_2390,2023,0
2023111906_2437,2023,0
2023111906_2462,2023,0
2023111906_2507,2023,0
2023111906_2585,2023,0
2023111906_2636,2023,0
2023111906_2659,2023,0
2023111906_2725,2023,0
2023111906_2772,2023,0
2023111906_2860,2023,0
2023111906_2917,2023,0
2023111906_2942,2023,0
2023111906_3001,2023,0
2023111906_3149,2023,0
2023111906_329,2023,0
2023111906_3417,2023,0
2023111906_3469,2023,0
2023111906_3551,2023,0
2023111906_3678,2023,0
2023111906_3752,2023,0
2023111906_3815,2023,0
2023111906_3860,2023,0
2023111906_4111,2023,0
2023111906_4171,2023,0
2023111906_4196,2023,0
2023111906_4221,2023,0
2023111906_4246,2023,0
2023111906_4269,2023,0
2023111906_4306,2023,0
2023111906_4329,2023,0
2023111906_487,2023,0
2023111906_557,2023,0
2023111906_587,2023,0
2023111906_612,2023,0
2023111906_733,2023,0
2023111906_838,2023,0
2023111906_863,2023,0
2023111906_886,2023,0
2023111906_950,2023,0
2023111907_102,2023,0
2023111907_1161,2023,0
2023111907_1209,2023,0
2023111907_1360,2023,0
2023111907_1485,2023,0
2023111907_1673,2023,0
2023111907_1747,2023,0
2023111907_1794,2023,0
2023111907_1854,2023,0
2023111907_2137,2023,0
2023111907_2182,2023,0
2023111907_2356,2023,0
2023111907_2565,2023,0
2023111907_2612,2023,0
2023111907_2789,2023,0
2023111907_2943,2023,0
2023111907_307,2023,0
2023111907_3082,2023,0
2023111907_3221,2023,0
2023111907_3526,2023,0
2023111907_3551,2023,0
2023111907_3641,2023,0
2023111907_3671,2023,0
2023111907_3719,2023,0
2023111907_3837,2023,0
2023111907_4053,2023,0
2023111907_4108,2023,0
2023111907_4192,2023,0
2023111907_472,2023,0
2023111907_533,2023,0
2023111907_556,2023,0
2023111907_652,2023,0
2023111907_746,2023,0
2023111907_793,2023,0
2023111907_979,2023,0
2023111908_1187,2023,0
2023111908_1254,2023,0
2023111908_131,2023,0
2023111908_1322,2023,0
2023111908_1369,2023,0
2023111908_1519,2023,0
2023111908_1726,2023,0
2023111908_1795,2023,0
2023111908_1993,2023,0
2023111908_2016,2023,0
2023111908_207,2023,0
2023111908_2274,2023,0
2023111908_2304,2023,0
2023111908_2359,2023,0
2023111908_2382,2023,0
2023111908_2530,2023,0
2023111908_259,2023,0
2023111908_2727,2023,0
2023111908_2774,2023,0
2023111908_2819,2023,0
2023111908_2992,2023,0
2023111908_308,2023,0
2023111908_3083,2023,0
2023111908_3143,2023,0
2023111908_3190,2023,0
2023111908_3215,2023,0
2023111908_3240,2023,0
2023111908_3265,2023,0
2023111908_3315,2023,0
2023111908_3345,2023,0
2023111908_3416,2023,0
2023111908_3446,2023,0
2023111908_3631,2023,0
2023111908_3766,2023,0
2023111908_3903,2023,0
2023111908_4016,2023,0
2023111908_438,2023,0
2023111908_83,2023,0
2023111909_1008,2023,0
2023111909_1087,2023,0
2023111909_1189,2023,0
2023111909_1214,2023,0
2023111909_1633,2023,0
2023111909_1695,2023,0
2023111909_1956,2023,0
2023111909_2247,2023,0
2023111909_239,2023,0
2023111909_2481,2023,0
2023111909_2697,2023,0
2023111909_282,2023,0
2023111909_2828,2023,0
2023111909_3126,2023,0
2023111909_3216,2023,0
2023111909_3502,2023,0
2023111909_3527,2023,0
2023111909_3602,2023,0
2023111909_3813,2023,0
2023111909_394,2023,0
2023111909_4223,2023,0
2023111909_4248,2023,0
2023111909_4273,2023,0
2023111909_4296,2023,0
2023111909_4321,2023,0
2023111909_4392,2023,0
2023111909_458,2023,0
2023111909_623,2023,0
2023111909_949,2023,0
2023111910_1031,2023,0
2023111910_1054,2023,0
2023111910_1270,2023,0
2023111910_1295,2023,0
2023111910_1418,2023,0
2023111910_1522,2023,0
2023111910_164,2023,0
2023111910_1722,2023,0
2023111910_1806,2023,0
2023111910_1865,2023,0
2023111910_1890,2023,0
2023111910_2019,2023,0
2023111910_2320,2023,0
2023111910_2375,2023,0
2023111910_2431,2023,0
2023111910_2461,2023,0
2023111910_2532,2023,0
2023111910_2607,2023,0
2023111910_2652,2023,0
2023111910_2883,2023,0
2023111910_2906,2023,0
2023111910_3061,2023,0
2023111910_3110,2023,0
2023111910_3177,2023,0
2023111910_321,2023,0
2023111910_3280,2023,0
2023111910_3391,2023,0
2023111910_3453,2023,0
2023111910_3721,2023,0
2023111910_3746,2023,0
2023111910_3793,2023,0
2023111910_3916,2023,0
2023111910_4050,2023,0
2023111910_4155,2023,0
2023111910_444,2023,0
2023111910_469,2023,0
2023111910_521,2023,0
2023111910_741,2023,0
2023111910_942,2023,0
2023111911_100,2023,0
2023111911_1063,2023,0
2023111911_1267,2023,0
2023111911_1314,2023,0
2023111911_1361,2023,0
2023111911_1386,2023,0
2023111911_1670,2023,0
2023111911_1702,2023,0
2023111911_1766,2023,0
2023111911_1833,2023,0
2023111911_2009,2023,0
2023111911_2094,2023,0
2023111911_2168,2023,0
2023111911_2321,2023,0
2023111911_2405,2023,0
2023111911_2457,2023,0
2023111911_2527,2023,0
2023111911_257,2023,0
2023111911_2596,2023,0
2023111911_3107,2023,0
2023111911_3254,2023,0
2023111911_3400,2023,0
2023111911_3489,2023,0
2023111911_3724,2023,0
2023111911_374,2023,0
2023111911_3760,2023,0
2023111911_3785,2023,0
2023111911_3817,2023,0
2023111911_3881,2023,0
2023111911_3973,2023,0
2023111911_3996,2023,0
2023111911_404,2023,0
2023111911_4162,2023,0
2023111911_564,2023,0
2023111911_589,2023,0
2023111911_638,2023,0
2023111911_763,2023,0
2023111911_938,2023,0
2023112000_1128,2023,0
2023112000_1369,2023,0
2023112000_1462,2023,0
2023112000_1727,2023,0
2023112000_1870,2023,0
2023112000_1893,2023,0
2023112000_1951,2023,0
2023112000_2272,2023,0
2023112000_2544,2023,0
2023112000_2574,2023,0
2023112000_2757,2023,0
2023112000_2820,2023,0
2023112000_3075,2023,0
2023112000_3157,2023,0
2023112000_3359,2023,0
2023112000_3384,2023,0
2023112000_3533,2023,0
2023112000_3581,2023,0
2023112000_3695,2023,0
2023112000_3982,2023,0
2023112000_401,2023,0
2023112000_4080,2023,0
2023112000_544,2023,0
2023112000_56,2023,0
2023112000_705,2023,0
2023112000_969,2023,0
2023112300_1236,2023,0
2023112300_1271,2023,0
2023112300_1361,2023,0
2023112300_1439,2023,0
2023112300_1486,2023,0
2023112300_1828,2023,0
2023112300_1853,2023,0
2023112300_2075,2023,0
2023112300_2157,2023,0
2023112300_2212,2023,0
2023112300_2354,2023,0
2023112300_2552,2023,0
2023112300_2599,2023,0
2023112300_2648,2023,0
2023112300_2971,2023,0
2023112300_3058,2023,0
2023112300_3268,2023,0
2023112300_347,2023,0
2023112300_3621,2023,0
2023112300_3743,2023,0
2023112300_3940,2023,0
2023112300_3970,2023,0
2023112300_4010,2023,0
2023112300_4033,2023,0
2023112300_4058,2023,0
2023112300_4083,2023,0
2023112300_4120,2023,0
2023112300_4155,2023,0
2023112300_4242,2023,0
2023112300_4272,2023,0
2023112300_4297,2023,0
2023112300_55,2023,0
2023112300_591,2023,0
2023112300_643,2023,0
2023112300_80,2023,0
2023112300_952,2023,0
2023112301_1134,2023,0
2023112301_1238,2023,0
2023112301_1353,2023,0
2023112301_1400,2023,0
2023112301_1484,2023,0
2023112301_149,2023,0
2023112301_1507,2023,0
2023112301_1730,2023,0
2023112301_1944,2023,0
2023112301_2026,2023,0
2023112301_2109,2023,0
2023112301_2132,2023,0
2023112301_2258,2023,0
2023112301_2332,2023,0
2023112301_2455,2023,0
2023112301_2662,2023,0
2023112301_2711,2023,0
2023112301_2790,2023,0
2023112301_2944,2023,0
2023112301_305,2023,0
2023112301_3142,2023,0
2023112301_3266,2023,0
2023112301_3504,2023,0
2023112301_3534,2023,0
2023112301_3557,2023,0
2023112301_3721,2023,0
2023112301_3778,2023,0
2023112301_3808,2023,0
2023112301_3831,2023,0
2023112301_3879,2023,0
2023112301_439,2023,0
2023112301_493,2023,0
2023112301_543,2023,0
2023112301_644,2023,0
2023112301_879,2023,0
2023112301_930,2023,0
2023112302_1087,2023,0
2023112302_112,2023,0
2023112302_1271,2023,0
2023112302_1333,2023,0
2023112302_1428,2023,0
2023112302_1473,2023,0
2023112302_1853,2023,0
2023112302_1958,2023,0
2023112302_1983,2023,0
2023112302_2013,2023,0
2023112302_208,2023,0
2023112302_2187,2023,0
2023112302_2256,2023,0
2023112302_2279,2023,0
2023112302_2375,2023,0
2023112302_2398,2023,0
2023112302_2488,2023,0
2023112302_2513,2023,0
2023112302_2538,2023,0
2023112302_2625,2023,0
2023112302_3105,2023,0
2023112302_3194,2023,0
2023112302_3302,2023,0
2023112302_3396,2023,0
2023112302_3514,2023,0
2023112302_3585,2023,0
2023112302_3630,2023,0
2023112302_3655,2023,0
2023112302_3707,2023,0
2023112302_3754,2023,0
2023112302_3784,2023,0
2023112302_463,2023,0
2023112302_488,2023,0
2023112302_535,2023,0
2023112302_64,2023,0
2023112302_696,2023,0
2023112302_862,2023,0
2023112302_89,2023,0
2023112302_947,2023,0
2023112400_1085,2023,0
2023112400_1121,2023,0
2023112400_1235,2023,0
2023112400_1289,2023,0
2023112400_1403,2023,0
2023112400_1503,2023,0
2023112400_1660,2023,0
2023112400_1772,2023,0
2023112400_1917,2023,0
2023112400_192,2023,0
2023112400_1977,2023,0
2023112400_2145,2023,0
2023112400_2370,2023,0
2023112400_2489,2023,0
2023112400_277,2023,0
2023112400_2950,2023,0
2023112400_2975,2023,0
2023112400_3078,2023,0
2023112400_3103,2023,0
2023112400_3171,2023,0
2023112400_3196,2023,0
2023112400_3278,2023,0
2023112400_3597,2023,0
2023112400_3622,2023,0
2023112400_3976,2023,0
2023112400_4001,2023,0
2023112400_4031,2023,0
2023112400_4054,2023,0
2023112400_4079,2023,0
2023112400_4104,2023,0
2023112400_4136,2023,0
2023112400_4179,2023,0
2023112400_657,2023,0
2023112400_730,2023,0
2023112400_799,2023,0
2023112400_829,2023,0
2023112400_921,2023,0
2023112400_990,2023,0
2023112600_1142,2023,0
2023112600_1245,2023,0
2023112600_152,2023,0
2023112600_1526,2023,0
2023112600_1645,2023,0
2023112600_1694,2023,0
2023112600_1902,2023,0
2023112600_2005,2023,0
2023112600_206,2023,0
2023112600_2205,2023,0
2023112600_2323,2023,0
2023112600_2860,2023,0
2023112600_3005,2023,0
2023112600_3292,2023,0
2023112600_4004,2023,0
2023112600_614,2023,0
2023112600_728,2023,0
2023112600_873,2023,0
2023112601_1005,2023,0
2023112601_1030,2023,0
2023112601_1149,2023,0
2023112601_1218,2023,0
2023112601_1288,2023,0
2023112601_1364,2023,0
2023112601_1440,2023,0
2023112601_1530,2023,0
2023112601_1566,2023,0
2023112601_1596,2023,0
2023112601_1631,2023,0
2023112601_1679,2023,0
2023112601_1709,2023,0
2023112601_1734,2023,0
2023112601_1833,2023,0
2023112601_2093,2023,0
2023112601_2170,2023,0
2023112601_2200,2023,0
2023112601_2286,2023,0
2023112601_2378,2023,0
2023112601_2403,2023,0
2023112601_2628,2023,0
2023112601_2883,2023,0
2023112601_2999,2023,0
2023112601_3103,2023,0
2023112601_3169,2023,0
2023112601_3194,2023,0
2023112601_3326,2023,0
2023112601_3402,2023,0
2023112601_3510,2023,0
2023112601_3533,2023,0
2023112601_3558,2023,0
2023112601_413,2023,0
2023112601_55,2023,0
2023112601_690,2023,0
2023112601_904,2023,0
2023112602_1011,2023,0
2023112602_1256,2023,0
2023112602_1350,2023,0
2023112602_1433,2023,0
2023112602_1502,2023,0
2023112602_1666,2023,0
2023112602_1728,2023,0
2023112602_1753,2023,0
2023112602_1805,2023,0
2023112602_1830,2023,0
2023112602_1958,2023,0
2023112602_2166,2023,0
2023112602_2189,2023,0
2023112602_226,2023,0
2023112602_2269,2023,0
2023112602_2343,2023,0
2023112602_2375,2023,0
2023112602_2608,2023,0
2023112602_2848,2023,0
2023112602_2895,2023,0
2023112602_295,2023,0
2023112602_2987,2023,0
2023112602_3071,2023,0
2023112602_3116,2023,0
2023112602_3196,2023,0
2023112602_3221,2023,0
2023112602_3249,2023,0
2023112602_3561,2023,0
2023112602_3605,2023,0
2023112602_3635,2023,0
2023112602_3660,2023,0
2023112602_3685,2023,0
2023112602_3710,2023,0
2023112602_3762,2023,0
2023112602_3831,2023,0
2023112602_3967,2023,0
2023112602_3992,2023,0
2023112602_4037,2023,0
2023112602_4069,2023,0
2023112602_4114,2023,0
2023112602_412,2023,0
2023112602_4146,2023,0
2023112602_548,2023,0
2023112602_55,2023,0
2023112602_596,2023,0
2023112602_80,2023,0
2023112603_1209,2023,0
2023112603_1304,2023,0
2023112603_1521,2023,0
2023112603_1566,2023,0
2023112603_1667,2023,0
2023112603_174,2023,0
2023112603_1767,2023,0
2023112603_1809,2023,0
2023112603_1832,2023,0
2023112603_2058,2023,0
2023112603_2143,2023,0
2023112603_2168,2023,0
2023112603_219,2023,0
2023112603_2214,2023,0
2023112603_2357,2023,0
2023112603_2382,2023,0
2023112603_2421,2023,0
2023112603_2561,2023,0
2023112603_2628,2023,0
2023112603_2717,2023,0
2023112603_2740,2023,0
2023112603_2960,2023,0
2023112603_3164,2023,0
2023112603_3222,2023,0
2023112603_3426,2023,0
2023112603_3456,2023,0
2023112603_3668,2023,0
2023112603_3725,2023,0
2023112603_3750,2023,0
2023112603_4004,2023,0
2023112603_444,2023,0
2023112603_523,2023,0
2023112603_548,2023,0
2023112603_607,2023,0
2023112603_632,2023,0
2023112603_80,2023,0
2023112603_813,2023,0
2023112603_876,2023,0
2023112603_937,2023,0
2023112604_1024,2023,0
2023112604_111,2023,0
2023112604_1355,2023,0
2023112604_1563,2023,0
2023112604_1588,2023,0
2023112604_1765,2023,0
2023112604_1990,2023,0
2023112604_2065,2023,0
2023112604_2359,2023,0
2023112604_2581,2023,0
2023112604_2658,2023,0
2023112604_2799,2023,0
2023112604_2983,2023,0
2023112604_3023,2023,0
2023112604_3159,2023,0
2023112604_319,2023,0
2023112604_3213,2023,0
2023112604_3574,2023,0
2023112604_3752,2023,0
2023112604_392,2023,0
2023112604_534,2023,0
2023112604_559,2023,0
2023112604_611,2023,0
2023112604_756,2023,0
2023112604_874,2023,0
2023112604_950,2023,0
2023112605_1040,2023,0
2023112605_1150,2023,0
2023112605_1303,2023,0
2023112605_1455,2023,0
2023112605_1666,2023,0
2023112605_1691,2023,0
2023112605_173,2023,0
2023112605_1995,2023,0
2023112605_2018,2023,0
2023112605_2258,2023,0
2023112605_2400,2023,0
2023112605_2591,2023,0
2023112605_2665,2023,0
2023112605_2719,2023,0
2023112605_2796,2023,0
2023112605_2828,2023,0
2023112605_2967,2023,0
2023112605_3029,2023,0
2023112605_3074,2023,0
2023112605_3296,2023,0
2023112605_3355,2023,0
2023112605_342,2023,0
2023112605_3531,2023,0
2023112605_3594,2023,0
2023112605_3760,2023,0
2023112605_3979,2023,0
2023112605_4029,2023,0
2023112605_438,2023,0
2023112605_485,2023,0
2023112605_532,2023,0
2023112605_562,2023,0
2023112605_587,2023,0
2023112605_62,2023,0
2023112605_634,2023,0
2023112605_87,2023,0
2023112605_878,2023,0
2023112606_100,2023,0
2023112606_1097,2023,0
2023112606_1174,2023,0
2023112606_1290,2023,0
2023112606_1658,2023,0
2023112606_1735,2023,0
2023112606_1765,2023,0
2023112606_1891,2023,0
2023112606_1916,2023,0
2023112606_1946,2023,0
2023112606_2016,2023,0
2023112606_2046,2023,0
2023112606_217,2023,0
2023112606_2475,2023,0
2023112606_2510,2023,0
2023112606_2559,2023,0
2023112606_2799,2023,0
2023112606_2829,2023,0
2023112606_2854,2023,0
2023112606_2938,2023,0
2023112606_2982,2023,0
2023112606_3012,2023,0
2023112606_3086,2023,0
2023112606_3155,2023,0
2023112606_333,2023,0
2023112606_3379,2023,0
2023112606_3404,2023,0
2023112606_3644,2023,0
2023112606_3775,2023,0
2023112606_380,2023,0
2023112606_3835,2023,0
2023112606_3860,2023,0
2023112606_4085,2023,0
2023112606_4155,2023,0
2023112606_4230,2023,0
2023112606_4255,2023,0
2023112606_4280,2023,0
2023112606_4330,2023,0
2023112606_435,2023,0
2023112606_4355,2023,0
2023112606_460,2023,0
2023112606_485,2023,0
2023112606_55,2023,0
2023112606_715,2023,0
2023112606_767,2023,0
2023112606_797,2023,0
2023112606_822,2023,0
2023112606_942,2023,0
2023112607_107,2023,0
2023112607_1084,2023,0
2023112607_1129,2023,0
2023112607_1344,2023,0
2023112607_1529,2023,0
2023112607_1641,2023,0
2023112607_1707,2023,0
2023112607_1891,2023,0
2023112607_1984,2023,0
2023112607_2101,2023,0
2023112607_2131,2023,0
2023112607_2328,2023,0
2023112607_2544,2023,0
2023112607_2596,2023,0
2023112607_2878,2023,0
2023112607_3104,2023,0
2023112607_3127,2023,0
2023112607_3689,2023,0
2023112607_3762,2023,0
2023112607_3810,2023,0
2023112607_4060,2023,0
2023112607_4169,2023,0
2023112607_4204,2023,0
2023112607_4287,2023,0
2023112607_4312,2023,0
2023112607_4447,2023,0
2023112607_4470,2023,0
2023112607_686,2023,0
2023112607_82,2023,0
2023112607_866,2023,0
2023112608_1054,2023,0
2023112608_1123,2023,0
2023112608_1404,2023,0
2023112608_1500,2023,0
2023112608_1616,2023,0
2023112608_173,2023,0
2023112608_1774,2023,0
2023112608_1877,2023,0
2023112608_1902,2023,0
2023112608_1996,2023,0
2023112608_2021,2023,0
2023112608_2306,2023,0
2023112608_2407,2023,0
2023112608_245,2023,0
2023112608_2525,2023,0
2023112608_2700,2023,0
2023112608_3033,2023,0
2023112608_3101,2023,0
2023112608_3124,2023,0
2023112608_3147,2023,0
2023112608_332,2023,0
2023112608_3421,2023,0
2023112608_3446,2023,0
2023112608_3476,2023,0
2023112608_463,2023,0
2023112608_510,2023,0
2023112608_637,2023,0
2023112608_731,2023,0
2023112608_777,2023,0
2023112609_1007,2023,0
2023112609_1032,2023,0
2023112609_1082,2023,0
2023112609_1155,2023,0
2023112609_1348,2023,0
2023112609_1436,2023,0
2023112609_1461,2023,0
2023112609_1599,2023,0
2023112609_1742,2023,0
2023112609_1774,2023,0
2023112609_1829,2023,0
2023112609_1946,2023,0
2023112609_2002,2023,0
2023112609_2030,2023,0
2023112609_2127,2023,0
2023112609_2239,2023,0
2023112609_2283,2023,0
2023112609_2377,2023,0
2023112609_2465,2023,0
2023112609_2513,2023,0
2023112609_2649,2023,0
2023112609_2743,2023,0
2023112609_2845,2023,0
2023112609_301,2023,0
2023112609_3406,2023,0
2023112609_3545,2023,0
2023112609_3631,2023,0
2023112609_3798,2023,0
2023112609_3845,2023,0
2023112609_3968,2023,0
2023112609_4142,2023,0
2023112609_420,2023,0
2023112609_4311,2023,0
2023112609_4366,2023,0
2023112609_4391,2023,0
2023112609_4421,2023,0
2023112609_4586,2023,0
2023112609_4880,2023,0
2023112609_5135,2023,0
2023112609_5160,2023,0
2023112609_5183,2023,0
2023112609_5235,2023,0
2023112609_5258,2023,0
2023112609_580,2023,0
2023112609_687,2023,0
2023112610_124,2023,0
2023112610_1343,2023,0
2023112610_1390,2023,0
2023112610_1415,2023,0
2023112610_1587,2023,0
2023112610_1805,2023,0
2023112610_1830,2023,0
2023112610_1855,2023,0
2023112610_1896,2023,0
2023112610_1919,2023,0
2023112610_1979,2023,0
2023112610_203,2023,0
2023112610_2218,2023,0
2023112610_2354,2023,0
2023112610_2568,2023,0
2023112610_2616,2023,0
2023112610_2659,2023,0
2023112610_2691,2023,0
2023112610_2741,2023,0
2023112610_2865,2023,0
2023112610_2922,2023,0
2023112610_3009,2023,0
2023112610_3032,2023,0
2023112610_3157,2023,0
2023112610_3237,2023,0
2023112610_3349,2023,0
2023112610_3398,2023,0
2023112610_3487,2023,0
2023112610_3621,2023,0
2023112610_3724,2023,0
2023112610_3749,2023,0
2023112610_3893,2023,0
2023112610_3946,2023,0
2023112610_4148,2023,0
2023112610_4178,2023,0
2023112610_4221,2023,0
2023112610_439,2023,0
2023112610_486,2023,0
2023112610_710,2023,0
2023112610_843,2023,0
2023112610_888,2023,0
2023112610_918,2023,0
2023112610_965,2023,0
2023112610_99,2023,0
2023112700_1011,2023,0
2023112700_110,2023,0
2023112700_1156,2023,0
2023112700_1215,2023,0
2023112700_1365,2023,0
2023112700_1419,2023,0
2023112700_1493,2023,0
2023112700_1705,2023,0
2023112700_1730,2023,0
2023112700_1990,2023,0
2023112700_2015,2023,0
2023112700_204,2023,0
2023112700_2045,2023,0
2023112700_2466,2023,0
2023112700_2491,2023,0
2023112700_2541,2023,0
2023112700_2666,2023,0
2023112700_2854,2023,0
2023112700_2950,2023,0
2023112700_3183,2023,0
2023112700_3338,2023,0
2023112700_3439,2023,0
2023112700_3675,2023,0
2023112700_3809,2023,0
2023112700_397,2023,0
2023112700_608,2023,0
2023112700_890,2023,0
2023112700_986,2023,0
2023113000_1044,2023,0
2023113000_1108,2023,0
2023113000_112,2023,0
2023113000_1244,2023,0
2023113000_1368,2023,0
2023113000_1391,2023,0
2023113000_1455,2023,0
2023113000_159,2023,0
2023113000_1760,2023,0
2023113000_1832,2023,0
2023113000_1970,2023,0
2023113000_1995,2023,0
2023113000_2222,2023,0
2023113000_2343,2023,0
2023113000_263,2023,0
2023113000_2740,2023,0
2023113000_286,2023,0
2023113000_2873,2023,0
2023113000_3117,2023,0
2023113000_3236,2023,0
2023113000_3431,2023,0
2023113000_3616,2023,0
2023113000_3644,2023,0
2023113000_3974,2023,0
2023113000_4021,2023,0
2023113000_4208,2023,0
2023113000_4326,2023,0
2023113000_4408,2023,0
2023113000_4523,2023,0
2023113000_4585,2023,0
2023113000_4812,2023,0
2023113000_4885,2023,0
2023113000_4915,2023,0
2023113000_4940,2023,0
2023113000_501,2023,0
2023113000_607,2023,0
2023113000_693,2023,0
2023113000_757,2023,0
2023120300_1028,2023,0
2023120300_1178,2023,0
2023120300_1247,2023,0
2023120300_151,2023,0
2023120300_1533,2023,0
2023120300_1558,2023,0
2023120300_1658,2023,0
2023120300_1838,2023,0
2023120300_1896,2023,0
2023120300_1926,2023,0
2023120300_2086,2023,0
2023120300_2302,2023,0
2023120300_2510,2023,0
2023120300_2535,2023,0
2023120300_2560,2023,0
2023120300_2705,2023,0
2023120300_2728,2023,0
2023120300_276,2023,0
2023120300_2794,2023,0
2023120300_2859,2023,0
2023120300_2885,2023,0
2023120300_2959,2023,0
2023120300_3023,2023,0
2023120300_3070,2023,0
2023120300_3139,2023,0
2023120300_3204,2023,0
2023120300_3284,2023,0
2023120300_3380,2023,0
2023120300_3660,2023,0
2023120300_369,2023,0
2023120300_3695,2023,0
2023120300_3718,2023,0
2023120300_728,2023,0
2023120300_751,2023,0
2023120300_794,2023,0
2023120300_895,2023,0
2023120300_977,2023,0
2023120301_1001,2023,0
2023120301_1326,2023,0
2023120301_1373,2023,0
2023120301_1431,2023,0
2023120301_1502,2023,0
2023120301_1790,2023,0
2023120301_1938,2023,0
2023120301_2032,2023,0
2023120301_2146,2023,0
2023120301_2169,2023,0
2023120301_2298,2023,0
2023120301_2345,2023,0
2023120301_2420,2023,0
2023120301_2467,2023,0
2023120301_2673,2023,0
2023120301_2724,2023,0
2023120301_2756,2023,0
2023120301_3058,2023,0
2023120301_325,2023,0
2023120301_3360,2023,0
2023120301_3497,2023,0
2023120301_3601,2023,0
2023120301_3753,2023,0
2023120301_3783,2023,0
2023120301_3843,2023,0
2023120301_3965,2023,0
2023120301_408,2023,0
2023120301_494,2023,0
2023120301_607,2023,0
2023120301_632,2023,0
2023120301_806,2023,0
2023120301_838,2023,0
2023120301_923,2023,0
2023120302_104,2023,0
2023120302_1246,2023,0
2023120302_1391,2023,0
2023120302_1476,2023,0
2023120302_1545,2023,0
2023120302_174,2023,0
2023120302_1768,2023,0
2023120302_1978,2023,0
2023120302_2085,2023,0
2023120302_2144,2023,0
2023120302_2175,2023,0
2023120302_2344,2023,0
2023120302_2401,2023,0
2023120302_2554,2023,0
2023120302_2746,2023,0
2023120302_283,2023,0
2023120302_2923,2023,0
2023120302_3005,2023,0
2023120302_3121,2023,0
2023120302_3251,2023,0
2023120302_3463,2023,0
2023120302_3545,2023,0
2023120302_3588,2023,0
2023120302_3669,2023,0
2023120302_3715,2023,0
2023120302_3813,2023,0
2023120302_395,2023,0
2023120302_3977,2023,0
2023120302_4135,2023,0
2023120302_418,2023,0
2023120302_4472,2023,0
2023120302_4502,2023,0
2023120302_4525,2023,0
2023120302_512,2023,0
2023120302_625,2023,0
2023120303_1197,2023,0
2023120303_122,2023,0
2023120303_1378,2023,0
2023120303_1472,2023,0
2023120303_1646,2023,0
2023120303_176,2023,0
2023120303_2332,2023,0
2023120303_2362,2023,0
2023120303_2471,2023,0
2023120303_2803,2023,0
2023120303_2850,2023,0
2023120303_2971,2023,0
2023120303_2994,2023,0
2023120303_3038,2023,0
2023120303_3494,2023,0
2023120303_3627,2023,0
2023120303_3652,2023,0
2023120303_3699,2023,0
2023120303_3747,2023,0
2023120303_3826,2023,0
2023120303_484,2023,0
2023120303_651,2023,0
2023120303_681,2023,0
2023120303_75,2023,0
2023120303_771,2023,0
2023120303_801,2023,0
2023120304_1371,2023,0
2023120304_1700,2023,0
2023120304_1850,2023,0
2023120304_1880,2023,0
2023120304_1905,2023,0
2023120304_2004,2023,0
2023120304_2078,2023,0
2023120304_2131,2023,0
2023120304_2208,2023,0
2023120304_2334,2023,0
2023120304_2501,2023,0
2023120304_254,2023,0
2023120304_2588,2023,0
2023120304_2618,2023,0
2023120304_2718,2023,0
2023120304_2788,2023,0
2023120304_2894,2023,0
2023120304_3059,2023,0
2023120304_3166,2023,0
2023120304_3293,2023,0
2023120304_3367,2023,0
2023120304_3442,2023,0
2023120304_354,2023,0
2023120304_3694,2023,0
2023120304_3719,2023,0
2023120304_3960,2023,0
2023120304_4035,2023,0
2023120304_443,2023,0
2023120304_538,2023,0
2023120304_77,2023,0
2023120304_790,2023,0
2023120304_820,2023,0
2023120304_951,2023,0
2023120305_1067,2023,0
2023120305_1112,2023,0
2023120305_114,2023,0
2023120305_1243,2023,0
2023120305_1292,2023,0
2023120305_1445,2023,0
2023120305_1543,2023,0
2023120305_1645,2023,0
2023120305_1884,2023,0
2023120305_1960,2023,0
2023120305_1985,2023,0
2023120305_2032,2023,0
2023120305_2107,2023,0
2023120305_2363,2023,0
2023120305_2416,2023,0
2023120305_2601,2023,0
2023120305_2648,2023,0
2023120305_2693,2023,0
2023120305_273,2023,0
2023120305_2891,2023,0
2023120305_3117,2023,0
2023120305_3169,2023,0
2023120305_3282,2023,0
2023120305_3339,2023,0
2023120305_3481,2023,0
2023120305_3709,2023,0
2023120305_3776,2023,0
2023120305_3809,2023,0
2023120305_388,2023,0
2023120305_4166,2023,0
2023120305_4189,2023,0
2023120305_4340,2023,0
2023120305_4370,2023,0
2023120305_4440,2023,0
2023120305_4928,2023,0
2023120305_5057,2023,0
2023120305_5135,2023,0
2023120305_568,2023,0
2023120305_723,2023,0
2023120305_84,2023,0
2023120305_988,2023,0
2023120306_1428,2023,0
2023120306_1480,2023,0
2023120306_1620,2023,0
2023120306_1838,2023,0
2023120306_192,2023,0
2023120306_1948,2023,0
2023120306_1980,2023,0
2023120306_2224,2023,0
2023120306_2249,2023,0
2023120306_2296,2023,0
2023120306_2346,2023,0
2023120306_2465,2023,0
2023120306_2534,2023,0
2023120306_2609,2023,0
2023120306_2753,2023,0
2023120306_2776,2023,0
2023120306_2825,2023,0
2023120306_3051,2023,0
2023120306_3120,2023,0
2023120306_329,2023,0
2023120306_603,2023,0
2023120306_672,2023,0
2023120306_77,2023,0
2023120306_852,2023,0
2023120307_1045,2023,0
2023120307_1208,2023,0
2023120307_1324,2023,0
2023120307_146,2023,0
2023120307_1671,2023,0
2023120307_169,2023,0
2023120307_1694,2023,0
2023120307_1741,2023,0
2023120307_1795,2023,0
2023120307_1975,2023,0
2023120307_233,2023,0
2023120307_2443,2023,0
2023120307_2468,2023,0
2023120307_2520,2023,0
2023120307_2579,2023,0
2023120307_2703,2023,0
2023120307_2773,2023,0
2023120307_2992,2023,0
2023120307_3206,2023,0
2023120307_3329,2023,0
2023120307_3411,2023,0
2023120307_3463,2023,0
2023120307_3546,2023,0
2023120307_3660,2023,0
2023120307_3790,2023,0
2023120307_3873,2023,0
2023120307_3898,2023,0
2023120307_3987,2023,0
2023120307_4040,2023,0
2023120307_495,2023,0
2023120307_559,2023,0
2023120307_808,2023,0
2023120307_964,2023,0
2023120308_1178,2023,0
2023120308_1230,2023,0
2023120308_1326,2023,0
2023120308_1410,2023,0
2023120308_1442,2023,0
2023120308_146,2023,0
2023120308_1607,2023,0
2023120308_1676,2023,0
2023120308_169,2023,0
2023120308_1711,2023,0
2023120308_1866,2023,0
2023120308_194,2023,0
2023120308_2069,2023,0
2023120308_2150,2023,0
2023120308_2182,2023,0
2023120308_2207,2023,0
2023120308_2230,2023,0
2023120308_2260,2023,0
2023120308_2290,2023,0
2023120308_241,2023,0
2023120308_2564,2023,0
2023120308_2594,2023,0
2023120308_2635,2023,0
2023120308_2692,2023,0
2023120308_2717,2023,0
2023120308_2771,2023,0
2023120308_2859,2023,0
2023120308_2884,2023,0
2023120308_2997,2023,0
2023120308_3144,2023,0
2023120308_3271,2023,0
2023120308_3333,2023,0
2023120308_3449,2023,0
2023120308_3472,2023,0
2023120308_3562,2023,0
2023120308_363,2023,0
2023120308_3668,2023,0
2023120308_3693,2023,0
2023120308_3768,2023,0
2023120308_3923,2023,0
2023120308_453,2023,0
2023120308_4564,2023,0
2023120308_55,2023,0
2023120308_600,2023,0
2023120308_649,2023,0
2023120308_686,2023,0
2023120308_750,2023,0
2023120308_775,2023,0
2023120308_798,2023,0
2023120308_823,2023,0
2023120309_1122,2023,0
2023120309_1147,2023,0
2023120309_1172,2023,0
2023120309_1224,2023,0
2023120309_1330,2023,0
2023120309_147,2023,0
2023120309_1524,2023,0
2023120309_1549,2023,0
2023120309_1678,2023,0
2023120309_1759,2023,0
2023120309_1784,2023,0
2023120309_2068,2023,0
2023120309_2116,2023,0
2023120309_2317,2023,0
2023120309_2395,2023,0
2023120309_2425,2023,0
2023120309_2736,2023,0
2023120309_2853,2023,0
2023120309_2965,2023,0
2023120309_3272,2023,0
2023120309_3331,2023,0
2023120309_3427,2023,0
2023120309_3452,2023,0
2023120309_3477,2023,0
2023120309_3507,2023,0
2023120309_3832,2023,0
2023120309_3867,2023,0
2023120309_3892,2023,0
2023120309_3963,2023,0
2023120309_3993,2023,0
2023120309_4042,2023,0
2023120309_4090,2023,0
2023120309_55,2023,0
2023120309_560,2023,0
2023120309_667,2023,0
2023120309_697,2023,0
2023120309_742,2023,0
2023120309_853,2023,0
2023120310_1000,2023,0
2023120310_102,2023,0
2023120310_1079,2023,0
2023120310_1104,2023,0
2023120310_1151,2023,0
2023120310_1477,2023,0
2023120310_1777,2023,0
2023120310_1938,2023,0
2023120310_2144,2023,0
2023120310_2206,2023,0
2023120310_221,2023,0
2023120310_2231,2023,0
2023120310_2256,2023,0
2023120310_2434,2023,0
2023120310_2888,2023,0
2023120310_2911,2023,0
2023120310_3005,2023,0
2023120310_3133,2023,0
2023120310_3185,2023,0
2023120310_3230,2023,0
2023120310_3253,2023,0
2023120310_3542,2023,0
2023120310_3798,2023,0
2023120310_3871,2023,0
2023120310_3999,2023,0
2023120310_4024,2023,0
2023120310_4054,2023,0
2023120310_490,2023,0
2023120310_515,2023,0
2023120310_562,2023,0
2023120310_648,2023,0
2023120310_816,2023,0
2023120310_868,2023,0
2023120400_1060,2023,0
2023120400_107,2023,0
2023120400_1167,2023,0
2023120400_1284,2023,0
2023120400_132,2023,0
2023120400_1378,2023,0
2023120400_1472,2023,0
2023120400_1606,2023,0
2023120400_1728,2023,0
2023120400_1803,2023,0
2023120400_1968,2023,0
2023120400_2064,2023,0
2023120400_2160,2023,0
2023120400_2257,2023,0
2023120400_2380,2023,0
2023120400_2409,2023,0
2023120400_2457,2023,0
2023120400_2589,2023,0
2023120400_260,2023,0
2023120400_3063,2023,0
2023120400_3137,2023,0
2023120400_3162,2023,0
2023120400_3185,2023,0
2023120400_3293,2023,0
2023120400_3375,2023,0
2023120400_3453,2023,0
2023120400_3529,2023,0
2023120400_3821,2023,0
2023120400_3851,2023,0
2023120400_3876,2023,0
2023120400_3931,2023,0
2023120400_4087,2023,0
2023120400_4119,2023,0
2023120400_4214,2023,0
2023120400_4462,2023,0
2023120400_4548,2023,0
2023120400_502,2023,0
2023120400_574,2023,0
2023120400_679,2023,0
2023120400_864,2023,0
2023120400_914,2023,0
2023120400_942,2023,0
2023120700_1180,2023,0
2023120700_1277,2023,0
2023120700_1312,2023,0
2023120700_1483,2023,0
2023120700_1508,2023,0
2023120700_1533,2023,0
2023120700_1637,2023,0
2023120700_1893,2023,0
2023120700_1930,2023,0
2023120700_2217,2023,0
2023120700_2264,2023,0
2023120700_236,2023,0
2023120700_2432,2023,0
2023120700_2569,2023,0
2023120700_2655,2023,0
2023120700_2820,2023,0
2023120700_2934,2023,0
2023120700_2959,2023,0
2023120700_3076,2023,0
2023120700_3231,2023,0
2023120700_3370,2023,0
2023120700_3479,2023,0
2023120700_3529,2023,0
2023120700_3693,2023,0
2023120700_3716,2023,0
2023120700_3741,2023,0
2023120700_3764,2023,0
2023120700_794,2023,0
2023120700_82,2023,0
2023120700_865,2023,0
2023120700_943,2023,0
2023121000_1083,2023,0
2023121000_1176,2023,0
2023121000_1322,2023,0
2023121000_1724,2023,0
2023121000_1813,2023,0
2023121000_1838,2023,0
2023121000_1875,2023,0
2023121000_196,2023,0
2023121000_2132,2023,0
2023121000_2193,2023,0
2023121000_2324,2023,0
2023121000_2347,2023,0
2023121000_2582,2023,0
2023121000_2746,2023,0
2023121000_2793,2023,0
2023121000_2895,2023,0
2023121000_2920,2023,0
2023121000_3022,2023,0
2023121000_3045,2023,0
2023121000_3379,2023,0
2023121000_3578,2023,0
2023121000_3630,2023,0
2023121000_3769,2023,0
2023121000_4119,2023,0
2023121000_4142,2023,0
2023121000_4291,2023,0
2023121000_707,2023,0
2023121000_972,2023,0
2023121001_1032,2023,0
2023121001_114,2023,0
2023121001_1251,2023,0
2023121001_1279,2023,0
2023121001_1304,2023,0
2023121001_1563,2023,0
2023121001_1758,2023,0
2023121001_1870,2023,0
2023121001_1895,2023,0
2023121001_2020,2023,0
2023121001_2073,2023,0
2023121001_2125,2023,0
2023121001_2160,2023,0
2023121001_2185,2023,0
2023121001_2213,2023,0
2023121001_2293,2023,0
2023121001_2419,2023,0
2023121001_2447,2023,0
2023121001_2881,2023,0
2023121001_3075,2023,0
2023121001_3314,2023,0
2023121001_3359,2023,0
2023121001_3382,2023,0
2023121001_3433,2023,0
2023121001_3568,2023,0
2023121001_3613,2023,0
2023121001_3713,2023,0
2023121001_3820,2023,0
2023121001_3845,2023,0
2023121001_4058,2023,0
2023121001_4081,2023,0
2023121001_4145,2023,0
2023121001_4170,2023,0
2023121001_4266,2023,0
2023121001_4296,2023,0
2023121001_4388,2023,0
2023121001_4466,2023,0
2023121001_4496,2023,0
2023121001_4521,2023,0
2023121001_4750,2023,0
2023121001_4859,2023,0
2023121001_4906,2023,0
2023121001_547,2023,0
2023121001_570,2023,0
2023121001_595,2023,0
2023121001_690,2023,0
2023121001_745,2023,0
2023121001_84,2023,0
2023121002_1009,2023,0
2023121002_1063,2023,0
2023121002_131,2023,0
2023121002_1328,2023,0
2023121002_1592,2023,0
2023121002_1617,2023,0
2023121002_1798,2023,0
2023121002_1823,2023,0
2023121002_1896,2023,0
2023121002_1985,2023,0
2023121002_2190,2023,0
2023121002_2213,2023,0
2023121002_2307,2023,0
2023121002_2467,2023,0
2023121002_2513,2023,0
2023121002_2607,2023,0
2023121002_2632,2023,0
2023121002_2757,2023,0
2023121002_2840,2023,0
2023121002_2888,2023,0
2023121002_3197,2023,0
2023121002_3348,2023,0
2023121002_3378,2023,0
2023121002_3403,2023,0
2023121002_3474,2023,0
2023121002_3544,2023,0
2023121002_3635,2023,0
2023121002_369,2023,0
2023121002_3752,2023,0
2023121002_3800,2023,0
2023121002_3853,2023,0
2023121002_3896,2023,0
2023121002_3948,2023,0
2023121002_4052,2023,0
2023121002_4104,2023,0
2023121002_428,2023,0
2023121002_658,2023,0
2023121002_84,2023,0
2023121002_938,2023,0
2023121003_1000,2023,0
2023121003_101,2023,0
2023121003_1299,2023,0
2023121003_1322,2023,0
2023121003_1358,2023,0
2023121003_1383,2023,0
2023121003_1453,2023,0
2023121003_172,2023,0
2023121003_1759,2023,0
2023121003_1823,2023,0
2023121003_1880,2023,0
2023121003_2134,2023,0
2023121003_2159,2023,0
2023121003_2233,2023,0
2023121003_2322,2023,0
2023121003_2493,2023,0
2023121003_2518,2023,0
2023121003_2565,2023,0
2023121003_2645,2023,0
2023121003_271,2023,0
2023121003_2821,2023,0
2023121003_2969,2023,0
2023121003_3024,2023,0
2023121003_318,2023,0
2023121003_3241,2023,0
2023121003_3266,2023,0
2023121003_3291,2023,0
2023121003_3316,2023,0
2023121003_3375,2023,0
2023121003_3589,2023,0
2023121003_3614,2023,0
2023121003_3639,2023,0
2023121003_3703,2023,0
2023121003_3728,2023,0
2023121003_386,2023,0
2023121003_440,2023,0
2023121003_529,2023,0
2023121003_621,2023,0
2023121003_76,2023,0
2023121003_782,2023,0
2023121003_899,2023,0
2023121003_954,2023,0
2023121004_1029,2023,0
2023121004_103,2023,0
2023121004_1083,2023,0
2023121004_1153,2023,0
2023121004_1196,2023,0
2023121004_1364,2023,0
2023121004_1391,2023,0
2023121004_1570,2023,0
2023121004_1680,2023,0
2023121004_1759,2023,0
2023121004_1845,2023,0
2023121004_1917,2023,0
2023121004_2046,2023,0
2023121004_2169,2023,0
2023121004_2194,2023,0
2023121004_2283,2023,0
2023121004_2313,2023,0
2023121004_2434,2023,0
2023121004_2522,2023,0
2023121004_2588,2023,0
2023121004_2611,2023,0
2023121004_2669,2023,0
2023121004_2694,2023,0
2023121004_277,2023,0
2023121004_2859,2023,0
2023121004_2906,2023,0
2023121004_2969,2023,0
2023121004_3042,2023,0
2023121004_3201,2023,0
2023121004_3312,2023,0
2023121004_3384,2023,0
2023121004_357,2023,0
2023121004_3572,2023,0
2023121004_3597,2023,0
2023121004_3627,2023,0
2023121004_3652,2023,0
2023121004_3703,2023,0
2023121004_3796,2023,0
2023121004_3848,2023,0
2023121004_3982,2023,0
2023121004_4068,2023,0
2023121004_4140,2023,0
2023121004_4163,2023,0
2023121004_4298,2023,0
2023121004_4401,2023,0
2023121004_4483,2023,0
2023121004_4556,2023,0
2023121004_4601,2023,0
2023121004_4672,2023,0
2023121004_4711,2023,0
2023121004_4841,2023,0
2023121004_4929,2023,0
2023121004_4962,2023,0
2023121004_4994,2023,0
2023121004_5019,2023,0
2023121004_788,2023,0
2023121005_1208,2023,0
2023121005_1274,2023,0
2023121005_1345,2023,0
2023121005_1749,2023,0
2023121005_1830,2023,0
2023121005_190,2023,0
2023121005_1922,2023,0
2023121005_2022,2023,0
2023121005_2045,2023,0
2023121005_215,2023,0
2023121005_2238,2023,0
2023121005_2263,2023,0
2023121005_2288,2023,0
2023121005_2473,2023,0
2023121005_262,2023,0
2023121005_2836,2023,0
2023121005_2975,2023,0
2023121005_3183,2023,0
2023121005_3300,2023,0
2023121005_3377,2023,0
2023121005_3402,2023,0
2023121005_3468,2023,0
2023121005_3537,2023,0
2023121005_3722,2023,0
2023121005_3823,2023,0
2023121005_3906,2023,0
2023121005_500,2023,0
2023121005_574,2023,0
2023121005_755,2023,0
2023121006_1062,2023,0
2023121006_1162,2023,0
2023121006_1218,2023,0
2023121006_127,2023,0
2023121006_1270,2023,0
2023121006_1756,2023,0
2023121006_1912,2023,0
2023121006_2085,2023,0
2023121006_2113,2023,0
2023121006_2184,2023,0
2023121006_2207,2023,0
2023121006_2232,2023,0
2023121006_2296,2023,0
2023121006_2413,2023,0
2023121006_248,2023,0
2023121006_2608,2023,0
2023121006_2811,2023,0
2023121006_2901,2023,0
2023121006_2931,2023,0
2023121006_3161,2023,0
2023121006_3233,2023,0
2023121006_3258,2023,0
2023121006_3485,2023,0
2023121006_3839,2023,0
2023121006_555,2023,0
2023121006_751,2023,0
2023121007_109,2023,0
2023121007_1150,2023,0
2023121007_1277,2023,0
2023121007_1367,2023,0
2023121007_1399,2023,0
2023121007_1442,2023,0
2023121007_1496,2023,0
2023121007_1633,2023,0
2023121007_1761,2023,0
2023121007_1786,2023,0
2023121007_1816,2023,0
2023121007_1944,2023,0
2023121007_2029,2023,0
2023121007_2198,2023,0
2023121007_228,2023,0
2023121007_2321,2023,0
2023121007_2390,2023,0
2023121007_253,2023,0
2023121007_2539,2023,0
2023121007_2564,2023,0
2023121007_2611,2023,0
2023121007_2732,2023,0
2023121007_2885,2023,0
2023121007_2983,2023,0
2023121007_3008,2023,0
2023121007_3240,2023,0
2023121007_3318,2023,0
2023121007_3341,2023,0
2023121007_3442,2023,0
2023121007_3504,2023,0
2023121007_3552,2023,0
2023121007_3622,2023,0
2023121007_3707,2023,0
2023121007_3732,2023,0
2023121007_3760,2023,0
2023121007_3895,2023,0
2023121007_401,2023,0
2023121007_485,2023,0
2023121007_62,2023,0
2023121007_626,2023,0
2023121007_651,2023,0
2023121007_837,2023,0
2023121008_1046,2023,0
2023121008_1071,2023,0
2023121008_1134,2023,0
2023121008_1237,2023,0
2023121008_1279,2023,0
2023121008_1358,2023,0
2023121008_1383,2023,0
2023121008_1442,2023,0
2023121008_1467,2023,0
2023121008_1517,2023,0
2023121008_1642,2023,0
2023121008_1738,2023,0
2023121008_174,2023,0
2023121008_1770,2023,0
2023121008_1954,2023,0
2023121008_1977,2023,0
2023121008_204,2023,0
2023121008_2082,2023,0
2023121008_2107,2023,0
2023121008_2278,2023,0
2023121008_2404,2023,0
2023121008_2436,2023,0
2023121008_2503,2023,0
2023121008_2528,2023,0
2023121008_2655,2023,0
2023121008_2690,2023,0
2023121008_2762,2023,0
2023121008_2829,2023,0
2023121008_2904,2023,0
2023121008_2953,2023,0
2023121008_3027,2023,0
2023121008_3206,2023,0
2023121008_3286,2023,0
2023121008_3356,2023,0
2023121008_3381,2023,0
2023121008_3495,2023,0
2023121008_3520,2023,0
2023121008_356,2023,0
2023121008_3659,2023,0
2023121008_459,2023,0
2023121008_652,2023,0
2023121008_675,2023,0
2023121008_826,2023,0
2023121008_978,2023,0
2023121009_106,2023,0
2023121009_1072,2023,0
2023121009_1272,2023,0
2023121009_1295,2023,0
2023121009_1372,2023,0
2023121009_1478,2023,0
2023121009_153,2023,0
2023121009_1703,2023,0
2023121009_1817,2023,0
2023121009_1877,2023,0
2023121009_1914,2023,0
2023121009_1937,2023,0
2023121009_2031,2023,0
2023121009_2109,2023,0
2023121009_2331,2023,0
2023121009_247,2023,0
2023121009_2502,2023,0
2023121009_2657,2023,0
2023121009_2776,2023,0
2023121009_2830,2023,0
2023121009_2855,2023,0
2023121009_2926,2023,0
2023121009_2973,2023,0
2023121009_299,2023,0
2023121009_3087,2023,0
2023121009_3152,2023,0
2023121009_3175,2023,0
2023121009_3234,2023,0
2023121009_3444,2023,0
2023121009_371,2023,0
2023121009_4208,2023,0
2023121009_4427,2023,0
2023121009_644,2023,0
2023121009_77,2023,0
2023121009_771,2023,0
2023121009_816,2023,0
2023121010_1051,2023,0
2023121010_1104,2023,0
2023121010_1241,2023,0
2023121010_1434,2023,0
2023121010_1459,2023,0
2023121010_1536,2023,0
2023121010_1753,2023,0
2023121010_1783,2023,0
2023121010_1911,2023,0
2023121010_1941,2023,0
2023121010_196,2023,0
2023121010_1966,2023,0
2023121010_1991,2023,0
2023121010_2036,2023,0
2023121010_2456,2023,0
2023121010_2635,2023,0
2023121010_2665,2023,0
2023121010_297,2023,0
2023121010_3062,2023,0
2023121010_3112,2023,0
2023121010_3137,2023,0
2023121010_3160,2023,0
2023121010_322,2023,0
2023121010_3258,2023,0
2023121010_3281,2023,0
2023121010_3334,2023,0
2023121010_3486,2023,0
2023121010_3511,2023,0
2023121010_3773,2023,0
2023121010_390,2023,0
2023121010_4046,2023,0
2023121010_4071,2023,0
2023121010_437,2023,0
2023121010_462,2023,0
2023121010_599,2023,0
2023121010_710,2023,0
2023121010_99,2023,0
2023121011_1035,2023,0
2023121011_1058,2023,0
2023121011_1214,2023,0
2023121011_1403,2023,0
2023121011_1453,2023,0
2023121011_1909,2023,0
2023121011_2044,2023,0
2023121011_2074,2023,0
2023121011_2124,2023,0
2023121011_2228,2023,0
2023121011_239,2023,0
2023121011_2395,2023,0
2023121011_262,2023,0
2023121011_2721,2023,0
2023121011_2744,2023,0
2023121011_2805,2023,0
2023121011_2922,2023,0
2023121011_3091,2023,0
2023121011_3433,2023,0
2023121011_3480,2023,0
2023121011_3595,2023,0
2023121011_3654,2023,0
2023121011_3701,2023,0
2023121011_3780,2023,0
2023121011_3918,2023,0
2023121011_3951,2023,0
2023121011_3976,2023,0
2023121011_4006,2023,0
2023121011_4111,2023,0
2023121011_468,2023,0
2023121011_539,2023,0
2023121011_598,2023,0
2023121011_64,2023,0
2023121011_728,2023,0
2023121011_753,2023,0
2023121011_845,2023,0
2023121100_103,2023,0
2023121100_1068,2023,0
2023121100_1177,2023,0
2023121100_1560,2023,0
2023121100_1785,2023,0
2023121100_1839,2023,0
2023121100_1862,2023,0
2023121100_190,2023,0
2023121100_1911,2023,0
2023121100_1936,2023,0
2023121100_2045,2023,0
2023121100_2100,2023,0
2023121100_2263,2023,0
2023121100_2697,2023,0
2023121100_272,2023,0
2023121100_2734,2023,0
2023121100_2757,2023,0
2023121100_2868,2023,0
2023121100_2915,2023,0
2023121100_297,2023,0
2023121100_3033,2023,0
2023121100_3267,2023,0
2023121100_3341,2023,0
2023121100_3366,2023,0
2023121100_3581,2023,0
2023121100_3680,2023,0
2023121100_3705,2023,0
2023121100_3775,2023,0
2023121100_3798,2023,0
2023121100_4090,2023,0
2023121100_4138,2023,0
2023121100_4269,2023,0
2023121100_4299,2023,0
2023121100_4506,2023,0
2023121100_4722,2023,0
2023121100_474,2023,0
2023121100_4775,2023,0
2023121100_578,2023,0
2023121100_738,2023,0
2023121100_791,2023,0
2023121100_994,2023,0
2023121101_1100,2023,0
2023121101_116,2023,0
2023121101_1237,2023,0
2023121101_1602,2023,0
2023121101_1768,2023,0
2023121101_1833,2023,0
2023121101_2028,2023,0
2023121101_229,2023,0
2023121101_2357,2023,0
2023121101_2528,2023,0
2023121101_2553,2023,0
2023121101_272,2023,0
2023121101_2725,2023,0
2023121101_2804,2023,0
2023121101_2907,2023,0
2023121101_3107,2023,0
2023121101_3201,2023,0
2023121101_3248,2023,0
2023121101_3420,2023,0
2023121101_3499,2023,0
2023121101_3531,2023,0
2023121101_3561,2023,0
2023121101_3586,2023,0
2023121101_3636,2023,0
2023121101_3843,2023,0
2023121101_3950,2023,0
2023121101_4108,2023,0
2023121101_518,2023,0
2023121101_543,2023,0
2023121101_686,2023,0
2023121101_783,2023,0
2023121101_845,2023,0
2023121400_1028,2023,0
2023121400_1093,2023,0
2023121400_1245,2023,0
2023121400_1354,2023,0
2023121400_1480,2023,0
2023121400_1751,2023,0
2023121400_1854,2023,0
2023121400_192,2023,0
2023121400_2007,2023,0
2023121400_2172,2023,0
2023121400_2197,2023,0
2023121400_237,2023,0
2023121400_2420,2023,0
2023121400_2467,2023,0
2023121400_2546,2023,0
2023121400_2571,2023,0
2023121400_260,2023,0
2023121400_2664,2023,0
2023121400_2806,2023,0
2023121400_2860,2023,0
2023121400_2967,2023,0
2023121400_3037,2023,0
2023121400_3115,2023,0
2023121400_3187,2023,0
2023121400_3210,2023,0
2023121400_3235,2023,0
2023121400_3494,2023,0
2023121400_3585,2023,0
2023121400_365,2023,0
2023121400_3655,2023,0
2023121400_3680,2023,0
2023121400_3746,2023,0
2023121400_3771,2023,0
2023121400_390,2023,0
2023121400_4092,2023,0
2023121400_436,2023,0
2023121400_551,2023,0
2023121400_660,2023,0
2023121400_683,2023,0
2023121400_708,2023,0
2023121600_1049,2023,0
2023121600_1148,2023,0
2023121600_1195,2023,0
2023121600_1245,2023,0
2023121600_1280,2023,0
2023121600_130,2023,0
2023121600_1544,2023,0
2023121600_1683,2023,0
2023121600_1713,2023,0
2023121600_177,2023,0
2023121600_1783,2023,0
2023121600_1910,2023,0
2023121600_202,2023,0
2023121600_2136,2023,0
2023121600_2188,2023,0
2023121600_2398,2023,0
2023121600_2428,2023,0
2023121600_2527,2023,0
2023121600_2603,2023,0
2023121600_2628,2023,0
2023121600_266,2023,0
2023121600_2723,2023,0
2023121600_2748,2023,0
2023121600_2773,2023,0
2023121600_2798,2023,0
2023121600_2848,2023,0
2023121600_2893,2023,0
2023121600_2972,2023,0
2023121600_3028,2023,0
2023121600_3079,2023,0
2023121600_3138,2023,0
2023121600_3220,2023,0
2023121600_3245,2023,0
2023121600_3400,2023,0
2023121600_3508,2023,0
2023121600_3639,2023,0
2023121600_3664,2023,0
2023121600_3689,2023,0
2023121600_3741,2023,0
2023121600_3821,2023,0
2023121600_4168,2023,0
2023121600_4264,2023,0
2023121600_4362,2023,0
2023121600_4385,2023,0
2023121600_439,2023,0
2023121600_508,2023,0
2023121600_599,2023,0
2023121600_690,2023,0
2023121600_821,2023,0
2023121600_962,2023,0
2023121601_1056,2023,0
2023121601_1378,2023,0
2023121601_1525,2023,0
2023121601_155,2023,0
2023121601_180,2023,0
2023121601_1884,2023,0
2023121601_1954,2023,0
2023121601_1979,2023,0
2023121601_2028,2023,0
2023121601_2181,2023,0
2023121601_2204,2023,0
2023121601_2227,2023,0
2023121601_2310,2023,0
2023121601_2335,2023,0
2023121601_240,2023,0
2023121601_2585,2023,0
2023121601_2708,2023,0
2023121601_2733,2023,0
2023121601_2756,2023,0
2023121601_2940,2023,0
2023121601_2987,2023,0
2023121601_3537,2023,0
2023121601_354,2023,0
2023121601_3562,2023,0
2023121601_3650,2023,0
2023121601_3680,2023,0
2023121601_3710,2023,0
2023121601_3907,2023,0
2023121601_400,2023,0
2023121601_454,2023,0
2023121601_524,2023,0
2023121601_571,2023,0
2023121602_1089,2023,0
2023121602_1114,2023,0
2023121602_1139,2023,0
2023121602_1378,2023,0
2023121602_138,2023,0
2023121602_1502,2023,0
2023121602_1628,2023,0
2023121602_1718,2023,0
2023121602_1743,2023,0
2023121602_1766,2023,0
2023121602_1948,2023,0
2023121602_205,2023,0
2023121602_2187,2023,0
2023121602_2467,2023,0
2023121602_2678,2023,0
2023121602_2774,2023,0
2023121602_2826,2023,0
2023121602_2856,2023,0
2023121602_2904,2023,0
2023121602_3301,2023,0
2023121602_3542,2023,0
2023121602_3574,2023,0
2023121602_3602,2023,0
2023121602_587,2023,0
2023121602_612,2023,0
2023121602_664,2023,0
2023121602_90,2023,0
2023121602_903,2023,0
2023121602_995,2023,0
2023121700_1036,2023,0
2023121700_108,2023,0
2023121700_1088,2023,0
2023121700_1113,2023,0
2023121700_1341,2023,0
2023121700_1466,2023,0
2023121700_1566,2023,0
2023121700_1598,2023,0
2023121700_1623,2023,0
2023121700_1648,2023,0
2023121700_1741,2023,0
2023121700_182,2023,0
2023121700_1954,2023,0
2023121700_2039,2023,0
2023121700_2109,2023,0
2023121700_2182,2023,0
2023121700_2268,2023,0
2023121700_2293,2023,0
2023121700_2318,2023,0
2023121700_2382,2023,0
2023121700_2443,2023,0
2023121700_2468,2023,0
2023121700_2498,2023,0
2023121700_2523,2023,0
2023121700_2553,2023,0
2023121700_2618,2023,0
2023121700_2663,2023,0
2023121700_2789,2023,0
2023121700_2910,2023,0
2023121700_2985,2023,0
2023121700_3128,2023,0
2023121700_317,2023,0
2023121700_3261,2023,0
2023121700_3330,2023,0
2023121700_3430,2023,0
2023121700_3455,2023,0
2023121700_3502,2023,0
2023121700_3527,2023,0
2023121700_3575,2023,0
2023121700_3598,2023,0
2023121700_56,2023,0
2023121700_781,2023,0
2023121700_806,2023,0
2023121700_878,2023,0
2023121700_962,2023,0
2023121701_1300,2023,0
2023121701_1387,2023,0
2023121701_1453,2023,0
2023121701_1624,2023,0
2023121701_1742,2023,0
2023121701_1936,2023,0
2023121701_1991,2023,0
2023121701_2172,2023,0
2023121701_2195,2023,0
2023121701_2333,2023,0
2023121701_2538,2023,0
2023121701_2585,2023,0
2023121701_2639,2023,0
2023121701_2686,2023,0
2023121701_2745,2023,0
2023121701_2831,2023,0
2023121701_2888,2023,0
2023121701_2913,2023,0
2023121701_299,2023,0
2023121701_3148,2023,0
2023121701_3198,2023,0
2023121701_3221,2023,0
2023121701_3304,2023,0
2023121701_3563,2023,0
2023121701_3588,2023,0
2023121701_3613,2023,0
2023121701_3638,2023,0
2023121701_3732,2023,0
2023121701_545,2023,0
2023121701_737,2023,0
2023121701_904,2023,0
2023121702_1020,2023,0
2023121702_1101,2023,0
2023121702_1209,2023,0
2023121702_1378,2023,0
2023121702_1432,2023,0
2023121702_1574,2023,0
2023121702_1638,2023,0
2023121702_1730,2023,0
2023121702_178,2023,0
2023121702_1836,2023,0
2023121702_1871,2023,0
2023121702_1901,2023,0
2023121702_2010,2023,0
2023121702_2066,2023,0
2023121702_2113,2023,0
2023121702_2267,2023,0
2023121702_2317,2023,0
2023121702_2542,2023,0
2023121702_3191,2023,0
2023121702_3333,2023,0
2023121702_334,2023,0
2023121702_3358,2023,0
2023121702_3383,2023,0
2023121702_3563,2023,0
2023121702_3588,2023,0
2023121702_3643,2023,0
2023121702_3666,2023,0
2023121702_3719,2023,0
2023121702_3747,2023,0
2023121702_3809,2023,0
2023121702_382,2023,0
2023121702_3834,2023,0
2023121702_557,2023,0
2023121702_582,2023,0
2023121702_704,2023,0
2023121702_780,2023,0
2023121702_886,2023,0
2023121702_949,2023,0
2023121703_1053,2023,0
2023121703_1184,2023,0
2023121703_1390,2023,0
2023121703_150,2023,0
2023121703_1788,2023,0
2023121703_1948,2023,0
2023121703_1973,2023,0
2023121703_2030,2023,0
2023121703_2102,2023,0
2023121703_2216,2023,0
2023121703_2410,2023,0
2023121703_2562,2023,0
2023121703_263,2023,0
2023121703_2752,2023,0
2023121703_2780,2023,0
2023121703_3034,2023,0
2023121703_310,2023,0
2023121703_3228,2023,0
2023121703_3251,2023,0
2023121703_3301,2023,0
2023121703_3326,2023,0
2023121703_338,2023,0
2023121703_3571,2023,0
2023121703_3643,2023,0
2023121703_3680,2023,0
2023121703_3801,2023,0
2023121703_3824,2023,0
2023121703_3878,2023,0
2023121703_3983,2023,0
2023121703_4160,2023,0
2023121703_4227,2023,0
2023121703_4421,2023,0
2023121703_534,2023,0
2023121703_55,2023,0
2023121703_564,2023,0
2023121703_652,2023,0
2023121703_756,2023,0
2023121703_803,2023,0
2023121704_1010,2023,0
2023121704_1055,2023,0
2023121704_123,2023,0
2023121704_1351,2023,0
2023121704_1508,2023,0
2023121704_153,2023,0
2023121704_1547,2023,0
2023121704_1666,2023,0
2023121704_1784,2023,0
2023121704_1944,2023,0
2023121704_1969,2023,0
2023121704_2170,2023,0
2023121704_2193,2023,0
2023121704_2218,2023,0
2023121704_2282,2023,0
2023121704_2537,2023,0
2023121704_2562,2023,0
2023121704_2643,2023,0
2023121704_2668,2023,0
2023121704_2835,2023,0
2023121704_3108,2023,0
2023121704_3138,2023,0
2023121704_317,2023,0
2023121704_3188,2023,0
2023121704_3213,2023,0
2023121704_3429,2023,0
2023121704_3520,2023,0
2023121704_3602,2023,0
2023121704_3663,2023,0
2023121704_3800,2023,0
2023121704_386,2023,0
2023121704_3877,2023,0
2023121704_3907,2023,0
2023121704_3930,2023,0
2023121704_3955,2023,0
2023121704_3980,2023,0
2023121704_4012,2023,0
2023121704_4042,2023,0
2023121704_409,2023,0
2023121704_488,2023,0
2023121704_697,2023,0
2023121704_942,2023,0
2023121705_1027,2023,0
2023121705_1074,2023,0
2023121705_1311,2023,0
2023121705_1407,2023,0
2023121705_1547,2023,0
2023121705_1675,2023,0
2023121705_1737,2023,0
2023121705_174,2023,0
2023121705_1796,2023,0
2023121705_221,2023,0
2023121705_2253,2023,0
2023121705_2378,2023,0
2023121705_2445,2023,0
2023121705_2470,2023,0
2023121705_2573,2023,0
2023121705_2622,2023,0
2023121705_2704,2023,0
2023121705_273,2023,0
2023121705_2734,2023,0
2023121705_2779,2023,0
2023121705_2843,2023,0
2023121705_2868,2023,0
2023121705_3117,2023,0
2023121705_3172,2023,0
2023121705_3217,2023,0
2023121705_3372,2023,0
2023121705_3627,2023,0
2023121705_3652,2023,0
2023121705_3677,2023,0
2023121705_3702,2023,0
2023121705_3843,2023,0
2023121705_4048,2023,0
2023121705_4196,2023,0
2023121705_462,2023,0
2023121705_492,2023,0
2023121705_751,2023,0
2023121705_853,2023,0
2023121705_903,2023,0
2023121706_1056,2023,0
2023121706_1327,2023,0
2023121706_1352,2023,0
2023121706_1931,2023,0
2023121706_1979,2023,0
2023121706_2118,2023,0
2023121706_2187,2023,0
2023121706_2362,2023,0
2023121706_3027,2023,0
2023121706_3057,2023,0
2023121706_3121,2023,0
2023121706_3160,2023,0
2023121706_3212,2023,0
2023121706_3345,2023,0
2023121706_3377,2023,0
2023121706_3402,2023,0
2023121706_3427,2023,0
2023121706_3452,2023,0
2023121706_3524,2023,0
2023121706_3547,2023,0
2023121706_3584,2023,0
2023121706_3629,2023,0
2023121706_433,2023,0
2023121706_489,2023,0
2023121706_690,2023,0
2023121706_783,2023,0
2023121706_81,2023,0
2023121708_1049,2023,0
2023121708_1103,2023,0
2023121708_1155,2023,0
2023121708_119,2023,0
2023121708_1449,2023,0
2023121708_1479,2023,0
2023121708_1584,2023,0
2023121708_1609,2023,0
2023121708_1692,2023,0
2023121708_1771,2023,0
2023121708_1842,2023,0
2023121708_1924,2023,0
2023121708_2238,2023,0
2023121708_2342,2023,0
2023121708_2419,2023,0
2023121708_2621,2023,0
2023121708_263,2023,0
2023121708_2716,2023,0
2023121708_288,2023,0
2023121708_2892,2023,0
2023121708_3037,2023,0
2023121708_3062,2023,0
2023121708_313,2023,0
2023121708_3175,2023,0
2023121708_3436,2023,0
2023121708_3559,2023,0
2023121708_3657,2023,0
2023121708_3707,2023,0
2023121708_3753,2023,0
2023121708_3805,2023,0
2023121708_3855,2023,0
2023121708_3878,2023,0
2023121708_3913,2023,0
2023121708_3972,2023,0
2023121708_439,2023,0
2023121708_590,2023,0
2023121708_649,2023,0
2023121708_889,2023,0
2023121708_96,2023,0
2023121709_1201,2023,0
2023121709_1233,2023,0
2023121709_1263,2023,0
2023121709_1320,2023,0
2023121709_1440,2023,0
2023121709_1489,2023,0
2023121709_1669,2023,0
2023121709_175,2023,0
2023121709_1777,2023,0
2023121709_2093,2023,0
2023121709_2118,2023,0
2023121709_2202,2023,0
2023121709_2225,2023,0
2023121709_2282,2023,0
2023121709_2616,2023,0
2023121709_2686,2023,0
2023121709_2997,2023,0
2023121709_3020,2023,0
2023121709_3072,2023,0
2023121709_3281,2023,0
2023121709_468,2023,0
2023121709_534,2023,0
2023121709_594,2023,0
2023121709_84,2023,0
2023121710_1084,2023,0
2023121710_1244,2023,0
2023121710_149,2023,0
2023121710_1549,2023,0
2023121710_1574,2023,0
2023121710_1599,2023,0
2023121710_1622,2023,0
2023121710_1657,2023,0
2023121710_1755,2023,0
2023121710_1892,2023,0
2023121710_2001,2023,0
2023121710_2067,2023,0
2023121710_2190,2023,0
2023121710_2225,2023,0
2023121710_2250,2023,0
2023121710_2623,2023,0
2023121710_2756,2023,0
2023121710_2856,2023,0
2023121710_2908,2023,0
2023121710_2970,2023,0
2023121710_300,2023,0
2023121710_3061,2023,0
2023121710_3275,2023,0
2023121710_3298,2023,0
2023121710_3373,2023,0
2023121710_3504,2023,0
2023121710_3622,2023,0
2023121710_3647,2023,0
2023121710_3710,2023,0
2023121710_3733,2023,0
2023121710_374,2023,0
2023121710_3930,2023,0
2023121710_4179,2023,0
2023121710_4262,2023,0
2023121710_4297,2023,0
2023121710_4399,2023,0
2023121710_4450,2023,0
2023121710_4514,2023,0
2023121710_4562,2023,0
2023121710_4748,2023,0
2023121710_584,2023,0
2023121710_721,2023,0
2023121710_935,2023,0
2023121711_100,2023,0
2023121711_1089,2023,0
2023121711_1150,2023,0
2023121711_1378,2023,0
2023121711_168,2023,0
2023121711_1717,2023,0
2023121711_1986,2023,0
2023121711_2151,2023,0
2023121711_2228,2023,0
2023121711_2276,2023,0
2023121711_2349,2023,0
2023121711_2381,2023,0
2023121711_2411,2023,0
2023121711_2504,2023,0
2023121711_2635,2023,0
2023121711_2743,2023,0
2023121711_2875,2023,0
2023121711_2984,2023,0
2023121711_3087,2023,0
2023121711_3110,2023,0
2023121711_3226,2023,0
2023121711_3403,2023,0
2023121711_3448,2023,0
2023121711_3626,2023,0
2023121711_3883,2023,0
2023121711_400,2023,0
2023121711_450,2023,0
2023121711_743,2023,0
2023121711_844,2023,0
2023121801_1095,2023,0
2023121801_1208,2023,0
2023121801_129,2023,0
2023121801_1469,2023,0
2023121801_1543,2023,0
2023121801_1566,2023,0
2023121801_1732,2023,0
2023121801_1814,2023,0
2023121801_1863,2023,0
2023121801_1999,2023,0
2023121801_209,2023,0
2023121801_2196,2023,0
2023121801_2295,2023,0
2023121801_2386,2023,0
2023121801_2416,2023,0
2023121801_2546,2023,0
2023121801_2596,2023,0
2023121801_2621,2023,0
2023121801_2733,2023,0
2023121801_3072,2023,0
2023121801_3097,2023,0
2023121801_3350,2023,0
2023121801_3397,2023,0
2023121801_3422,2023,0
2023121801_3737,2023,0
2023121801_3785,2023,0
2023121801_3893,2023,0
2023121801_4106,2023,0
2023121801_483,2023,0
2023121801_651,2023,0
2023121801_723,2023,0
2023121801_748,2023,0
2023121801_773,2023,0
2023121801_977,2023,0
2023122100_103,2023,0
2023122100_1185,2023,0
2023122100_1210,2023,0
2023122100_1402,2023,0
2023122100_1450,2023,0
2023122100_1497,2023,0
2023122100_1571,2023,0
2023122100_161,2023,0
2023122100_1630,2023,0
2023122100_1688,2023,0
2023122100_1713,2023,0
2023122100_1789,2023,0
2023122100_1814,2023,0
2023122100_1839,2023,0
2023122100_1945,2023,0
2023122100_1982,2023,0
2023122100_208,2023,0
2023122100_2100,2023,0
2023122100_2182,2023,0
2023122100_2292,2023,0
2023122100_2555,2023,0
2023122100_2578,2023,0
2023122100_2762,2023,0
2023122100_2816,2023,0
2023122100_2868,2023,0
2023122100_2891,2023,0
2023122100_2926,2023,0
2023122100_300,2023,0
2023122100_3013,2023,0
2023122100_3168,2023,0
2023122100_3191,2023,0
2023122100_3266,2023,0
2023122100_3321,2023,0
2023122100_3346,2023,0
2023122100_3445,2023,0
2023122100_3470,2023,0
2023122100_3532,2023,0
2023122100_3852,2023,0
2023122100_467,2023,0
2023122100_773,2023,0
2023122100_78,2023,0
2023122100_820,2023,0
2023122100_910,2023,0
2023122100_978,2023,0
2023122300_1158,2023,0
2023122300_1230,2023,0
2023122300_127,2023,0
2023122300_1407,2023,0
2023122300_1462,2023,0
2023122300_1487,2023,0
2023122300_1512,2023,0
2023122300_157,2023,0
2023122300_1726,2023,0
2023122300_1790,2023,0
2023122300_1813,2023,0
2023122300_1838,2023,0
2023122300_1919,2023,0
2023122300_1949,2023,0
2023122300_1972,2023,0
2023122300_2143,2023,0
2023122300_2238,2023,0
2023122300_2439,2023,0
2023122300_2464,2023,0
2023122300_2489,2023,0
2023122300_2525,2023,0
2023122300_254,2023,0
2023122300_2557,2023,0
2023122300_2580,2023,0
2023122300_2605,2023,0
2023122300_2779,2023,0
2023122300_2804,2023,0
2023122300_2839,2023,0
2023122300_2960,2023,0
2023122300_2990,2023,0
2023122300_3025,2023,0
2023122300_3097,2023,0
2023122300_333,2023,0
2023122300_3443,2023,0
2023122300_358,2023,0
2023122300_3752,2023,0
2023122300_405,2023,0
2023122300_430,2023,0
2023122300_509,2023,0
2023122300_601,2023,0
2023122300_717,2023,0
2023122301_1049,2023,0
2023122301_1234,2023,0
2023122301_1259,2023,0
2023122301_1330,2023,0
2023122301_1409,2023,0
2023122301_1716,2023,0
2023122301_1797,2023,0
2023122301_182,2023,0
2023122301_2027,2023,0
2023122301_2113,2023,0
2023122301_2221,2023,0
2023122301_225,2023,0
2023122301_2374,2023,0
2023122301_2399,2023,0
2023122301_2536,2023,0
2023122301_2615,2023,0
2023122301_2803,2023,0
2023122301_2899,2023,0
2023122301_294,2023,0
2023122301_3021,2023,0
2023122301_3289,2023,0
2023122301_3312,2023,0
2023122301_3394,2023,0
2023122301_3419,2023,0
2023122301_3547,2023,0
2023122301_3668,2023,0
2023122301_3715,2023,0
2023122301_3762,2023,0
2023122301_3785,2023,0
2023122301_4088,2023,0
2023122301_423,2023,0
2023122301_446,2023,0
2023122301_700,2023,0
2023122301_969,2023,0
2023122402_1054,2023,0
2023122402_1310,2023,0
2023122402_1367,2023,0
2023122402_150,2023,0
2023122402_1532,2023,0
2023122402_1557,2023,0
2023122402_1587,2023,0
2023122402_1612,2023,0
2023122402_1686,2023,0
2023122402_175,2023,0
2023122402_1770,2023,0
2023122402_1817,2023,0
2023122402_1842,2023,0
2023122402_2018,2023,0
2023122402_2043,2023,0
2023122402_2066,2023,0
2023122402_2091,2023,0
2023122402_2148,2023,0
2023122402_2326,2023,0
2023122402_2378,2023,0
2023122402_2568,2023,0
2023122402_2735,2023,0
2023122402_2896,2023,0
2023122402_3081,2023,0
2023122402_3106,2023,0
2023122402_3222,2023,0
2023122402_3288,2023,0
2023122402_3318,2023,0
2023122402_3341,2023,0
2023122402_3388,2023,0
2023122402_3487,2023,0
2023122402_3510,2023,0
2023122402_3564,2023,0
2023122402_3658,2023,0
2023122402_3934,2023,0
2023122402_4155,2023,0
2023122402_4180,2023,0
2023122402_428,2023,0
2023122402_453,2023,0
2023122402_476,2023,0
2023122402_847,2023,0
2023122403_1123,2023,0
2023122403_1146,2023,0
2023122403_1323,2023,0
2023122403_1566,2023,0
2023122403_1734,2023,0
2023122403_1781,2023,0
2023122403_1828,2023,0
2023122403_1860,2023,0
2023122403_1890,2023,0
2023122403_1977,2023,0
2023122403_2171,2023,0
2023122403_2194,2023,0
2023122403_2339,2023,0
2023122403_2414,2023,0
2023122403_2830,2023,0
2023122403_3154,2023,0
2023122403_3403,2023,0
2023122403_3428,2023,0
2023122403_3534,2023,0
2023122403_3783,2023,0
2023122403_3873,2023,0
2023122403_3898,2023,0
2023122403_394,2023,0
2023122403_3941,2023,0
2023122403_4065,2023,0
2023122403_4186,2023,0
2023122403_4371,2023,0
2023122403_661,2023,0
2023122403_815,2023,0
2023122404_1101,2023,0
2023122404_1230,2023,0
2023122404_1347,2023,0
2023122404_1503,2023,0
2023122404_1783,2023,0
2023122404_1808,2023,0
2023122404_1855,2023,0
2023122404_2042,2023,0
2023122404_2069,2023,0
2023122404_2144,2023,0
2023122404_2176,2023,0
2023122404_2235,2023,0
2023122404_2260,2023,0
2023122404_2313,2023,0
2023122404_2433,2023,0
2023122404_2513,2023,0
2023122404_2545,2023,0
2023122404_2570,2023,0
2023122404_2644,2023,0
2023122404_2691,2023,0
2023122404_2738,2023,0
2023122404_2830,2023,0
2023122404_2884,2023,0
2023122404_3050,2023,0
2023122404_3100,2023,0
2023122404_3137,2023,0
2023122404_3271,2023,0
2023122404_3319,2023,0
2023122404_3460,2023,0
2023122404_3702,2023,0
2023122404_3732,2023,0
2023122404_3755,2023,0
2023122404_3780,2023,0
2023122404_3805,2023,0
2023122404_3862,2023,0
2023122404_4043,2023,0
2023122404_4066,2023,0
2023122404_4094,2023,0
2023122404_4124,2023,0
2023122404_4149,2023,0
2023122404_433,2023,0
2023122404_4536,2023,0
2023122404_4559,2023,0
2023122404_4582,2023,0
2023122404_4614,2023,0
2023122404_4662,2023,0
2023122404_4687,2023,0
2023122404_4720,2023,0
2023122404_492,2023,0
2023122404_561,2023,0
2023122404_68,2023,0
2023122404_691,2023,0
2023122404_716,2023,0
2023122404_778,2023,0
2023122404_868,2023,0
2023122405_1048,2023,0
2023122405_1122,2023,0
2023122405_1216,2023,0
2023122405_124,2023,0
2023122405_1270,2023,0
2023122405_1339,2023,0
2023122405_1421,2023,0
2023122405_1540,2023,0
2023122405_176,2023,0
2023122405_1835,2023,0
2023122405_1865,2023,0
2023122405_2045,2023,0
2023122405_2070,2023,0
2023122405_2211,2023,0
2023122405_2268,2023,0
2023122405_2293,2023,0
2023122405_2323,2023,0
2023122405_2413,2023,0
2023122405_2460,2023,0
2023122405_2634,2023,0
2023122405_2757,2023,0
2023122405_2989,2023,0
2023122405_3034,2023,0
2023122405_3093,2023,0
2023122405_3225,2023,0
2023122405_3327,2023,0
2023122405_3375,2023,0
2023122405_3493,2023,0
2023122405_3529,2023,0
2023122405_3561,2023,0
2023122405_3615,2023,0
2023122405_3696,2023,0
2023122405_3743,2023,0
2023122405_4272,2023,0
2023122405_4357,2023,0
2023122405_4435,2023,0
2023122405_505,2023,0
2023122405_535,2023,0
2023122405_55,2023,0
2023122405_582,2023,0
2023122405_770,2023,0
2023122405_795,2023,0
2023122405_924,2023,0
2023122405_976,2023,0
2023122406_106,2023,0
2023122406_1173,2023,0
2023122406_1198,2023,0
2023122406_1349,2023,0
2023122406_1372,2023,0
2023122406_1395,2023,0
2023122406_161,2023,0
2023122406_1755,2023,0
2023122406_186,2023,0
2023122406_1865,2023,0
2023122406_2153,2023,0
2023122406_2178,2023,0
2023122406_2417,2023,0
2023122406_2505,2023,0
2023122406_2866,2023,0
2023122406_2945,2023,0
2023122406_3147,2023,0
2023122406_3228,2023,0
2023122406_3352,2023,0
2023122406_3609,2023,0
2023122406_3634,2023,0
2023122406_3735,2023,0
2023122406_3855,2023,0
2023122406_3880,2023,0
2023122406_4092,2023,0
2023122406_4432,2023,0
2023122406_4527,2023,0
2023122406_4609,2023,0
2023122406_4632,2023,0
2023122406_4799,2023,0
2023122406_4824,2023,0
2023122406_4881,2023,0
2023122406_608,2023,0
2023122406_790,2023,0
2023122406_923,2023,0
2023122406_948,2023,0
2023122407_1026,2023,0
2023122407_1171,2023,0
2023122407_1225,2023,0
2023122407_1325,2023,0
2023122407_1478,2023,0
2023122407_1790,2023,0
2023122407_1813,2023,0
2023122407_1838,2023,0
2023122407_1861,2023,0
2023122407_1958,2023,0
2023122407_2032,2023,0
2023122407_206,2023,0
2023122407_2286,2023,0
2023122407_2338,2023,0
2023122407_2570,2023,0
2023122407_2698,2023,0
2023122407_2867,2023,0
2023122407_294,2023,0
2023122407_3006,2023,0
2023122407_3222,2023,0
2023122407_3468,2023,0
2023122407_3845,2023,0
2023122407_3927,2023,0
2023122407_3952,2023,0
2023122407_3982,2023,0
2023122407_406,2023,0
2023122407_4178,2023,0
2023122407_4233,2023,0
2023122407_4283,2023,0
2023122407_614,2023,0
2023122407_661,2023,0
2023122407_693,2023,0
2023122408_100,2023,0
2023122408_1019,2023,0
2023122408_1100,2023,0
2023122408_1174,2023,0
2023122408_1220,2023,0
2023122408_1252,2023,0
2023122408_1428,2023,0
2023122408_1526,2023,0
2023122408_1551,2023,0
2023122408_1610,2023,0
2023122408_1640,2023,0
2023122408_1670,2023,0
2023122408_1724,2023,0
2023122408_1747,2023,0
2023122408_1777,2023,0
2023122408_1802,2023,0
2023122408_1896,2023,0
2023122408_2073,2023,0
2023122408_2150,2023,0
2023122408_2173,2023,0
2023122408_2289,2023,0
2023122408_2462,2023,0
2023122408_2536,2023,0
2023122408_2605,2023,0
2023122408_2774,2023,0
2023122408_2882,2023,0
2023122408_2907,2023,0
2023122408_2957,2023,0
2023122408_2982,2023,0
2023122408_3139,2023,0
2023122408_3190,2023,0
2023122408_3215,2023,0
2023122408_327,2023,0
2023122408_3352,2023,0
2023122408_3400,2023,0
2023122408_3466,2023,0
2023122408_3491,2023,0
2023122408_3516,2023,0
2023122408_3541,2023,0
2023122408_3571,2023,0
2023122408_3596,2023,0
2023122408_3864,2023,0
2023122408_3919,2023,0
2023122408_4169,2023,0
2023122408_4245,2023,0
2023122408_474,2023,0
2023122408_509,2023,0
2023122408_565,2023,0
2023122408_588,2023,0
2023122408_644,2023,0
2023122408_669,2023,0
2023122408_837,2023,0
2023122408_946,2023,0
2023122409_1148,2023,0
2023122409_1171,2023,0
2023122409_1223,2023,0
2023122409_1319,2023,0
2023122409_1457,2023,0
2023122409_148,2023,0
2023122409_1504,2023,0
2023122409_1554,2023,0
2023122409_1769,2023,0
2023122409_1862,2023,0
2023122409_1887,2023,0
2023122409_2066,2023,0
2023122409_2091,2023,0
2023122409_2168,2023,0
2023122409_2405,2023,0
2023122409_2615,2023,0
2023122409_2650,2023,0
2023122409_2757,2023,0
2023122409_2832,2023,0
2023122409_286,2023,0
2023122409_2923,2023,0
2023122409_2993,2023,0
2023122409_3081,2023,0
2023122409_3104,2023,0
2023122409_3430,2023,0
2023122409_3487,2023,0
2023122409_3583,2023,0
2023122409_360,2023,0
2023122409_3713,2023,0
2023122409_3782,2023,0
2023122409_3807,2023,0
2023122409_3852,2023,0
2023122409_3877,2023,0
2023122409_3900,2023,0
2023122409_3923,2023,0
2023122409_4181,2023,0
2023122409_4229,2023,0
2023122409_589,2023,0
2023122409_671,2023,0
2023122409_810,2023,0
2023122409_84,2023,0
2023122410_1056,2023,0
2023122410_112,2023,0
2023122410_1452,2023,0
2023122410_1477,2023,0
2023122410_1709,2023,0
2023122410_1734,2023,0
2023122410_1757,2023,0
2023122410_1811,2023,0
2023122410_1836,2023,0
2023122410_1861,2023,0
2023122410_203,2023,0
2023122410_2213,2023,0
2023122410_2236,2023,0
2023122410_2278,2023,0
2023122410_2332,2023,0
2023122410_2428,2023,0
2023122410_2453,2023,0
2023122410_2568,2023,0
2023122410_2636,2023,0
2023122410_2661,2023,0
2023122410_2691,2023,0
2023122410_2744,2023,0
2023122410_2823,2023,0
2023122410_2904,2023,0
2023122410_2929,2023,0
2023122410_295,2023,0
2023122410_3092,2023,0
2023122410_3227,2023,0
2023122410_3415,2023,0
2023122410_3569,2023,0
2023122410_3738,2023,0
2023122410_3761,2023,0
2023122410_3893,2023,0
2023122410_3922,2023,0
2023122410_3945,2023,0
2023122410_504,2023,0
2023122410_55,2023,0
2023122410_551,2023,0
2023122410_655,2023,0
2023122410_820,2023,0
2023122410_884,2023,0
2023122410_932,2023,0
2023122411_1116,2023,0
2023122411_1192,2023,0
2023122411_1310,2023,0
2023122411_1364,2023,0
2023122411_1630,2023,0
2023122411_1662,2023,0
2023122411_1691,2023,0
2023122411_1804,2023,0
2023122411_1829,2023,0
2023122411_1866,2023,0
2023122411_2025,2023,0
2023122411_2070,2023,0
2023122411_2124,2023,0
2023122411_2176,2023,0
2023122411_2240,2023,0
2023122411_2287,2023,0
2023122411_2368,2023,0
2023122411_2713,2023,0
2023122411_3067,2023,0
2023122411_3099,2023,0
2023122411_3192,2023,0
2023122411_3305,2023,0
2023122411_3330,2023,0
2023122411_3491,2023,0
2023122411_3568,2023,0
2023122411_3636,2023,0
2023122411_3669,2023,0
2023122411_3789,2023,0
2023122411_3872,2023,0
2023122411_4183,2023,0
2023122411_548,2023,0
2023122411_622,2023,0
2023122411_738,2023,0
2023122411_860,2023,0
2023122500_1047,2023,0
2023122500_1086,2023,0
2023122500_1109,2023,0
2023122500_1290,2023,0
2023122500_1340,2023,0
2023122500_1516,2023,0
2023122500_1642,2023,0
2023122500_1818,2023,0
2023122500_1959,2023,0
2023122500_1991,2023,0
2023122500_2016,2023,0
2023122500_2094,2023,0
2023122500_2463,2023,0
2023122500_2657,2023,0
2023122500_2850,2023,0
2023122500_2875,2023,0
2023122500_3118,2023,0
2023122500_3163,2023,0
2023122500_3210,2023,0
2023122500_3235,2023,0
2023122500_3379,2023,0
2023122500_3851,2023,0
2023122500_3920,2023,0
2023122500_3950,2023,0
2023122500_4009,2023,0
2023122500_470,2023,0
2023122500_495,2023,0
2023122500_572,2023,0
2023122500_602,2023,0
2023122500_722,2023,0
2023122500_771,2023,0
2023122500_997,2023,0
2023122501_1214,2023,0
2023122501_1570,2023,0
2023122501_1619,2023,0
2023122501_1863,2023,0
2023122501_1888,2023,0
2023122501_1911,2023,0
2023122501_2151,2023,0
2023122501_2439,2023,0
2023122501_2686,2023,0
2023122501_2755,2023,0
2023122501_2882,2023,0
2023122501_2973,2023,0
2023122501_3050,2023,0
2023122501_311,2023,0
2023122501_3115,2023,0
2023122501_3206,2023,0
2023122501_3275,2023,0
2023122501_336,2023,0
2023122501_3364,2023,0
2023122501_3436,2023,0
2023122501_3618,2023,0
2023122501_4391,2023,0
2023122502_1040,2023,0
2023122502_1113,2023,0
2023122502_1267,2023,0
2023122502_1315,2023,0
2023122502_1363,2023,0
2023122502_1386,2023,0
2023122502_1506,2023,0
2023122502_1531,2023,0
2023122502_157,2023,0
2023122502_1602,2023,0
2023122502_1625,2023,0
2023122502_1779,2023,0
2023122502_1933,2023,0
2023122502_2044,2023,0
2023122502_2104,2023,0
2023122502_2174,2023,0
2023122502_2210,2023,0
2023122502_2366,2023,0
2023122502_241,2023,0
2023122502_2490,2023,0
2023122502_2640,2023,0
2023122502_2718,2023,0
2023122502_274,2023,0
2023122502_2741,2023,0
2023122502_2766,2023,0
2023122502_2818,2023,0
2023122502_2956,2023,0
2023122502_2981,2023,0
2023122502_3188,2023,0
2023122502_330,2023,0
2023122502_3574,2023,0
2023122502_3610,2023,0
2023122502_3656,2023,0
2023122502_3711,2023,0
2023122502_3764,2023,0
2023122502_3823,2023,0
2023122502_3848,2023,0
2023122502_3871,2023,0
2023122502_4055,2023,0
2023122502_4085,2023,0
2023122502_4190,2023,0
2023122502_4213,2023,0
2023122502_4238,2023,0
2023122502_4263,2023,0
2023122502_4419,2023,0
2023122502_485,2023,0
2023122502_515,2023,0
2023122502_685,2023,0
2023122502_751,2023,0
2023122502_91,2023,0
2023122800_1094,2023,0
2023122800_1141,2023,0
2023122800_1279,2023,0
2023122800_1342,2023,0
2023122800_138,2023,0
2023122800_1421,2023,0
2023122800_1555,2023,0
2023122800_1602,2023,0
2023122800_1801,2023,0
2023122800_1998,2023,0
2023122800_209,2023,0
2023122800_2129,2023,0
2023122800_2154,2023,0
2023122800_2179,2023,0
2023122800_234,2023,0
2023122800_2849,2023,0
2023122800_2906,2023,0
2023122800_2931,2023,0
2023122800_3024,2023,0
2023122800_3049,2023,0
2023122800_3114,2023,0
2023122800_3144,2023,0
2023122800_3391,2023,0
2023122800_3776,2023,0
2023122800_3832,2023,0
2023122800_3958,2023,0
2023122800_4097,2023,0
2023122800_4122,2023,0
2023122800_4343,2023,0
2023122800_4368,2023,0
2023122800_4415,2023,0
2023122800_4440,2023,0
2023122800_4463,2023,0
2023122800_4495,2023,0
2023122800_4520,2023,0
2023122800_4545,2023,0
2023122800_4570,2023,0
2023122800_4628,2023,0
2023122800_501,2023,0
2023122800_613,2023,0
2023122800_752,2023,0
2023122800_932,2023,0
2023123000_1032,2023,0
2023123000_1089,2023,0
2023123000_1303,2023,0
2023123000_1471,2023,0
2023123000_1549,2023,0
2023123000_1603,2023,0
2023123000_1633,2023,0
2023123000_1731,2023,0
2023123000_1813,2023,0
2023123000_1916,2023,0
2023123000_2048,2023,0
2023123000_2339,2023,0
2023123000_2408,2023,0
2023123000_2687,2023,0
2023123000_2712,2023,0
2023123000_2876,2023,0
2023123000_2926,2023,0
2023123000_2951,2023,0
2023123000_3041,2023,0
2023123000_3171,2023,0
2023123000_3304,2023,0
2023123000_356,2023,0
2023123000_3661,2023,0
2023123000_3870,2023,0
2023123000_3895,2023,0
2023123000_3943,2023,0
2023123000_4062,2023,0
2023123000_428,2023,0
2023123000_458,2023,0
2023123000_481,2023,0
2023123000_78,2023,0
2023123000_820,2023,0
2023123000_916,2023,0
2023123000_941,2023,0
2023123101_1038,2023,0
2023123101_106,2023,0
2023123101_1132,2023,0
2023123101_135,2023,0
2023123101_1486,2023,0
2023123101_1556,2023,0
2023123101_1654,2023,0
2023123101_1724,2023,0
2023123101_1830,2023,0
2023123101_1855,2023,0
2023123101_2040,2023,0
2023123101_2065,2023,0
2023123101_2090,2023,0
2023123101_2126,2023,0
2023123101_2149,2023,0
2023123101_237,2023,0
2023123101_2568,2023,0
2023123101_2672,2023,0
2023123101_2785,2023,0
2023123101_2822,2023,0
2023123101_2946,2023,0
2023123101_308,2023,0
2023123101_3102,2023,0
2023123101_3150,2023,0
2023123101_3173,2023,0
2023123101_3380,2023,0
2023123101_3984,2023,0
2023123101_428,2023,0
2023123101_475,2023,0
2023123101_576,2023,0
2023123101_796,2023,0
2023123101_903,2023,0
2023123101_968,2023,0
2023123102_1388,2023,0
2023123102_1465,2023,0
2023123102_1579,2023,0
2023123102_1625,2023,0
2023123102_1821,2023,0
2023123102_1940,2023,0
2023123102_201,2023,0
2023123102_2024,2023,0
2023123102_2089,2023,0
2023123102_2155,2023,0
2023123102_2185,2023,0
2023123102_2255,2023,0
2023123102_2374,2023,0
2023123102_2759,2023,0
2023123102_2806,2023,0
2023123102_2962,2023,0
2023123102_3037,2023,0
2023123102_3340,2023,0
2023123102_3542,2023,0
2023123102_3589,2023,0
2023123102_3880,2023,0
2023123102_3927,2023,0
2023123102_610,2023,0
2023123102_668,2023,0
2023123102_853,2023,0
2023123103_1109,2023,0
2023123103_1202,2023,0
2023123103_1319,2023,0
2023123103_1371,2023,0
2023123103_1655,2023,0
2023123103_167,2023,0
2023123103_1858,2023,0
2023123103_2258,2023,0
2023123103_2315,2023,0
2023123103_2367,2023,0
2023123103_2528,2023,0
2023123103_2813,2023,0
2023123103_2843,2023,0
2023123103_3195,2023,0
2023123103_326,2023,0
2023123103_3262,2023,0
2023123103_3285,2023,0
2023123103_3321,2023,0
2023123103_3346,2023,0
2023123103_3540,2023,0
2023123103_3589,2023,0
2023123103_3619,2023,0
2023123103_3906,2023,0
2023123103_3929,2023,0
2023123103_4093,2023,0
2023123103_4118,2023,0
2023123103_4143,2023,0
2023123103_55,2023,0
2023123103_599,2023,0
2023123103_910,2023,0
2023123104_1023,2023,0
2023123104_103,2023,0
2023123104_1073,2023,0
2023123104_1229,2023,0
2023123104_1290,2023,0
2023123104_1341,2023,0
2023123104_1404,2023,0
2023123104_1682,2023,0
2023123104_1769,2023,0
2023123104_1801,2023,0
2023123104_184,2023,0
2023123104_1878,2023,0
2023123104_1964,2023,0
2023123104_2011,2023,0
2023123104_2036,2023,0
2023123104_2083,2023,0
2023123104_209,2023,0
2023123104_2131,2023,0
2023123104_2192,2023,0
2023123104_2403,2023,0
2023123104_2452,2023,0
2023123104_2475,2023,0
2023123104_2500,2023,0
2023123104_2657,2023,0
2023123104_2767,2023,0
2023123104_281,2023,0
2023123104_2834,2023,0
2023123104_2925,2023,0
2023123104_2968,2023,0
2023123104_3052,2023,0
2023123104_3077,2023,0
2023123104_613,2023,0
2023123104_638,2023,0
2023123104_683,2023,0
2023123104_755,2023,0
2023123104_80,2023,0
2023123104_862,2023,0
2023123104_907,2023,0
2023123105_100,2023,0
2023123105_1124,2023,0
2023123105_1182,2023,0
2023123105_1207,2023,0
2023123105_1232,2023,0
2023123105_1384,2023,0
2023123105_1453,2023,0
2023123105_1604,2023,0
2023123105_1629,2023,0
2023123105_1767,2023,0
2023123105_1819,2023,0
2023123105_1842,2023,0
2023123105_2051,2023,0
2023123105_2224,2023,0
2023123105_2252,2023,0
2023123105_235,2023,0
2023123105_2402,2023,0
2023123105_2537,2023,0
2023123105_2562,2023,0
2023123105_2636,2023,0
2023123105_2672,2023,0
2023123105_2988,2023,0
2023123105_3013,2023,0
2023123105_3043,2023,0
2023123105_317,2023,0
2023123105_3318,2023,0
2023123105_3366,2023,0
2023123105_3389,2023,0
2023123105_3412,2023,0
2023123105_3441,2023,0
2023123105_3471,2023,0
2023123105_3501,2023,0
2023123105_3889,2023,0
2023123105_3936,2023,0
2023123105_3961,2023,0
2023123105_3991,2023,0
2023123105_4023,2023,0
2023123105_4052,2023,0
2023123105_716,2023,0
2023123105_789,2023,0
2023123105_892,2023,0
2023123105_922,2023,0
2023123105_947,2023,0
2023123106_1015,2023,0
2023123106_1210,2023,0
2023123106_134,2023,0
2023123106_1478,2023,0
2023123106_1536,2023,0
2023123106_1699,2023,0
2023123106_1811,2023,0
2023123106_1841,2023,0
2023123106_186,2023,0
2023123106_1871,2023,0
2023123106_2187,2023,0
2023123106_2290,2023,0
2023123106_233,2023,0
2023123106_2370,2023,0
2023123106_2476,2023,0
2023123106_2647,2023,0
2023123106_2743,2023,0
2023123106_2773,2023,0
2023123106_2798,2023,0
2023123106_2872,2023,0
2023123106_2897,2023,0
2023123106_2984,2023,0
2023123106_3128,2023,0
2023123106_3151,2023,0
2023123106_3174,2023,0
2023123106_329,2023,0
2023123106_3418,2023,0
2023123106_3443,2023,0
2023123106_3468,2023,0
2023123106_3493,2023,0
2023123106_415,2023,0
2023123106_487,2023,0
2023123106_921,2023,0
2023123106_983,2023,0
2023123107_1011,2023,0
2023123107_1041,2023,0
2023123107_111,2023,0
2023123107_1207,2023,0
2023123107_1318,2023,0
2023123107_1343,2023,0
2023123107_141,2023,0
2023123107_1417,2023,0
2023123107_1464,2023,0
2023123107_1514,2023,0
2023123107_1618,2023,0
2023123107_1668,2023,0
2023123107_1929,2023,0
2023123107_1997,2023,0
2023123107_2219,2023,0
2023123107_2244,2023,0
2023123107_2400,2023,0
2023123107_2514,2023,0
2023123107_2605,2023,0
2023123107_262,2023,0
2023123107_2909,2023,0
2023123107_2956,2023,0
2023123107_3023,2023,0
2023123107_3112,2023,0
2023123107_3213,2023,0
2023123107_3241,2023,0
2023123107_3330,2023,0
2023123107_3448,2023,0
2023123107_346,2023,0
2023123107_3509,2023,0
2023123107_3544,2023,0
2023123107_3589,2023,0
2023123107_3612,2023,0
2023123107_3773,2023,0
2023123107_3887,2023,0
2023123107_3912,2023,0
2023123107_443,2023,0
2023123107_500,2023,0
2023123107_562,2023,0
2023123107_587,2023,0
2023123107_643,2023,0
2023123107_823,2023,0
2023123107_86,2023,0
2023123107_933,2023,0
2023123108_100,2023,0
2023123108_1218,2023,0
2023123108_151,2023,0
2023123108_1626,2023,0
2023123108_1649,2023,0
2023123108_1674,2023,0
2023123108_1702,2023,0
2023123108_1734,2023,0
2023123108_1764,2023,0
2023123108_1789,2023,0
2023123108_1915,2023,0
2023123108_1938,2023,0
2023123108_2117,2023,0
2023123108_225,2023,0
2023123108_2307,2023,0
2023123108_2428,2023,0
2023123108_2508,2023,0
2023123108_2545,2023,0
2023123108_278,2023,0
2023123108_2828,2023,0
2023123108_3813,2023,0
2023123108_3843,2023,0
2023123108_522,2023,0
2023123108_599,2023,0
2023123108_898,2023,0
2023123108_944,2023,0
2023123108_991,2023,0
2023123109_1086,2023,0
2023123109_1234,2023,0
2023123109_1314,2023,0
2023123109_1369,2023,0
2023123109_1428,2023,0
2023123109_1451,2023,0
2023123109_1520,2023,0
2023123109_1616,2023,0
2023123109_1639,2023,0
2023123109_1740,2023,0
2023123109_1828,2023,0
2023123109_1853,2023,0
2023123109_1970,2023,0
2023123109_209,2023,0
2023123109_2097,2023,0
2023123109_2144,2023,0
2023123109_2235,2023,0
2023123109_2282,2023,0
2023123109_2678,2023,0
2023123109_2728,2023,0
2023123109_278,2023,0
2023123109_2977,2023,0
2023123109_3087,2023,0
2023123109_3168,2023,0
2023123109_3210,2023,0
2023123109_3240,2023,0
2023123109_3364,2023,0
2023123109_3389,2023,0
2023123109_3453,2023,0
2023123109_3741,2023,0
2023123109_3883,2023,0
2023123109_3920,2023,0
2023123109_460,2023,0
2023123109_562,2023,0
2023123109_62,2023,0
2023123109_631,2023,0
2023123109_766,2023,0
2023123110_1039,2023,0
2023123110_1108,2023,0
2023123110_121,2023,0
2023123110_1244,2023,0
2023123110_1457,2023,0
2023123110_1487,2023,0
2023123110_168,2023,0
2023123110_1812,2023,0
2023123110_1877,2023,0
2023123110_1928,2023,0
2023123110_2019,2023,0
2023123110_2251,2023,0
2023123110_2357,2023,0
2023123110_249,2023,0
2023123110_2678,2023,0
2023123110_2870,2023,0
2023123110_2893,2023,0
2023123110_2957,2023,0
2023123110_2986,2023,0
2023123110_3098,2023,0
2023123110_3145,2023,0
2023123110_3214,2023,0
2023123110_3239,2023,0
2023123110_3507,2023,0
2023123110_3530,2023,0
2023123110_387,2023,0
2023123110_559,2023,0
2023123110_606,2023,0
2023123110_631,2023,0
2023123110_815,2023,0
2023123110_914,2023,0
2023123111_1215,2023,0
2023123111_1405,2023,0
2023123111_1518,2023,0
2023123111_156,2023,0
2023123111_1668,2023,0
2023123111_1802,2023,0
2023123111_1837,2023,0
2023123111_1909,2023,0
2023123111_1934,2023,0
2023123111_204,2023,0
2023123111_2157,2023,0
2023123111_2182,2023,0
2023123111_2307,2023,0
2023123111_2403,2023,0
2023123111_2552,2023,0
2023123111_2701,2023,0
2023123111_2886,2023,0
2023123111_3134,2023,0
2023123111_321,2023,0
2023123111_3525,2023,0
2023123111_3550,2023,0
2023123111_3575,2023,0
2023123111_364,2023,0
2023123111_3651,2023,0
2023123111_3676,2023,0
2023123111_3704,2023,0
2023123111_679,2023,0
2023123111_787,2023,0
2023123111_810,2023,0
2023123111_835,2023,0
2023123111_902,2023,0
2023123112_1046,2023,0
2023123112_1170,2023,0
2023123112_1291,2023,0
2023123112_1314,2023,0
2023123112_1402,2023,0
2023123112_1454,2023,0
2023123112_1573,2023,0
2023123112_1658,2023,0
2023123112_1683,2023,0
2023123112_1819,2023,0
2023123112_186,2023,0
2023123112_1864,2023,0
2023123112_1937,2023,0
2023123112_1972,2023,0
2023123112_2169,2023,0
2023123112_2194,2023,0
2023123112_2276,2023,0
2023123112_2313,2023,0
2023123112_2432,2023,0
2023123112_2506,2023,0
2023123112_253,2023,0
2023123112_2653,2023,0
2023123112_2706,2023,0
2023123112_2867,2023,0
2023123112_288,2023,0
2023123112_3077,2023,0
2023123112_3445,2023,0
2023123112_3544,2023,0
2023123112_3574,2023,0
2023123112_3866,2023,0
2023123112_4073,2023,0
2023123112_4107,2023,0
2023123112_4132,2023,0
2023123112_4155,2023,0
2023123112_4266,2023,0
2023123112_630,2023,0
2023123112_779,2023,0
2023123112_849,2023,0
2023123112_946,2023,0
2023123112_979,2023,0
2023123113_1020,2023,0
2023123113_1170,2023,0
2023123113_1405,2023,0
2023123113_1460,2023,0
2023123113_1512,2023,0
2023123113_1724,2023,0
2023123113_1749,2023,0
2023123113_188,2023,0
2023123113_2138,2023,0
2023123113_2161,2023,0
2023123113_2208,2023,0
2023123113_240,2023,0
2023123113_2407,2023,0
2023123113_2437,2023,0
2023123113_2532,2023,0
2023123113_2555,2023,0
2023123113_2602,2023,0
2023123113_2625,2023,0
2023123113_2741,2023,0
2023123113_2849,2023,0
2023123113_2885,2023,0
2023123113_2974,2023,0
2023123113_3066,2023,0
2023123113_3089,2023,0
2023123113_328,2023,0
2023123113_3427,2023,0
2023123113_3526,2023,0
2023123113_3658,2023,0
2023123113_3724,2023,0
2023123113_3824,2023,0
2023123113_3903,2023,0
2023123113_3933,2023,0
2023123113_398,2023,0
2023123113_55,2023,0
2023123113_742,2023,0
2023123113_855,2023,0
2023123113_909,2023,0
2023123114_107,2023,0
2023123114_1139,2023,0
2023123114_1174,2023,0
2023123114_1249,2023,0
2023123114_1382,2023,0
2023123114_1412,2023,0
2023123114_1437,2023,0
2023123114_1634,2023,0
2023123114_1734,2023,0
2023123114_1878,2023,0
2023123114_1927,2023,0
2023123114_1987,2023,0
2023123114_2340,2023,0
2023123114_2368,2023,0
2023123114_240,2023,0
2023123114_2400,2023,0
2023123114_2445,2023,0
2023123114_2567,2023,0
2023123114_2592,2023,0
2023123114_2644,2023,0
2023123114_2735,2023,0
2023123114_2922,2023,0
2023123114_3021,2023,0
2023123114_309,2023,0
2023123114_3161,2023,0
2023123114_3186,2023,0
2023123114_3285,2023,0
2023123114_334,2023,0
2023123114_3359,2023,0
2023123114_3439,2023,0
2023123114_3464,2023,0
2023123114_3487,2023,0
2023123114_3545,2023,0
2023123114_3570,2023,0
2023123114_3618,2023,0
2023123114_364,2023,0
2023123114_3648,2023,0
2023123114_3685,2023,0
2023123114_3710,2023,0
2023123114_3733,2023,0
2023123114_3756,2023,0
2023123114_417,2023,0
2023123114_602,2023,0
2023123114_62,2023,0
2023123114_629,2023,0
2023123114_654,2023,0
2023123114_815,2023,0
2024010600_106,2023,0
2024010600_1089,2023,0
2024010600_1137,2023,0
2024010600_1189,2023,0
2024010600_1371,2023,0
2024010600_1467,2023,0
2024010600_1571,2023,0
2024010600_1679,2023,0
2024010600_1709,2023,0
2024010600_1810,2023,0
2024010600_1989,2023,0
2024010600_2451,2023,0
2024010600_2498,2023,0
2024010600_250,2023,0
2024010600_2571,2023,0
2024010600_275,2023,0
2024010600_2756,2023,0
2024010600_2875,2023,0
2024010600_2922,2023,0
2024010600_3120,2023,0
2024010600_3506,2023,0
2024010600_3536,2023,0
2024010600_3565,2023,0
2024010600_3617,2023,0
2024010600_3691,2023,0
2024010600_448,2023,0
2024010600_495,2023,0
2024010600_682,2023,0
2024010600_705,2023,0
2024010600_77,2023,0
2024010600_783,2023,0
2024010601_112,2023,0
2024010601_1255,2023,0
2024010601_1280,2023,0
2024010601_1305,2023,0
2024010601_1418,2023,0
2024010601_1555,2023,0
2024010601_167,2023,0
2024010601_1950,2023,0
2024010601_2237,2023,0
2024010601_2437,2023,0
2024010601_2866,2023,0
2024010601_2950,2023,0
2024010601_2997,2023,0
2024010601_302,2023,0
2024010601_3207,2023,0
2024010601_3282,2023,0
2024010601_3349,2023,0
2024010601_3374,2023,0
2024010601_3432,2023,0
2024010601_3576,2023,0
2024010601_3744,2023,0
2024010601_403,2023,0
2024010601_474,2023,0
2024010601_641,2023,0
2024010601_782,2023,0
2024010601_875,2023,0
2024010601_898,2023,0
2024010601_991,2023,0
2024010700_1320,2023,0
2024010700_1345,2023,0
2024010700_1448,2023,0
2024010700_1495,2023,0
2024010700_1981,2023,0
2024010700_2110,2023,0
2024010700_212,2023,0
2024010700_2140,2023,0
2024010700_2165,2023,0
2024010700_2202,2023,0
2024010700_2340,2023,0
2024010700_247,2023,0
2024010700_2608,2023,0
2024010700_2724,2023,0
2024010700_2793,2023,0
2024010700_2816,2023,0
2024010700_2873,2023,0
2024010700_2929,2023,0
2024010700_3222,2023,0
2024010700_3434,2023,0
2024010700_3770,2023,0
2024010700_4124,2023,0
2024010700_4183,2023,0
2024010700_4208,2023,0
2024010700_476,2023,0
2024010700_603,2023,0
2024010700_689,2023,0
2024010700_814,2023,0
2024010700_846,2023,0
2024010700_85,2023,0
2024010700_869,2023,0
2024010700_916,2023,0
2024010701_1000,2023,0
2024010701_1078,2023,0
2024010701_1280,2023,0
2024010701_1354,2023,0
2024010701_1397,2023,0
2024010701_1548,2023,0
2024010701_1678,2023,0
2024010701_1925,2023,0
2024010701_1955,2023,0
2024010701_2023,2023,0
2024010701_206,2023,0
2024010701_233,2023,0
2024010701_2357,2023,0
2024010701_2476,2023,0
2024010701_2533,2023,0
2024010701_2667,2023,0
2024010701_275,2023,0
2024010701_2876,2023,0
2024010701_2921,2023,0
2024010701_3033,2023,0
2024010701_3112,2023,0
2024010701_3177,2023,0
2024010701_3256,2023,0
2024010701_3282,2023,0
2024010701_3440,2023,0
2024010701_3588,2023,0
2024010701_3611,2023,0
2024010701_3636,2023,0
2024010701_420,2023,0
2024010701_711,2023,0
2024010701_765,2023,0
2024010702_1011,2023,0
2024010702_1213,2023,0
2024010702_1260,2023,0
2024010702_1327,2023,0
2024010702_1350,2023,0
2024010702_1679,2023,0
2024010702_1832,2023,0
2024010702_1942,2023,0
2024010702_1967,2023,0
2024010702_1999,2023,0
2024010702_2027,2023,0
2024010702_204,2023,0
2024010702_2052,2023,0
2024010702_2102,2023,0
2024010702_2159,2023,0
2024010702_2184,2023,0
2024010702_2389,2023,0
2024010702_2462,2023,0
2024010702_2623,2023,0
2024010702_2646,2023,0
2024010702_2703,2023,0
2024010702_2873,2023,0
2024010702_2956,2023,0
2024010702_3058,2023,0
2024010702_3083,2023,0
2024010702_3185,2023,0
2024010702_3242,2023,0
2024010702_3294,2023,0
2024010702_3408,2023,0
2024010702_3534,2023,0
2024010702_372,2023,0
2024010702_3732,2023,0
2024010702_3960,2023,0
2024010702_623,2023,0
2024010702_648,2023,0
2024010702_673,2023,0
2024010702_767,2023,0
2024010702_77,2023,0
2024010702_945,2023,0
2024010703_1052,2023,0
2024010703_1110,2023,0
2024010703_1186,2023,0
2024010703_1395,2023,0
2024010703_1442,2023,0
2024010703_147,2023,0
2024010703_1549,2023,0
2024010703_1609,2023,0
2024010703_1684,2023,0
2024010703_1735,2023,0
2024010703_1862,2023,0
2024010703_1958,2023,0
2024010703_1988,2023,0
2024010703_2013,2023,0
2024010703_2063,2023,0
2024010703_2093,2023,0
2024010703_2236,2023,0
2024010703_2333,2023,0
2024010703_2356,2023,0
2024010703_2381,2023,0
2024010703_2415,2023,0
2024010703_2460,2023,0
2024010703_2515,2023,0
2024010703_2856,2023,0
2024010703_2897,2023,0
2024010703_3132,2023,0
2024010703_3213,2023,0
2024010703_3238,2023,0
2024010703_3383,2023,0
2024010703_341,2023,0
2024010703_3454,2023,0
2024010703_3664,2023,0
2024010703_3733,2023,0
2024010703_3778,2023,0
2024010703_3868,2023,0
2024010703_3893,2023,0
2024010703_3916,2023,0
2024010703_4084,2023,0
2024010703_4109,2023,0
2024010703_544,2023,0
2024010703_624,2023,0
2024010703_654,2023,0
2024010703_937,2023,0
2024010704_1079,2023,0
2024010704_1104,2023,0
2024010704_149,2023,0
2024010704_1678,2023,0
2024010704_1711,2023,0
2024010704_2427,2023,0
2024010704_2481,2023,0
2024010704_2504,2023,0
2024010704_2821,2023,0
2024010704_3009,2023,0
2024010704_3081,2023,0
2024010704_3155,2023,0
2024010704_3185,2023,0
2024010704_3374,2023,0
2024010704_3564,2023,0
2024010704_3632,2023,0
2024010704_3768,2023,0
2024010704_3793,2023,0
2024010704_3838,2023,0
2024010704_3870,2023,0
2024010704_710,2023,0
2024010704_808,2023,0
2024010704_833,2023,0
2024010705_1042,2023,0
2024010705_1115,2023,0
2024010705_1215,2023,0
2024010705_130,2023,0
2024010705_1385,2023,0
2024010705_153,2023,0
2024010705_1561,2023,0
2024010705_1596,2023,0
2024010705_1683,2023,0
2024010705_1715,2023,0
2024010705_1816,2023,0
2024010705_1859,2023,0
2024010705_1884,2023,0
2024010705_1973,2023,0
2024010705_200,2023,0
2024010705_2027,2023,0
2024010705_223,2023,0
2024010705_2346,2023,0
2024010705_2440,2023,0
2024010705_2587,2023,0
2024010705_2612,2023,0
2024010705_2874,2023,0
2024010705_2975,2023,0
2024010705_3000,2023,0
2024010705_3130,2023,0
2024010705_3199,2023,0
2024010705_328,2023,0
2024010705_3462,2023,0
2024010705_418,2023,0
2024010705_494,2023,0
2024010705_519,2023,0
2024010705_55,2023,0
2024010705_560,2023,0
2024010705_789,2023,0
2024010705_80,2023,0
2024010705_812,2023,0
2024010705_995,2023,0
2024010706_1261,2023,0
2024010706_1356,2023,0
2024010706_1381,2023,0
2024010706_1406,2023,0
2024010706_1438,2023,0
2024010706_1461,2023,0
2024010706_1486,2023,0
2024010706_1516,2023,0
2024010706_1629,2023,0
2024010706_1713,2023,0
2024010706_178,2023,0
2024010706_2062,2023,0
2024010706_2141,2023,0
2024010706_2285,2023,0
2024010706_2310,2023,0
2024010706_2375,2023,0
2024010706_2420,2023,0
2024010706_2504,2023,0
2024010706_2586,2023,0
2024010706_2992,2023,0
2024010706_3086,2023,0
2024010706_3147,2023,0
2024010706_338,2023,0
2024010706_408,2023,0
2024010706_455,2023,0
2024010706_524,2023,0
2024010706_588,2023,0
2024010706_625,2023,0
2024010706_783,2023,0
2024010706_84,2023,0
2024010706_902,2023,0
2024010706_956,2023,0
2024010707_1098,2023,0
2024010707_1153,2023,0
2024010707_1205,2023,0
2024010707_1240,2023,0
2024010707_1336,2023,0
2024010707_1361,2023,0
2024010707_1544,2023,0
2024010707_155,2023,0
2024010707_1584,2023,0
2024010707_1773,2023,0
2024010707_185,2023,0
2024010707_1996,2023,0
2024010707_2026,2023,0
2024010707_2051,2023,0
2024010707_2081,2023,0
2024010707_2106,2023,0
2024010707_215,2023,0
2024010707_2271,2023,0
2024010707_2323,2023,0
2024010707_2464,2023,0
2024010707_2536,2023,0
2024010707_2737,2023,0
2024010707_287,2023,0
2024010707_2908,2023,0
2024010707_2933,2023,0
2024010707_2985,2023,0
2024010707_3010,2023,0
2024010707_3155,2023,0
2024010707_3236,2023,0
2024010707_3283,2023,0
2024010707_3313,2023,0
2024010707_341,2023,0
2024010707_3597,2023,0
2024010707_3622,2023,0
2024010707_3669,2023,0
2024010707_371,2023,0
2024010707_690,2023,0
2024010707_800,2023,0
2024010708_1019,2023,0
2024010708_1085,2023,0
2024010708_110,2023,0
2024010708_1154,2023,0
2024010708_1179,2023,0
2024010708_1479,2023,0
2024010708_1717,2023,0
2024010708_1765,2023,0
2024010708_1893,2023,0
2024010708_1925,2023,0
2024010708_1950,2023,0
2024010708_197,2023,0
2024010708_1998,2023,0
2024010708_2028,2023,0
2024010708_2053,2023,0
2024010708_2326,2023,0
2024010708_2499,2023,0
2024010708_2684,2023,0
2024010708_2756,2023,0
2024010708_2785,2023,0
2024010708_292,2023,0
2024010708_2951,2023,0
2024010708_2996,2023,0
2024010708_3055,2023,0
2024010708_3126,2023,0
2024010708_317,2023,0
2024010708_3324,2023,0
2024010708_340,2023,0
2024010708_3418,2023,0
2024010708_3687,2023,0
2024010708_3717,2023,0
2024010708_3765,2023,0
2024010708_3797,2023,0
2024010708_440,2023,0
2024010708_603,2023,0
2024010708_63,2023,0
2024010708_782,2023,0
2024010708_835,2023,0
2024010708_902,2023,0
2024010708_949,2023,0
2024010709_100,2023,0
2024010709_1168,2023,0
2024010709_1236,2023,0
2024010709_1334,2023,0
2024010709_1418,2023,0
2024010709_143,2023,0
2024010709_1592,2023,0
2024010709_1729,2023,0
2024010709_1752,2023,0
2024010709_1877,2023,0
2024010709_1944,2023,0
2024010709_1970,2023,0
2024010709_2000,2023,0
2024010709_2027,2023,0
2024010709_2075,2023,0
2024010709_2156,2023,0
2024010709_2255,2023,0
2024010709_242,2023,0
2024010709_2603,2023,0
2024010709_2704,2023,0
2024010709_2729,2023,0
2024010709_3149,2023,0
2024010709_3245,2023,0
2024010709_3443,2023,0
2024010709_3466,2023,0
2024010709_3516,2023,0
2024010709_3573,2023,0
2024010709_3598,2023,0
2024010709_3621,2023,0
2024010709_3646,2023,0
2024010709_3719,2023,0
2024010709_3789,2023,0
2024010709_412,2023,0
2024010709_4262,2023,0
2024010709_437,2023,0
2024010709_507,2023,0
2024010709_701,2023,0
2024010709_726,2023,0
2024010709_804,2023,0
2024010710_1319,2023,0
2024010710_1342,2023,0
2024010710_1370,2023,0
2024010710_1507,2023,0
2024010710_1532,2023,0
2024010710_1596,2023,0
2024010710_1674,2023,0
2024010710_1733,2023,0
2024010710_1765,2023,0
2024010710_1800,2023,0
2024010710_201,2023,0
2024010710_2182,2023,0
2024010710_2342,2023,0
2024010710_2387,2023,0
2024010710_248,2023,0
2024010710_2653,2023,0
2024010710_2678,2023,0
2024010710_2749,2023,0
2024010710_2772,2023,0
2024010710_2817,2023,0
2024010710_2981,2023,0
2024010710_3357,2023,0
2024010710_3653,2023,0
2024010710_3688,2023,0
2024010710_401,2023,0
2024010710_431,2023,0
2024010710_544,2023,0
2024010710_55,2023,0
2024010710_569,2023,0
2024010710_725,2023,0
2024010710_841,2023,0
2024010710_85,2023,0
2024010710_908,2023,0
2024010711_1041,2023,0
2024010711_1089,2023,0
2024010711_1191,2023,0
2024010711_124,2023,0
2024010711_1245,2023,0
2024010711_1275,2023,0
2024010711_1468,2023,0
2024010711_1537,2023,0
2024010711_1562,2023,0
2024010711_167,2023,0
2024010711_1742,2023,0
2024010711_1821,2023,0
2024010711_1874,2023,0
2024010711_1919,2023,0
2024010711_1997,2023,0
2024010711_2020,2023,0
2024010711_2580,2023,0
2024010711_2697,2023,0
2024010711_2852,2023,0
2024010711_2875,2023,0
2024010711_2905,2023,0
2024010711_3088,2023,0
2024010711_315,2023,0
2024010711_3182,2023,0
2024010711_3302,2023,0
2024010711_3447,2023,0
2024010711_347,2023,0
2024010711_3507,2023,0
2024010711_3554,2023,0
2024010711_3579,2023,0
2024010711_372,2023,0
2024010711_397,2023,0
2024010711_55,2023,0
2024010711_559,2023,0
2024010711_606,2023,0
2024010711_629,2023,0
2024010711_790,2023,0
2024010712_1271,2023,0
2024010712_1318,2023,0
2024010712_1407,2023,0
2024010712_1487,2023,0
2024010712_1534,2023,0
2024010712_1589,2023,0
2024010712_1824,2023,0
2024010712_185,2023,0
2024010712_1890,2023,0
2024010712_2140,2023,0
2024010712_2256,2023,0
2024010712_2281,2023,0
2024010712_2480,2023,0
2024010712_273,2023,0
2024010712_2874,2023,0
2024010712_3068,2023,0
2024010712_3093,2023,0
2024010712_3210,2023,0
2024010712_3300,2023,0
2024010712_345,2023,0
2024010712_3629,2023,0
2024010712_3654,2023,0
2024010712_3679,2023,0
2024010712_3704,2023,0
2024010712_3785,2023,0
2024010712_3808,2023,0
2024010712_3833,2023,0
2024010712_3858,2023,0
2024010712_3883,2023,0
2024010712_402,2023,0
2024010712_471,2023,0
2024010712_763,2023,0
2024010712_834,2023,0
2024010712_857,2023,0
2024010712_920,2023,0
2024010713_1037,2023,0
2024010713_133,2023,0
2024010713_1533,2023,0
2024010713_158,2023,0
2024010713_1722,2023,0
2024010713_1786,2023,0
2024010713_1864,2023,0
2024010713_1918,2023,0
2024010713_1943,2023,0
2024010713_195,2023,0
2024010713_1973,2023,0
2024010713_2085,2023,0
2024010713_2298,2023,0
2024010713_2395,2023,0
2024010713_266,2023,0
2024010713_2727,2023,0
2024010713_2774,2023,0
2024010713_2827,2023,0
2024010713_2905,2023,0
2024010713_291,2023,0
2024010713_3026,2023,0
2024010713_3227,2023,0
2024010713_3326,2023,0
2024010713_345,2023,0
2024010713_3467,2023,0
2024010713_3490,2023,0
2024010713_3515,2023,0
2024010713_3570,2023,0
2024010713_3836,2023,0
2024010713_3906,2023,0
2024010713_3995,2023,0
2024010713_55,2023,0
2024010713_574,2023,0
2024010713_599,2023,0
2024010713_746,2023,0
2024010713_965,2023,0
